<?xml version="1.0" encoding="UTF-8"?>
<kml xmlns="http://www.opengis.net/kml/2.2">
<Document>
  <name>Chhindwara District Boundary</name>
  <description>Boundary of Chhindwara District, Madhya Pradesh converted from Chhindwara.geojson</description>
  <open>1</open>
  <Style id="districtBoundaryStyle">
    <LineStyle>
      <color>ff0000ff</color>
      <width>2.5</width>
    </LineStyle>
    <PolyStyle>
      <color>3300aaff</color>
      <fill>1</fill>
      <outline>1</outline>
    </PolyStyle>
  </Style>
  <Placemark>
    <name>Chhindwara</name>
    <description><![CDATA[<b>District:</b> Chhindwara<br/><b>STATE:</b> Madhya Pradesh<br/><b>State_LGD:</b> 23<br/><b>DISTRICT_L:</b> 399<br/><b>Shape_Leng:</b> 814856.774768<br/><b>Shape_Area:</b> 11368092974.3]]></description>
    <styleUrl>#districtBoundaryStyle</styleUrl>
    <ExtendedData>
      <Data name="District"><value>Chhindwara</value></Data>
      <Data name="STATE"><value>Madhya Pradesh</value></Data>
      <Data name="State_LGD"><value>23</value></Data>
      <Data name="DISTRICT_L"><value>399</value></Data>
      <Data name="Shape_Leng"><value>814856.774768</value></Data>
      <Data name="Shape_Area"><value>11368092974.3</value></Data>
    </ExtendedData>
    <Polygon>
      <outerBoundaryIs>
        <LinearRing>
          <coordinates>79.23066108352997,22.814699121670188,0 79.23086070258779,22.814685491151188,0 79.23157189872228,22.81482950235003,0 79.2321273046568,22.81505034346002,0 79.23262418499851,22.815072555323148,0 79.23219999236319,22.814562706870277,0 79.23193640419571,22.813799815104232,0 79.2316779607585,22.813361976936175,0 79.23163881678062,22.81312726095253,0 79.2312535314534,22.812454816106914,0 79.23122360907101,22.811615023676122,0 79.23110577566442,22.810423056231695,0 79.23114431993723,22.809881291937415,0 79.2312462737975,22.80948385474836,0 79.23175735500413,22.808995948074223,0 79.2324290032025,22.808444581528107,0 79.23335860704123,22.807735129943158,0 79.2339523571371,22.8071702892623,0 79.23444855350856,22.80652429730254,0 79.23478453411215,22.806474425591155,0 79.23589006148683,22.806518840101965,0 79.23605568724032,22.80647354229481,0 79.2363669401081,22.805981210113597,0 79.23649836643384,22.805890806489757,0 79.23686366578447,22.80592210436561,0 79.23738967904113,22.805966913348172,0 79.23767195734995,22.80582671648827,0 79.2379833599063,22.805460801657592,0 79.23856725910069,22.804859892711637,0 79.23891184291001,22.803450923649425,0 79.24055297199341,22.80333685105792,0 79.24046858453407,22.801485797462654,0 79.24014666462043,22.800844908016533,0 79.23992259751583,22.800745726874993,0 79.23957177636535,22.800515717392372,0 79.23918179431088,22.800154763896465,0 79.23891858924618,22.79978468355628,0 79.23883552406377,22.79945067683403,0 79.2388493837409,22.798588272509065,0 79.23923842805692,22.79798298016782,0 79.23931117738229,22.79758106512319,0 79.23865762719738,22.796335417548995,0 79.2378616755616,22.793762335292804,0 79.23805025446808,22.79219550918707,0 79.23824965272588,22.791838702247567,0 79.23900887551515,22.791354962882373,0 79.23932025453676,22.79102062914542,0 79.2399816769235,22.789986245142774,0 79.24064795601342,22.788951790764138,0 79.24079373439568,22.788626570652994,0 79.2411343288986,22.7882696370267,0 79.2412266829551,22.788098009063336,0 79.24151858934107,22.787831432840896,0 79.24220941154267,22.78708142362755,0 79.24236012264613,22.786760739360236,0 79.24235958869991,22.786133150454635,0 79.24266563878906,22.78536087297879,0 79.24305953907738,22.784764528467107,0 79.24352175946709,22.784321735991078,0 79.24387691126212,22.78395124121372,0 79.24405676140695,22.783535678808093,0 79.24430414430728,22.782465427379254,0 79.24427446405352,22.78203206049598,0 79.24311993218758,22.78141429349632,0 79.24291522321572,22.781184190728784,0 79.24292954473657,22.78076881788994,0 79.24358574932327,22.77955825507581,0 79.24409153868338,22.778772237486084,0 79.24425189290557,22.778447088386162,0 79.24433445819581,22.77818057192127,0 79.24431948721642,22.77774719117455,0 79.2444651376446,22.777268479122124,0 79.24471316720671,22.776943213172114,0 79.24537002674035,22.776473115778252,0 79.24553532565407,22.776202129759177,0 79.24551539495262,22.775646725423947,0 79.24512509269775,22.77476657529327,0 79.24511988291376,22.774396406408844,0 79.24519270221316,22.774166027426674,0 79.24557693266792,22.773637489794528,0 79.24573735013392,22.773316851530744,0 79.24597073757278,22.77303220799468,0 79.24659842887579,22.7725711685133,0 79.24672012165783,22.77252591804608,0 79.24725532199348,22.77205594651574,0 79.24735736112011,22.771888783137207,0 79.24737186829897,22.77174880836543,0 79.24723037475277,22.771494641971415,0 79.24655944357737,22.771076885013912,0 79.24179118179377,22.768107756084788,0 79.24166824786842,22.763747917093436,0 79.24140951734415,22.760899386289324,0 79.24286415242999,22.75896965180539,0 79.24291629894621,22.758057181540376,0 79.24299155974406,22.75674025328861,0 79.243066820023,22.755423324514126,0 79.2430882155195,22.755048934757628,0 79.24342024198597,22.7541589305555,0 79.24395394477808,22.75330559446169,0 79.24420549717237,22.75303043159883,0 79.24418266271115,22.752629030254063,0 79.2442576878805,22.75231736564229,0 79.24435549734373,22.751911050244146,0 79.24517838831024,22.751489898863017,0 79.24602464954783,22.751323600301937,0 79.24629083818617,22.751070179111345,0 79.24742483561587,22.751098177932196,0 79.24858024150049,22.750671479009497,0 79.24891112194199,22.75054928454631,0 79.24891124527991,22.75054924280224,0 79.25075253001646,22.74998032290631,0 79.2518633689371,22.748978774591272,0 79.25248638024317,22.7490695859291,0 79.25389308820289,22.749206045498052,0 79.2547839931258,22.749148081107823,0 79.25540238694124,22.74900406826668,0 79.25584578689161,22.748489608650313,0 79.25652864497916,22.74694149406062,0 79.25742529236386,22.745921732026584,0 79.25854553136448,22.745173017937336,0 79.25946093433204,22.7449208680379,0 79.26129630793756,22.744660296207726,0 79.26275674952574,22.744661308940735,0 79.26229599950277,22.742556922556705,0 79.26237946258738,22.74166300946022,0 79.26260449268837,22.740308673847835,0 79.26276128097734,22.739085122407616,0 79.2626600548127,22.73786602841443,0 79.26256803339412,22.7371976753789,0 79.2618195920676,22.735842668147413,0 79.2612019148668,22.735151412706763,0 79.26048763318614,22.733710569236287,0 79.25998199309012,22.73299232375138,0 79.2586394109509,22.731939358125413,0 79.25722458688718,22.730100636007045,0 79.25568339104457,22.72804518468101,0 79.25496862626173,22.727159613389066,0 79.2544335995362,22.72674836572757,0 79.25295444749759,22.726182857535786,0 79.25053206773782,22.724460749960624,0 79.24858297577018,22.72276576020751,0 79.24852803997778,22.722732110091652,0 79.2484126555226,22.72267215112345,0 79.24802384745774,22.72252265192801,0 79.24765379324666,22.722288241912945,0 79.24741031252438,22.72215288430539,0 79.24714741596132,22.7220628229808,0 79.24667039620769,22.72201350134238,0 79.24618365095748,22.721964222927866,0 79.24507859399498,22.721807000590335,0 79.24419276614182,22.72172194078843,0 79.24383251699044,22.721681569930915,0 79.24352586448308,22.721641188964796,0 79.2433603749848,22.72159607748016,0 79.24330678426702,22.721578132467545,0 79.2432337766007,22.721519486489964,0 79.24321419775809,22.721438179617817,0 79.24322386198143,22.721311810615493,0 79.2433307250905,22.721076908712288,0 79.24350072089292,22.72063432742457,0 79.24389902951063,22.719807736053742,0 79.24391183340246,22.71900121399694,0 79.2449557226136,22.718213555296604,0 79.2466256726115,22.717165296101783,0 79.24692893777734,22.717222796144494,0 79.24750805444766,22.717222350177494,0 79.24800940353909,22.717249046752045,0 79.24836476466461,22.717343615371803,0 79.24858039409165,22.7174023936857,0 79.25069682083614,22.714482502130878,0 79.2527825978671,22.711386755431864,0 79.2544296789474,22.708909132645214,0 79.25556489494807,22.707429090274275,0 79.2564124324855,22.706517659644984,0 79.2570311888278,22.705732443644166,0 79.25738713128489,22.704933512389303,0 79.2582103301268,22.70400399929941,0 79.2593646407206,22.702957321921115,0 79.26007551179066,22.70242510125738,0 79.26016324061759,22.70224902389455,0 79.26006744248143,22.700465463373003,0 79.25993252268562,22.698844498810235,0 79.25968666416846,22.69601333548647,0 79.25907054156504,22.69376880886843,0 79.25874089686185,22.692332793298654,0 79.25871218094613,22.69169163881232,0 79.25880958792364,22.691610445325065,0 79.26055622910073,22.69194130323994,0 79.26142698918544,22.692253430691007,0 79.26230261450141,22.6925655767911,0 79.26338265981133,22.692859833920544,0 79.26493473980521,22.693190526131648,0 79.26593221809047,22.693222785383046,0 79.26520910592865,22.690788651337435,0 79.26455897398262,22.688368126272984,0 79.26429710425612,22.68731142485814,0 79.26434103173067,22.687157876361482,0 79.2648714806795,22.687018282466937,0 79.26557657255931,22.687655430504364,0 79.2668212483672,22.68886179823455,0 79.26841557588368,22.69107076595388,0 79.26931959127431,22.692466524948074,0 79.27009746779574,22.693406187648957,0 79.27196994639108,22.694653554099727,0 79.27319593911072,22.69511942019712,0 79.27565326920406,22.695233815317877,0 79.27778450340303,22.695370558819114,0 79.28035861329798,22.695507529561613,0 79.28295713824664,22.69564447986811,0 79.28559954443828,22.695487971010763,0 79.28741461393777,22.695556708341247,0 79.28900576709299,22.695580181946717,0 79.2893513557671,22.695422327844398,0 79.2896681558077,22.694718068356476,0 79.28996511188708,22.69446993787045,0 79.29020880311893,22.693833469916246,0 79.29092088198692,22.69121501210639,0 79.29106757027935,22.68996442344631,0 79.29094643004375,22.68919228648203,0 79.29077172827623,22.68832524842357,0 79.29077197578408,22.68798660494515,0 79.2908012883702,22.687869257026332,0 79.29180414311043,22.68702999278037,0 79.29332303328061,22.685734877014905,0 79.29452562448901,22.684484774601138,0 79.2946473412532,22.68443515996211,0 79.29516295305787,22.684665708615796,0 79.29550840370014,22.684711045089507,0 79.2961376211636,22.684155712739376,0 79.29642361882108,22.683903294514973,0 79.29693006958998,22.68323525666517,0 79.29712546627735,22.681844755476565,0 79.29699461667941,22.680806213626227,0 79.29636766208489,22.6796770776946,0 79.29626567493233,22.679342934038473,0 79.29581849854611,22.678493884941872,0 79.2947977493175,22.676687288195712,0 79.29402956054511,22.675684548427586,0 79.29318359956353,22.67468171916004,0 79.2920990960731,22.673760087253534,0 79.29114584610501,22.67320873110416,0 79.28994933053008,22.672639200077576,0 79.28910768901868,22.67249430164809,0 79.28753628188248,22.67235803891534,0 79.2874200625962,22.671527184042485,0 79.28703786083777,22.668036762170345,0 79.28670380729365,22.66541775826963,0 79.28626242158275,22.66334506857843,0 79.2857039084794,22.661832180554313,0 79.28525705119749,22.660766367488396,0 79.28463017061141,22.659677884255423,0 79.28418368757887,22.657966367838554,0 79.2839173159264,22.656209847263078,0 79.28383537469219,22.654995213247005,0 79.28404516449423,22.654074283677794,0 79.28440578268086,22.653144304691764,0 79.28490722058214,22.652638887823812,0 79.28608055941146,22.651054781295485,0 79.2868449348712,22.650079921837175,0 79.286232603969,22.649113328501496,0 79.2857467129623,22.648300350909683,0 79.28632570981172,22.648101986453643,0 79.28797948549564,22.64837832032286,0 79.28970626445472,22.648456010430685,0 79.29160833511551,22.648366651706297,0 79.29437618395359,22.648535134186805,0 79.29602993150013,22.648802357186415,0 79.29707593348753,22.64864027426364,0 79.29854508018683,22.648501039318198,0 79.2999121931895,22.648131415582927,0 79.30136206080559,22.647662538793714,0 79.30260255880428,22.64759531742263,0 79.30390614040375,22.647790043674615,0 79.30448044610237,22.64718076432275,0 79.30594067843577,22.645537882329084,0 79.30610135067167,22.645167750714872,0 79.3062385339002,22.643221795170163,0 79.3064632403757,22.641361590148833,0 79.30652269931277,22.63903180301294,0 79.30639682205785,22.63783521723045,0 79.3061735216801,22.637035936365947,0 79.30554142877747,22.63637648502861,0 79.30365998747043,22.634673477798515,0 79.3024736641806,22.63364346220281,0 79.30156458819046,22.63268579210657,0 79.30052935704664,22.631172804805136,0 79.29990248811472,22.630066256741753,0 79.29925178733468,22.628133437789465,0 79.29896068513528,22.62680138720407,0 79.29894634243166,22.626349802953033,0 79.29885434940287,22.62558223900254,0 79.29803821640921,22.623897707728645,0 79.29724137325638,22.62244795121001,0 79.29631325692672,22.620921347293592,0 79.29620160108385,22.620623255609477,0 79.29619677620893,22.6204877969307,0 79.29645482520293,22.620045485385486,0 79.29683942488285,22.619436097175193,0 79.29719941396543,22.619142767017756,0 79.29780262655383,22.61906177257506,0 79.2990232169642,22.619161691519356,0 79.30022449728706,22.619275138918965,0 79.3019902237697,22.61874768594972,0 79.30331323525942,22.618405086132523,0 79.3049769979965,22.617520908267103,0 79.30680121492608,22.616596012085346,0 79.30758446625873,22.616203586748238,0 79.3080319166605,22.616149555075847,0 79.30817775648012,22.616194781924452,0 79.31060427925289,22.616967886888244,0 79.31366781479296,22.617741164342863,0 79.31405689164976,22.617831586060696,0 79.3169512828599,22.616171053694305,0 79.31871217350634,22.615331909556843,0 79.31925205902618,22.61533202871032,0 79.32158143632341,22.615761742289166,0 79.32260750958314,22.615924684433555,0 79.32429985419509,22.616196098103334,0 79.32518974561599,22.616498917156,0 79.32515604305874,22.615514620222932,0 79.32524878071881,22.614742556638916,0 79.32545840758623,22.6131487264051,0 79.32546848161991,22.612367641200525,0 79.3252643887127,22.61169480088739,0 79.32526455385522,22.611374211307368,0 79.32580459262263,22.61078284421537,0 79.32606731623463,22.610507520620875,0 79.32646114974895,22.610557328695062,0 79.33046784184268,22.612332953879665,0 79.33232052926375,22.613028786993155,0 79.33530621803405,22.61425767957385,0 79.3375187894105,22.615337302658702,0 79.33885621064263,22.61523826184546,0 79.34390450843608,22.614562069811285,0 79.34535873525145,22.614404274807008,0 79.34690045153049,22.61410201363945,0 79.3484567514428,22.614016534877454,0 79.34891874369208,22.613844962147063,0 79.35003740160145,22.613140807025896,0 79.35160364530621,22.61202580207811,0 79.35269794868962,22.611086743819563,0 79.35371937832771,22.61038251675357,0 79.35353956344922,22.60966461259356,0 79.35358341211541,22.609158962364738,0 79.35377792845826,22.60862614788928,0 79.35435680062824,22.60799405873664,0 79.35527597586548,22.607407237068955,0 79.35624379192267,22.607050609264853,0 79.35946804652527,22.606721370719228,0 79.36021218214755,22.60661333295887,0 79.36021214204987,22.60661321862338,0 79.3602121079199,22.606613100630227,0 79.36089781649346,22.60651378904566,0 79.36328072888759,22.60608508122098,0 79.36556154321458,22.60566530037739,0 79.36722954908149,22.605258953212875,0 79.36791032129605,22.60498815485351,0 79.36928179459358,22.60388643144572,0 79.37054619961947,22.60242361182298,0 79.3711686195414,22.60168308895251,0 79.37174733387945,22.60066718423103,0 79.37234548621646,22.599276539525096,0 79.37254004117383,22.59896494876693,0 79.3741836293167,22.59773237017584,0 79.37473802669336,22.5969828067143,0 79.37479631412215,22.596093371164255,0 79.3745872739384,22.595163245315323,0 79.3741496307446,22.59457624347433,0 79.373575819904,22.59432786544962,0 79.37311399296188,22.594245903850513,0 79.37311385083649,22.594246594704018,0 79.37248168632587,22.59413368440766,0 79.37123686024424,22.594327867724598,0 79.36945227238256,22.59498705814288,0 79.36680205176272,22.596196976071134,0 79.36563989506935,22.596738748188617,0 79.36486675090592,22.596783853193177,0 79.36430260082484,22.59658971107248,0 79.36358781934469,22.59621484461868,0 79.36229932825867,22.595004699507783,0 79.36105462166367,22.593808077307134,0 79.35954739453679,22.59222309196692,0 79.35829292983159,22.59124774403296,0 79.35645025614241,22.589780080987733,0 79.3555410666344,22.589129800107617,0 79.35380056675768,22.58786527774588,0 79.35316853585807,22.587233103796578,0 79.35296929549095,22.586600929397683,0 79.35296932982382,22.58603202859705,0 79.3532465577135,22.5853276763543,0 79.35370858819206,22.584704671558463,0 79.35421439904442,22.583968789137113,0 79.35568791035415,22.582298269607247,0 79.35688412345964,22.5809212772544,0 79.35730239912749,22.580257658716256,0 79.35730238543509,22.579977674101315,0 79.35703503876442,22.579584877152836,0 79.35674824569497,22.579377056870644,0 79.35600925714311,22.57898870444641,0 79.35526051318348,22.578830573293324,0 79.35367062070878,22.578496229959153,0 79.35278578323265,22.57815299966321,0 79.35241642307243,22.577642738041742,0 79.35231430138701,22.57722283238964,0 79.3521978625505,22.575949469748394,0 79.35195994166726,22.574102730761147,0 79.3516585818757,22.573457047944387,0 79.35093439024993,22.57237323943353,0 79.3496315201966,22.571334550429334,0 79.34832879526165,22.570490025922194,0 79.34734185598639,22.570178365721,0 79.34670497629816,22.570223410924008,0 79.3460631427797,22.5708237972789,0 79.34585395259253,22.571302395105334,0 79.34581985693926,22.571717759107642,0 79.34611627172654,22.572553095595747,0 79.34650982278444,22.573790366031947,0 79.34692265836796,22.57575451898534,0 79.34698077374374,22.577122650855966,0 79.34676181148127,22.57775017822374,0 79.34635814503946,22.57837773929773,0 79.345760020983,22.578634984485703,0 79.34489456870466,22.578819996017284,0 79.34397085520867,22.578562447602742,0 79.34321241144393,22.578088231497663,0 79.34268267407205,22.5773611648938,0 79.34240581430164,22.576128439024625,0 79.3419444877367,22.573568279824496,0 79.34175071555111,22.570719077793104,0 79.34179513312398,22.56783840948367,0 79.34173719028621,22.566289731523398,0 79.34146019168871,22.56576133968774,0 79.3410811093077,22.565386537624423,0 79.34056583694365,22.56504778601403,0 79.33980254610246,22.56500248561833,0 79.33910241146218,22.565367994218164,0 79.33873279900186,22.565828481558654,0 79.33820267621157,22.56660498875118,0 79.33773075933534,22.56788721109372,0 79.3373366446605,22.568975319512457,0 79.33704003375402,22.569444777547943,0 79.33680656890229,22.5695621593865,0 79.33626692703734,22.56957103359379,0 79.33598011916706,22.569552930850104,0 79.3353238807791,22.569232143673972,0 79.33398719093944,22.56826553847866,0 79.33281093271799,22.56714099114325,0 79.33249023569276,22.566576483664015,0 79.33233964850203,22.56618820816688,0 79.3323397643346,22.5659127364514,0 79.33249057950196,22.56555607797044,0 79.33299634264594,22.565149879569756,0 79.33516005229689,22.56404864233845,0 79.33587489451148,22.563285751756634,0 79.33624452513713,22.56280271408554,0 79.33664849544277,22.560960604199742,0 79.3371351731132,22.55910946385767,0 79.3376993587383,22.557845419018616,0 79.33847268450803,22.55668061477537,0 79.33917290293768,22.5558770447215,0 79.33978560910701,22.555127688257834,0 79.34114701172271,22.55419781031358,0 79.34136578436224,22.553940505101885,0 79.34136586851702,22.55374633158776,0 79.34133184592399,22.553534148742365,0 79.341181163544,22.55333996499398,0 79.34069513816843,22.55312766141622,0 79.33982011837983,22.55300103844091,0 79.33856595900927,22.553167841109865,0 79.33814299842983,22.553167747356007,0 79.33800205257273,22.553127082603652,0 79.3375549862708,22.55262123748317,0 79.33687460251211,22.551681923030728,0 79.33648091116349,22.551501220762397,0 79.33604348526467,22.55126628107351,0 79.3356546367272,22.551284282971228,0 79.33521710166269,22.551500939759787,0 79.334939862132,22.55175374447239,0 79.33447783085249,22.552674713503666,0 79.33406450253672,22.55308095260621,0 79.33390408972993,22.553126099220233,0 79.33355889569404,22.553134987651582,0 79.3329951442382,22.552791672020312,0 79.33156630399992,22.551816082909244,0 79.33035604604342,22.551228779556983,0 79.32978241576839,22.551133810487915,0 79.32880046394818,22.55133671980156,0 79.32794977094153,22.551399615214148,0 79.32772132194997,22.55133636474818,0 79.32753667346172,22.551101506901105,0 79.3273860991322,22.550659000054054,0 79.32742527526842,22.54988238575689,0 79.32721663303381,22.54870380404204,0 79.32725076902211,22.54825235638514,0 79.32756209837123,22.547674436579427,0 79.32780542947062,22.546961150037887,0 79.32775689109752,22.54662700103211,0 79.32734388632994,22.546197971187503,0 79.32635716593471,22.54598542709809,0 79.32598780587934,22.545705371351914,0 79.32573526236646,22.545222175730895,0 79.32561900181265,22.544066285464098,0 79.32546868429048,22.54301870020892,0 79.32525984017462,22.542558071952566,0 79.32477867305111,22.54230053309392,0 79.3244092992574,22.54223720364889,0 79.32406412222701,22.542363551028025,0 79.32330552772133,22.54323924609422,0 79.3226102733051,22.543690505927966,0 79.3223477360449,22.543762713309793,0 79.32207071232018,22.54370393285946,0 79.3219014994638,22.543637349639987,0 79.321881179655,22.543631640802914,0 79.32187354347143,22.54362634865594,0 79.32169157194426,22.543554744771434,0 79.32134658204295,22.543261159850264,0 79.32123007844406,22.54296316389625,0 79.32121065447909,22.542809597698547,0 79.32121066190133,22.542809313241516,0 79.32119132918986,22.542656124935885,0 79.32122052637565,22.54243482921373,0 79.32139560985176,22.542100757543903,0 79.32168746261581,22.541726143786445,0 79.322037707077,22.541003770753555,0 79.32209131384863,22.54064263892086,0 79.32200395698517,22.540362636178042,0 79.3215561468953,22.539771820486994,0 79.32155180544311,22.53976672075773,0 79.32123627333036,22.539396072363004,0 79.32103697941209,22.539391498563013,0 79.32043904320611,22.53959901555066,0 79.3205412538363,22.539269498254928,0 79.32061461843098,22.538023306372644,0 79.32068805732209,22.536781626608228,0 79.3204745324155,22.535738543923337,0 79.32002304307089,22.534428961252118,0 79.31957156375196,22.53311937778289,0 79.3192122860391,22.53197694387514,0 79.32022438193293,22.529186827693,0 79.3206233385971,22.52814400401288,0 79.3210174090646,22.52710557610528,0 79.32228592568401,22.527069907007107,0 79.32311724378552,22.526717955185873,0 79.32394845783612,22.526366091391598,0 79.32564953241247,22.526199556714694,0 79.32681124500319,22.526059890044618,0 79.32721467405408,22.525793575002943,0 79.32740922036199,22.525464095962974,0 79.32763774531871,22.52531061722476,0 79.32808965243537,22.52531077684933,0 79.32920736983942,22.525825779661922,0 79.32980519850132,22.525934299437456,0 79.33003353103607,22.525934386693503,0 79.33022796700625,22.525857723732678,0 79.33031067695899,22.525749355400666,0 79.3303691213614,22.525482983183025,0 79.33033340657227,22.52530797915892,0 79.330296320954,22.525126264727014,0 79.33007783526975,22.524421805622207,0 79.33003431910147,22.523532324516975,0 79.33028741543606,22.52258412398388,0 79.33042849673267,22.521893405352788,0 79.33026348742435,22.521274714840168,0 79.33001110934211,22.520087115900804,0 79.3295498832923,22.518755060850253,0 79.32932176667218,22.51782480860694,0 79.32908880996433,22.516795284523056,0 79.32863720681296,22.51563930495585,0 79.32818083258603,22.514487722526678,0 79.32802067121702,22.513584653258544,0 79.32804526851204,22.512884768298413,0 79.32806978913776,22.512180463931646,0 79.32804556935048,22.511995299854892,0 79.32860932914247,22.511855457468958,0 79.3292508250606,22.51178344297348,0 79.32989236315413,22.511625618493714,0 79.33077695641362,22.51116071099377,0 79.33124356694553,22.51087192499539,0 79.33153527630371,22.51050622631735,0 79.3319049113791,22.509964430414435,0 79.33249311062062,22.50910226272577,0 79.33281887730703,22.50842957344971,0 79.33297463807918,22.507594281247034,0 79.3329019607903,22.506980236708483,0 79.33269316280148,22.506302895707243,0 79.33246502556835,22.50551259446584,0 79.33263514457146,22.50522369709629,0 79.3330823029393,22.505169685910325,0 79.33576462100012,22.50559474222727,0 79.33844693795439,22.5058075340931,0 79.34063374191777,22.50583969899159,0 79.34293237731768,22.505682104942757,0 79.34397232782412,22.505479083400367,0 79.3442347719059,22.505348191934,0 79.34451176021682,22.5051225331013,0 79.34457988421839,22.50471616457758,0 79.3446483123716,22.5030997493512,0 79.34434683513695,22.50061746675563,0 79.34432817932017,22.5004638491672,0 79.34426869507647,22.50034594171264,0 79.34425528266283,22.500319355604464,0 79.34399789569203,22.499818132209118,0 79.34361416474248,22.499023401689072,0 79.34355591666993,22.49884278997841,0 79.34353654808588,22.4983776718418,0 79.34349784207392,22.49746106360988,0 79.34357580533784,22.496652863762126,0 79.34378489573726,22.496092984689298,0 79.34397442972944,22.495718260627932,0 79.34417854303884,22.495479030291097,0 79.3445187325317,22.49527141445994,0 79.34502899856683,22.495131465968488,0 79.34556840780921,22.494869743599967,0 79.34609326407966,22.494486058640106,0 79.346469829821,22.494116190039836,0 79.34651612400472,22.49407072273224,0 79.34679318430416,22.493745628234013,0 79.34697300117169,22.493429598252217,0 79.34706537280326,22.493145138625756,0 79.34714811887723,22.492684605486453,0 79.34716282849388,22.492038907220067,0 79.34712398272667,22.491483573713218,0 79.3471775455168,22.491212665911835,0 79.34734768447608,22.490770185054185,0 79.3475275535946,22.49022389411873,0 79.34756652888541,22.489957434775423,0 79.34734314840092,22.48909499992041,0 79.34714418678492,22.48792553403649,0 79.34687719590761,22.486670244773602,0 79.34675093496854,22.48604263086325,0 79.34622155576422,22.485076223715346,0 79.34565807624014,22.48415505647484,0 79.34508978635725,22.483662806752942,0 79.34404784800729,22.482875920988196,0 79.343355475043,22.482353022379172,0 79.34237418611043,22.481662043853436,0 79.34168915861606,22.481260054346,0 79.3412033742385,22.481151516666326,0 79.34099929186962,22.48115155129919,0 79.34038224859276,22.481277764234054,0 79.33930839831591,22.481521397235692,0 79.33835112085369,22.481927568851994,0 79.33773400302,22.482126043621832,0 79.33728214676391,22.48218465145927,0 79.33701491716039,22.482153009201117,0 79.33652420141868,22.482040015752162,0 79.33467805143523,22.481646723213192,0 79.33399298853996,22.481529186850615,0 79.3333031696971,22.481217456144464,0 79.33216150453248,22.480788190482528,0 79.3312189834091,22.480512533533336,0 79.3295281947772,22.480683682282127,0 79.3288868642164,22.48065635695259,0 79.32789575355595,22.480507056128523,0 79.3268803613146,22.480109428793583,0 79.32576794102319,22.479720846022786,0 79.32477699748777,22.478925859253234,0 79.3237328841096,22.4778012137082,0 79.32274191386294,22.477227450545072,0 79.32180430907331,22.477005892930375,0 79.32161479633298,22.477005782484603,0 79.32073051698563,22.477276461687538,0 79.31924345689494,22.47811129057113,0 79.31661443649449,22.479343022264576,0 79.31587459930212,22.479856013878607,0 79.3151370342178,22.48036742135577,0 79.31409710796063,22.480841197444406,0 79.31140020660479,22.48147225563519,0 79.31022434652085,22.481774327005795,0 79.30869853550571,22.482044597213335,0 79.30703668564429,22.48239156791578,0 79.30615897746722,22.482707399345948,0 79.30450486859442,22.483302590526257,0 79.30311028437029,22.483500673361302,0 79.30185186635931,22.483522692401014,0 79.30075388901479,22.483350626817224,0 79.29992330517014,22.482826432102392,0 79.2996222447805,22.482677368158022,0 79.29803379262485,22.48189086090143,0 79.2967224221368,22.481167861341273,0 79.29500772827899,22.48039491699484,0 79.29326874348504,22.479721272604372,0 79.29276518635642,22.47968987472491,0 79.29275861348586,22.47968946474991,0 79.29100470970361,22.479580159107687,0 79.28971247401356,22.479267899884096,0 79.28871670055767,22.47891070966969,0 79.28786652239283,22.478743118672224,0 79.2874341189346,22.478756463850143,0 79.28675388044057,22.478891552322033,0 79.28589376279857,22.479148424686638,0 79.28397904942031,22.479770521966916,0 79.28287595637082,22.480018220758875,0 79.28210337382868,22.480117130840853,0 79.28157873301194,22.480040072853406,0 79.28079656641263,22.479935737761,0 79.2800678475173,22.479768217841418,0 79.2788435409062,22.47975402564876,0 79.27783290061039,22.47974433909696,0 79.27662801464476,22.479657856476127,0 79.27557882503318,22.479363667430512,0 79.27523883399614,22.479146790537257,0 79.27455396905363,22.478897974150783,0 79.27349532790343,22.478201943620693,0 79.27150442103412,22.476697134483583,0 79.271077160405,22.4762498448049,0 79.27007216666378,22.47539136682311,0 79.26977100125977,22.475214989786828,0 79.26927071145202,22.475092801992396,0 79.26864406192372,22.475015667850215,0 79.26787640958996,22.475051278561434,0 79.26690467952776,22.475122818144737,0 79.26687057523759,22.475127348600893,0 79.26654989776135,22.475181315269005,0 79.26616614752216,22.475176513005454,0 79.26581147430649,22.475162736955085,0 79.26502458052143,22.474954538031835,0 79.26421338131836,22.474665013754294,0 79.26336828649295,22.474325787919046,0 79.26162962411404,22.4736202046063,0 79.2609787725733,22.473339728998262,0 79.26023574968993,22.47303219466624,0 79.25975481481439,22.472941556547376,0 79.25951673787537,22.472963963714758,0 79.25937090276035,22.473054121544337,0 79.25918597449346,22.473365603104558,0 79.25893736192486,22.47446265762805,0 79.25888357895803,22.47484640751207,0 79.25877665392166,22.474904992200667,0 79.25844622398272,22.474913780682098,0 79.25806740810194,22.474737461750664,0 79.25710111259741,22.474199388218135,0 79.25640668399978,22.4737608769547,0 79.25548397205216,22.473313231854174,0 79.2547554181498,22.47304173953533,0 79.25403172864283,22.472856074259475,0 79.25265218031869,22.472629336368676,0 79.25203519996266,22.472493350911904,0 79.2511366505398,22.472294012707565,0 79.24986869705232,22.472216304343426,0 79.24858264212077,22.471953432513114,0 79.24637251408635,22.472347942274965,0 79.24432254422963,22.472633924722672,0 79.24296230346982,22.472806490574275,0 79.24150496628808,22.47301529290459,0 79.23721638356761,22.474688933482895,0 79.23638569287615,22.474779859754303,0 79.23503502020529,22.474767255775525,0 79.23348975717855,22.47435288680046,0 79.23247910603283,22.474267770629748,0 79.23294008218707,22.47351791298838,0 79.23325025887941,22.47255148640958,0 79.23348286591413,22.471720466847582,0 79.23214680636445,22.47172144368926,0 79.23091223535516,22.470954623744426,0 79.22966296558587,22.470129163245648,0 79.22885610848763,22.46957431843689,0 79.22756289370096,22.468360555792383,0 79.22645992574108,22.468198698231056,0 79.22455088406933,22.468443701172745,0 79.2238318104567,22.46837640625688,0 79.22308306235709,22.467600222440957,0 79.22233894508759,22.466345494662523,0 79.22172144705462,22.465673092718813,0 79.22151235214287,22.465420308599263,0 79.22064732643376,22.46499640995107,0 79.21970484392081,22.464888633557386,0 79.21875743622229,22.46477631560145,0 79.2172610460564,22.464632619400675,0 79.21612421818166,22.464574639405015,0 79.21555564773602,22.46438977572418,0 79.21482676918285,22.46407868478959,0 79.21408318272461,22.463627572814577,0 79.2132328235229,22.463307467299476,0 79.21199377536936,22.462937831847608,0 79.2105896496201,22.46262707847453,0 79.20950128505281,22.46228904940295,0 79.20854393404545,22.461761209303354,0 79.2081403844697,22.461269307023848,0 79.20722190948567,22.46063762630009,0 79.20624514845919,22.460096228722772,0 79.2045395225098,22.45923475442666,0 79.20287269377779,22.45830082417412,0 79.20142453372009,22.457425570026594,0 79.19958276253786,22.45619376701593,0 79.19489801853709,22.452443768806887,0 79.19548551520904,22.45200100730074,0 79.19594667363904,22.45129186904682,0 79.19613605817824,22.451129270009208,0 79.19648566924546,22.450939440167275,0 79.19680124383618,22.450614182833352,0 79.19765074992608,22.44951664117837,0 79.19933051561733,22.447741359121007,0 79.2003451436151,22.446634640673423,0 79.20131621375393,22.44591169539923,0 79.20175798290157,22.445482597152978,0 79.2016947500539,22.445229725669517,0 79.20133502154461,22.444791897669607,0 79.20164029481354,22.443486898058122,0 79.20224159640247,22.441563112860713,0 79.2026921768557,22.43966643055211,0 79.20307542969954,22.438839940341175,0 79.20339555542179,22.43790512415832,0 79.20373982931633,22.43690709269367,0 79.20404539801206,22.436247754179274,0 79.2049629421442,22.43535326443901,0 79.20622515822322,22.434336652640027,0 79.2062589988405,22.434128944949684,0 79.20626858946494,22.433853533542287,0 79.2060691242422,22.433397590406415,0 79.20574336749021,22.43268430686058,0 79.20567982869807,22.43205672801005,0 79.2057281634636,22.431614235832715,0 79.20574722729002,22.431099410397007,0 79.20594139687948,22.43081041932139,0 79.20642200997771,22.430530200426947,0 79.2067716735216,22.430385552769742,0 79.2072232250284,22.430177634440327,0 79.20745629363593,22.430005861472356,0 79.2077038569325,22.42981160617214,0 79.2078300046013,22.429667077274978,0 79.2081554012788,22.429522391707316,0 79.20836413702521,22.429427456576065,0 79.20842235227605,22.42936423490031,0 79.20847572853292,22.429233228110927,0 79.2085151848074,22.429116043056815,0 79.20855327365999,22.429002915524627,0 79.20865033942513,22.42888548534446,0 79.20874262759831,22.428853835624206,0 79.20898063266696,22.428880764201875,0 79.20916035975753,22.428948449275804,0 79.20934014747694,22.429088313384092,0 79.2094568100996,22.429169479746612,0 79.20959766637712,22.429196545016453,0 79.2097822423518,22.429182868294316,0 79.2101075447073,22.429069848431464,0 79.21055904172742,22.428852898580853,0 79.21080674636886,22.42879857962193,0 79.21122928871975,22.428834474252422,0 79.2116373723786,22.428920007563573,0 79.21204044477221,22.428883710872284,0 79.21232694185775,22.428784203102694,0 79.212448328929,22.428689268703806,0 79.21252099502638,22.428495111253515,0 79.212520841713,22.428174536695426,0 79.21254979986162,22.427953269192276,0 79.21263223584833,22.42768228646593,0 79.21278754538626,22.427478982637815,0 79.2132730025244,22.427162678207825,0 79.2134624012609,22.427103909351562,0 79.21366150396447,22.42709472243968,0 79.21379742521883,22.427085668752905,0 79.2139188181972,22.42702231153066,0 79.214078950515,22.426823635620234,0 79.21434583708584,22.426475812797158,0 79.21455947949838,22.426353734665717,0 79.2150256885414,22.42619089103606,0 79.21532664493992,22.425974068108637,0 79.21573935929189,22.425797687069114,0 79.21609379807039,22.425662065326343,0 79.21640461032047,22.4256844784716,0 79.21688067510011,22.425860297354152,0 79.21717216948993,22.425950369735716,0 79.21750256634598,22.426175978663316,0 79.21776978188072,22.426302291070584,0 79.21806608457646,22.426333648265512,0 79.21840601390711,22.42635602340259,0 79.21877041312956,22.42645972511313,0 79.219188024526,22.4264414370844,0 79.21973675564622,22.426305609953534,0 79.22026612384326,22.426228511572415,0 79.22069344751424,22.42619213260082,0 79.22090222390509,22.42613787416816,0 79.2210576036682,22.42602036774514,0 79.22132935937293,22.425699624906564,0 79.22175626740778,22.42504916216724,0 79.22213968849563,22.424583895476914,0 79.2224115106604,22.42443466972536,0 79.22270287205808,22.42438037226425,0 79.22290205294662,22.424407263034027,0 79.22323242803823,22.424637370379603,0 79.22339764916754,22.42476370235423,0 79.2235093808458,22.424808834235087,0 79.22364534514308,22.424808702242544,0 79.22391730627756,22.424736257435416,0 79.22407266110821,22.424722689917534,0 79.22421846631941,22.424749674839468,0 79.22456820248388,22.424871333104115,0 79.22479651771388,22.424911811911244,0 79.22493244368354,22.42488470266835,0 79.22509270165281,22.42481232979197,0 79.225417846479,22.424487065440864,0 79.22556836146131,22.424387574318306,0 79.22579168218388,22.42435133615961,0 79.22604423130342,22.42439635599307,0 79.22627253364647,22.42440525429574,0 79.2264133346005,22.424323850420784,0 79.2265686424007,22.42418378222848,0 79.22695195652884,22.423750081259826,0 79.2271607567356,22.42362354267657,0 79.22750543966679,22.42351040054169,0 79.22781623286484,22.423451496119053,0 79.22791340818542,22.42349664262359,0 79.22796209293064,22.42358683880358,0 79.22802534776083,22.423826163822053,0 79.22812755411432,22.424042854256406,0 79.22837042330833,22.424150978233126,0 79.2285064781507,22.424168978176205,0 79.22866667237044,22.424123760325074,0 79.22895312705089,22.42401068767709,0 79.22908930858617,22.424209228523072,0 79.22916222725462,22.42437172728637,0 79.22918666776509,22.424543370058878,0 79.2291874668367,22.425586386867916,0 79.22922264986896,22.427198268866775,0 79.22927711020937,22.42864766137632,0 79.2294037697215,22.429085525276765,0 79.23014290319142,22.430304180417863,0 79.23073113008287,22.430999132019245,0 79.23080411170076,22.431202323376002,0 79.23088248431696,22.432005996244783,0 79.23104838656464,22.432981171123313,0 79.2309759484139,22.43361338877064,0 79.2307432469182,22.43418246604346,0 79.2315356098302,22.43499463838224,0 79.23177408531389,22.43558598914088,0 79.2320421089318,22.436813942885202,0 79.23212495949218,22.437125453514785,0 79.2323347943231,22.438448308855513,0 79.23236427123976,22.438877210327657,0 79.23229210524063,22.439784893147007,0 79.23178371510775,22.441884835362323,0 79.23194460770267,22.442602570631486,0 79.23245591679394,22.444300007251883,0 79.23277704101169,22.444954474178356,0 79.23341825619869,22.44505337267005,0 79.2353905403866,22.44533197714016,0 79.23675092003575,22.44561558035062,0 79.23846087835139,22.44582202535452,0 79.24076849043986,22.446280944087754,0 79.24177897238849,22.446393071626485,0 79.24233754225266,22.44634752771441,0 79.24304167470537,22.446152916545493,0 79.24488189595101,22.44527558168192,0 79.24648387379844,22.44410942767206,0 79.24837177202035,22.442283821902603,0 79.24858042188751,22.442098514584245,0 79.24858221245886,22.442097142482837,0 79.2489486960225,22.44181438072342,0 79.24929865037099,22.44151211048414,0 79.24961959031582,22.441087892646458,0 79.24986241912842,22.44114230835965,0 79.2501533531053,22.441738493866556,0 79.25019596343762,22.442998262112855,0 79.25019535705468,22.443675590677767,0 79.25043775454407,22.44422209693975,0 79.25097123867751,22.44508039572251,0 79.25119915087971,22.44554571985364,0 79.25154366308159,22.446006462026187,0 79.25174735435183,22.446291123841647,0 79.25199009677532,22.44644938549258,0 79.25234946884378,22.4465806024932,0 79.25282050746266,22.446738976045776,0 79.25300979426974,22.446892646402897,0 79.25314566942414,22.44706879442634,0 79.25335903355389,22.447412147468018,0 79.25364526238769,22.447918079212222,0 79.25375226295257,22.447988268264087,0 79.25385879591593,22.448058150203188,0 79.2541258737266,22.448153187291556,0 79.2544756667295,22.44817608231238,0 79.2551412394835,22.448072647053344,0 79.25584079207935,22.447915148272532,0 79.25624900189186,22.447784482880234,0 79.25690482262736,22.447635972082036,0 79.25715254999355,22.447667751173736,0 79.25734675163633,22.447794372995432,0 79.25761358040201,22.44817830666693,0 79.25794338673434,22.448792621552485,0 79.25822978178961,22.449027687262394,0 79.25860358714196,22.44925369636321,0 79.25946319704093,22.449552323809538,0 79.25975943268911,22.449606707528144,0 79.2605513685327,22.4494718258235,0 79.26078935727818,22.449422349752844,0 79.26145971672985,22.44943629437717,0 79.26197941675639,22.449522512265116,0 79.26265427911595,22.449915787701705,0 79.26293094351692,22.450227487744357,0 79.26322657154543,22.45111276169676,0 79.26386694546177,22.452129062000143,0 79.26438131411948,22.45276156804346,0 79.26511921112044,22.453416790808426,0 79.26573094143008,22.4537513763599,0 79.26608560404435,22.453792220919755,0 79.26653741837934,22.453747360510885,0 79.26689689721937,22.453670841070227,0 79.26736327377168,22.45358986687847,0 79.26851960677573,22.453387468999985,0 79.26929678948824,22.453360832203668,0 79.26995748465906,22.453406456099422,0 79.27059373987086,22.45344754036387,0 79.2711768505931,22.453267222305026,0 79.27153645616809,22.453095957096338,0 79.27205171322909,22.452595010984435,0 79.27236763715001,22.452405581301353,0 79.27248421658703,22.452387634803767,0 79.27279507642727,22.452396859081023,0 79.27334402645297,22.45230235988666,0 79.27390768769726,22.45214467928486,0 79.27458795961692,22.45181999282509,0 79.27555977684096,22.45136007009844,0 79.27614772561785,22.45112562177345,0 79.2768570493844,22.451008674310735,0 79.27729429120626,22.450927621856437,0 79.27756645052872,22.450733645752212,0 79.27811079120607,22.450359224925464,0 79.27843155769158,22.450043306194328,0 79.27902932895418,22.449587658676073,0 79.27965641643766,22.448951329106876,0 79.28019609073462,22.44825179346729,0 79.2811582053459,22.44772863182973,0 79.28201812616952,22.447507878651187,0 79.28335880472791,22.447558318070605,0 79.28445643730582,22.447807198761833,0 79.28512633744569,22.448430700374093,0 79.28597129759828,22.44879235692051,0 79.28676299090456,22.44893280043329,0 79.28742361950619,22.448951187702047,0 79.28809894591276,22.448779984728354,0 79.28849253359964,22.44850931580376,0 79.28931890273026,22.447606704951188,0 79.28978544242497,22.447141838185768,0 79.29100514820564,22.446320697616184,0 79.29146204940723,22.44591461052874,0 79.29267208996218,22.44495347181527,0 79.2932115913434,22.444380296770376,0 79.29377048643937,22.443919991024142,0 79.29436804461923,22.443635802534594,0 79.29482478146559,22.443496052169557,0 79.29537850683626,22.44340600712097,0 79.29582542602543,22.443397218621516,0 79.29612175263958,22.443379352522154,0 79.29691831451704,22.443420333273927,0 79.2974914835979,22.44339803856758,0 79.29822500867995,22.44326296704811,0 79.29892945877398,22.44308264468927,0 79.29956578976672,22.44289786136414,0 79.30007594636908,22.442730998777467,0 79.30076100816115,22.442415241848977,0 79.30140719156891,22.442090463515083,0 79.302704381944,22.44146338663706,0 79.30343314525769,22.44123343935015,0 79.30430265717129,22.441093806952843,0 79.3053031727292,22.441107783068194,0 79.30667289530632,22.44119875113232,0 79.30751794140173,22.441433880804432,0 79.30825129648984,22.4417773187522,0 79.3087999302374,22.442161341072296,0 79.30937289916498,22.44262667462472,0 79.31003325059089,22.443200305054187,0 79.31083439950086,22.44391405155676,0 79.31124712139585,22.444212286972654,0 79.31224738735871,22.44484480788286,0 79.31293212574116,22.445210742918103,0 79.31367524187763,22.445436815195073,0 79.3144718596459,22.44552741906289,0 79.31484586150856,22.445504988176232,0 79.31514221355998,22.445387744875696,0 79.31526370559253,22.44526133414343,0 79.31545323920551,22.44494529847967,0 79.31553594261315,22.4446789566213,0 79.31570137848195,22.444064885608082,0 79.31584247222713,22.443446377617473,0 79.31613433454382,22.442480264280565,0 79.31618293446923,22.442371845907527,0 79.316484353663,22.441699189291917,0 79.31686838627283,22.440909152600767,0 79.3173644638812,22.43954126056008,0 79.31754435866988,22.438981388897297,0 79.3176221515016,22.43880082978098,0 79.31771958942154,22.43821388797685,0 79.31777794407277,22.43784809609895,0 79.31788015148595,22.437505058429547,0 79.31798225252706,22.437220574421637,0 79.31810871622447,22.4367645883644,0 79.31861918197941,22.435595345561712,0 79.31915861732944,22.43471955279678,0 79.31974668829156,22.43382123580452,0 79.3204707203614,22.43307644783937,0 79.32084964012893,22.43290045775424,0 79.32154415620737,22.432823928774138,0 79.3228165758144,22.433063646191506,0 79.32407943971664,22.432987248499956,0 79.32474969198819,22.4329874715595,0 79.32576483263578,22.432938128627182,0 79.32718795931153,22.432739878002668,0 79.32801848743091,22.432789776460897,0 79.32828560589093,22.432938909463708,0 79.3284990950294,22.43348525135979,0 79.32867367657217,22.43447416549527,0 79.32864891726548,22.43577006422232,0 79.32872626234433,22.437065956388302,0 79.32890071169658,22.438081937016058,0 79.32886656369669,22.438677912187508,0 79.32865744450478,22.43942290487826,0 79.32788963566809,22.440614703340483,0 79.32764176758373,22.441034530380616,0 79.32718006484932,22.44178401695448,0 79.32707307056617,22.442118109751245,0 79.32700483042909,22.44289014825935,0 79.3270241320933,22.44314304723496,0 79.3271600289522,22.443603612007497,0 79.32737849435084,22.44397394932932,0 79.32776214190262,22.444290147397567,0 79.32812628451101,22.444547611700912,0 79.32887910334452,22.444836809844965,0 79.32955429324522,22.444967950686582,0 79.3298213779077,22.444954492599884,0 79.33045291206248,22.44481016003804,0 79.33174510881557,22.44455761291915,0 79.33262910833618,22.44444946007728,0 79.33309551092614,22.444368375489603,0 79.33332867128169,22.444287093243794,0 79.33365895976623,22.44419242792581,0 79.33409133195879,22.443966738821352,0 79.33468414382092,22.4434295576696,0 79.33486877463449,22.443113568690013,0 79.33495632908235,22.442820077782603,0 79.33490799601465,22.441727319776835,0 79.334927619084,22.44121717649592,0 79.33492305292705,22.440223765950293,0 79.33491363472555,22.439054304598397,0 79.33494291763677,22.438611780691005,0 79.33511305211235,22.438106164112966,0 79.33520063679123,22.43747405658052,0 79.33537080901237,22.436823897451113,0 79.33562359892503,22.435993098388174,0 79.33574034090208,22.43558677135605,0 79.33603209326058,22.434277401656914,0 79.33639667449982,22.433135173930424,0 79.33680249565697,22.432389420331482,0 79.33683890652938,22.432322511490824,0 79.33711581328792,22.43194781841227,0 79.33754830202652,22.431238961445786,0 79.33767472349892,22.430855231771087,0 79.33781084691476,22.430236684953393,0 79.3378497767404,22.429861872405496,0 79.33777703983634,22.429577440625156,0 79.33752945426762,22.42908970173272,0 79.33725273235844,22.42872391356996,0 79.33695172758063,22.428303883851843,0 79.33671382804918,22.427762051353998,0 79.33655369852119,22.42723372427415,0 79.33646647817288,22.426642190959534,0 79.3364762899761,22.426131915157708,0 79.33657842426018,22.425576562883773,0 79.33672431341316,22.425102511822057,0 79.33701580011967,22.42481810777196,0 79.33754040075928,22.424434461515972,0 79.33807472383691,22.423928869768833,0 79.33837594046005,22.423599301223483,0 79.33853634831539,22.423229070519923,0 79.33855582953532,22.42299880781779,0 79.33853649183794,22.422651176894853,0 79.33846850394413,22.422407276097722,0 79.33829862045505,22.422222127756967,0 79.33776924952791,22.422023350155882,0 79.3371185294894,22.421833523499323,0 79.33644836521663,22.421670859946893,0 79.33523914028758,22.421386054096534,0 79.33454474941024,22.42123690229158,0 79.3340979413123,22.421083309726693,0 79.33309278717257,22.420667637523955,0 79.33265575925614,22.420441720325094,0 79.33220905372677,22.420093957293787,0 79.33169925336618,22.419691965091243,0 79.33054854791226,22.418928549260816,0 79.33024752098152,22.418598916273897,0 79.32984947813698,22.417993670134756,0 79.32979615009042,22.417713740509647,0 79.32983023810952,22.41737960345099,0 79.33025296391709,22.416603151763084,0 79.33058328534793,22.416314236394125,0 79.3311370286357,22.415921536758095,0 79.33171504847581,22.41558307592942,0 79.33279334053523,22.415005419785274,0 79.33297313201707,22.41487446481858,0 79.33272061126539,22.414626068016425,0 79.33238077904933,22.414373142363914,0 79.33198750653894,22.414192436656748,0 79.3316136114002,22.41405683473392,0 79.33132710680775,22.414007145057266,0 79.33104532635636,22.414138016091027,0 79.33067135359005,22.41438623030054,0 79.33022451435575,22.41453506061093,0 79.32988453788947,22.414679481901,0 79.32934062531392,22.414738024845303,0 79.32860246036323,22.41465659553575,0 79.32796632169304,22.414606732795875,0 79.32732534675516,22.414457507838378,0 79.32666972381885,22.414326351710532,0 79.32635411176086,22.414353398639108,0 79.32593649284611,22.414326132780708,0 79.32561113376336,22.41422672896596,0 79.32540713075791,22.41415447126839,0 79.32509634783182,22.414185956149286,0 79.324877762866,22.41425357205192,0 79.32472239216094,22.414370999837068,0 79.3246008463377,22.414515368885244,0 79.32451822431769,22.41469600048566,0 79.32453754725317,22.414962430857575,0 79.32464428072991,22.415310084065748,0 79.3248092336149,22.415716548525996,0 79.32499369427687,22.416123008613326,0 79.3251586765158,22.416389443338222,0 79.32545474713879,22.41683202785592,0 79.32553729327395,22.417089441221727,0 79.32560995634441,22.41740094432694,0 79.32573128444832,22.417703549615542,0 79.32567778845791,22.417920217607296,0 79.32548830712527,22.418276955426006,0 79.32525508679728,22.41857034316884,0 79.325046142231,22.41876440749241,0 79.32484215219762,22.418899847773574,0 79.32456527112625,22.419075840368706,0 79.32434184859098,22.419139015006298,0 79.32416211750137,22.419120905471477,0 79.32400192889264,22.419057587288655,0 79.32368633976478,22.418809169868055,0 79.3234289931354,22.418614961492835,0 79.32305510023545,22.41842069243113,0 79.32314749900857,22.418149789114423,0 79.32328360807357,22.417851829040565,0 79.32331770105793,22.41755829277215,0 79.32331785278646,22.417183496414104,0 79.32327436587735,22.416592060512123,0 79.3231919239299,22.416104391172034,0 79.3231629176529,22.415968834324797,0 79.32284727168988,22.415905557978668,0 79.32253642024062,22.415891924987857,0 79.32207992176744,22.415991064739703,0 79.32167192903275,22.416130928489544,0 79.32153593365766,22.41615803190455,0 79.3212882397107,22.416090176204484,0 79.32112323462871,22.415963676515858,0 79.32062804845117,22.415426192634275,0 79.3203172933125,22.41531772853111,0 79.32022018096647,22.415236460608316,0 79.32015708138807,22.415069355478,0 79.32021063663316,22.414938403427357,0 79.32035634945538,22.41479396119861,0 79.32036611909038,22.414685644622327,0 79.3201670002755,22.414626843115826,0 79.3199436730763,22.414577140040848,0 79.31928319508901,22.414581449434476,0 79.31908897082369,22.414495509582355,0 79.31888496883766,22.4145000254834,0 79.31843812902994,22.414608219903894,0 79.31795248118793,22.414657685562,0 79.31760771852443,22.414729786569907,0 79.31742312964298,22.414847167409192,0 79.31730646914598,22.414964485817002,0 79.317126754956,22.41507737712582,0 79.31687905708013,22.41506825205163,0 79.31641281939805,22.41513575188123,0 79.31605339497384,22.415284658642808,0 79.31567941436836,22.41543349790935,0 79.31523738167682,22.415681735180947,0 79.31510619521987,22.415735830278596,0 79.31488765935975,22.415735763055785,0 79.3147274747491,22.41565439054641,0 79.314586721193,22.415473767602535,0 79.31447991444732,22.41531566878029,0 79.31453339546394,22.415162161724204,0 79.31463064229797,22.415008668481,0 79.31465006427602,22.4148732369762,0 79.31457736238302,22.414688133575133,0 79.31444145871907,22.414489394934026,0 79.31431039273137,22.414331279274563,0 79.31418900102696,22.414254500836176,0 79.31400931071137,22.414267958355175,0 79.3136887392283,22.414371737949473,0 79.31348474663778,22.414412243699115,0 79.31324195374195,22.41441215718176,0 79.31313514965493,22.414461756918353,0 79.31294563977292,22.41461068892452,0 79.31278534390559,22.414777704780242,0 79.31265907913011,22.414818285711725,0 79.31243568872203,22.41480014927363,0 79.312197729268,22.414727811739233,0 79.31194040019834,22.414497494955718,0 79.31179964704324,22.41450643045894,0 79.31144016751348,22.414646302804105,0 79.31095919756751,22.415029871825965,0 79.31020641586551,22.415187655982464,0 79.30919120544124,22.41568837990941,0 79.3084091375354,22.41599065638969,0 79.30779228595915,22.41618900481498,0 79.30629619990451,22.416992158330558,0 79.30595615312924,22.417199682881833,0 79.30568897453583,22.417353128755135,0 79.30523719991928,22.417529022058385,0 79.30474189461631,22.417510733070678,0 79.30382405184567,22.417401936993706,0 79.30198832410811,22.41736053988039,0 79.30141040899336,22.417328602208006,0 79.30058513845665,22.416777378619855,0 79.29974530661778,22.41613585945347,0 79.2988375259755,22.415462627456403,0 79.29835704722468,22.41498829548169,0 79.29706580832942,22.4139040490576,0 79.29576494397462,22.41288290413398,0 79.29512911287927,22.41226403511003,0 79.29494954102388,22.411979455328176,0 79.29469740853395,22.41139689256268,0 79.29414914023113,22.410480043885745,0 79.2938876830935,22.40912979745981,0 79.29379097429606,22.40838923772366,0 79.29370405947154,22.407558407164373,0 79.29368750689808,22.40742703481556,0 79.2936363577394,22.407021076940204,0 79.29347191254763,22.4058605688569,0 79.29326369626799,22.40484900316624,0 79.29306995565743,22.404018135285337,0 79.2928323768974,22.40342192133645,0 79.29260472081661,22.4024916492565,0 79.29264396978961,22.401823441922687,0 79.29260080994018,22.40077591281261,0 79.29253828236338,22.3998682314312,0 79.29238340001567,22.39888388936737,0 79.2921701671093,22.398328389192365,0 79.2918988292908,22.39727620454562,0 79.29171489322607,22.396246615719075,0 79.29148732411394,22.395212496936132,0 79.29059483940034,22.393631627535893,0 79.28992525591032,22.3928320430259,0 79.28912003900886,22.39148606348377,0 79.28853305762475,22.390537624220336,0 79.28816973244929,22.389259538532592,0 79.28806396413077,22.38758881143804,0 79.2880938448704,22.386315519181448,0 79.28801239868407,22.384468696300548,0 79.28765350760736,22.383854508027056,0 79.28660591745957,22.382110950691413,0 79.28596582419758,22.38083736169119,0 79.2853889469371,22.379428272920464,0 79.28437076268878,22.377278379444373,0 79.28376952114772,22.37609500429022,0 79.2833376964454,22.375593609827614,0 79.28265447540112,22.373547756844317,0 79.28272740410394,22.37346202244613,0 79.28303317862547,22.373570539047662,0 79.28629685500609,22.374928485839096,0 79.28790139424424,22.375596055972775,0 79.28893516647767,22.376084335180202,0 79.2900126369294,22.376730517886898,0 79.29119698952884,22.37720079770707,0 79.29173097959122,22.377341021390126,0 79.29241062665179,22.37738203248774,0 79.29282803840594,22.377589927347064,0 79.29370163971008,22.37819536101683,0 79.2948178062119,22.379071941726533,0 79.2959728266115,22.37981299312424,0 79.29668140341607,22.38035062107186,0 79.29864208146145,22.38186421395546,0 79.29947191678207,22.38253735592571,0 79.3011657748212,22.383770821876077,0 79.30221896676103,22.384575065466233,0 79.30334993748947,22.38525739779,0 79.30429620917228,22.386178885371322,0 79.30518439658283,22.386910725870234,0 79.30642207919128,22.38788205410941,0 79.30728112987359,22.388586773801876,0 79.3079072035574,22.389092763810964,0 79.30873741805112,22.389354975745785,0 79.30995102971579,22.389698655750944,0 79.3107520871341,22.390028574550968,0 79.31176670020822,22.39039471963439,0 79.31292213272995,22.390905392569852,0 79.31394153363446,22.391361859950898,0 79.31471343453863,22.391705252186583,0 79.31630573013531,22.3924734436923,0 79.31731056146234,22.393146634009426,0 79.31812610820207,22.393724877192206,0 79.31880080152818,22.39420369877449,0 79.31888374160876,22.393255531897807,0 79.31895203808476,22.39251499634417,0 79.31920471431076,22.3919958752584,0 79.31987028057898,22.391084018818717,0 79.32040466175035,22.3904204222599,0 79.3198366061815,22.390113234716807,0 79.31959882993944,22.38976545388995,0 79.31928840933134,22.389146769583615,0 79.31933221544635,22.388717762780097,0 79.3194443988886,22.387417399192888,0 79.31956607504496,22.386767235515656,0 79.32003252411221,22.385837270910802,0 79.32047453275906,22.38538141748511,0 79.3207125324706,22.385092482164584,0 79.3219947396018,22.384000172240867,0 79.32297108440137,22.38299357988291,0 79.3233791061322,22.382501569079885,0 79.32386939075111,22.382777187086788,0 79.32549559703818,22.383427864725114,0 79.3263403483901,22.38378928931368,0 79.32819979822797,22.384191757427768,0 79.32935518349161,22.384481073245208,0 79.33080684893547,22.384716266320428,0 79.33220513599161,22.38501464169296,0 79.33307896139556,22.385290261128603,0 79.33392379328353,22.38552523937567,0 79.33454517779833,22.38566541930272,0 79.33527836381464,22.38564304161834,0 79.33568624056537,22.38530897886242,0 79.33663323291198,22.384645476598426,0 79.33727421476183,22.384257283510966,0 79.33824066353827,22.383638875457738,0 79.33855135504365,22.383571275181435,0 79.33980880945853,22.383666333613228,0 79.3412946109424,22.383571801345177,0 79.34244528085382,22.383621722994512,0 79.34375135965733,22.383694219235952,0 79.34424653689236,22.38375307325797,0 79.34546031810355,22.383852590938602,0 79.34633909590424,22.383992728521005,0 79.34718392502059,22.384191543005088,0 79.34706898633955,22.38334800450043,0 79.34702395272598,22.383017499401713,0 79.34687363100704,22.38203314834367,0 79.34670379164108,22.381112054454338,0 79.34670391692703,22.380470830279926,0 79.34677688680843,22.37985229072446,0 79.3469275615597,22.379373655424928,0 79.34712660524025,22.37902153968468,0 79.3473743165126,22.37859708786807,0 79.34748605184028,22.378104935384158,0 79.34753473797588,22.377630831879657,0 79.34777757462399,22.37707102448443,0 79.34827301816331,22.37619514289977,0 79.34857412295628,22.375621682810326,0 79.34891413260542,22.37462839565886,0 79.34922498928437,22.373784033292452,0 79.3493562087851,22.372853925307155,0 79.34894878077299,22.3707994344287,0 79.34881298249907,22.37009953700496,0 79.34857997303007,22.369860183400235,0 79.3476916098563,22.369715506798673,0 79.34651683196263,22.36936309250542,0 79.34554112717878,22.368929499745175,0 79.34472070541685,22.36864037602915,0 79.34505575700831,22.3682656520301,0 79.34569671391893,22.367940673824332,0 79.34674050249613,22.367462209644458,0 79.34770676665491,22.36656838337284,0 79.34843517660731,22.365552557470075,0 79.3490567116782,22.364748937034644,0 79.34931407818414,22.364446416464084,0 79.34991142236488,22.36320934698271,0 79.35048918934834,22.36240562566787,0 79.35108651522835,22.361127952117407,0 79.351785931939,22.359218055018683,0 79.3520968172304,22.357935748580044,0 79.35237363550263,22.35703719820597,0 79.35237377715214,22.356066393940594,0 79.3521555484174,22.354621453666592,0 79.3519663777317,22.353826786356148,0 79.35178680595489,22.35339323087475,0 79.35059291933997,22.352070148586538,0 79.34911751799925,22.350760486722763,0 79.34818561798922,22.350141687162868,0 79.34727794904963,22.349766768991582,0 79.34592374329748,22.34970781108103,0 79.34470535218126,22.34960376601782,0 79.34222997405311,22.348804066992404,0 79.341652292322,22.34880395351931,0 79.34083185935665,22.34917407077549,0 79.33968146852868,22.349345364857193,0 79.3367400297084,22.34877130913786,0 79.33523538601948,22.348423257158117,0 79.33388122204309,22.347989405110493,0 79.33273576889465,22.347501497844682,0 79.33180393843811,22.34731612187548,0 79.33093986353852,22.34754615001495,0 79.33034277706935,22.347645334464058,0 79.32959054960581,22.347252308048873,0 79.32878976266677,22.346737356089402,0 79.32831421384098,22.34629472933583,0 79.3273386661936,22.34606862391566,0 79.32731444994033,22.345734512461135,0 79.32784873237195,22.344930965489652,0 79.32758183469538,22.344619346695122,0 79.32576173896643,22.344352381237734,0 79.32496564885561,22.34439275237362,0 79.324742393032,22.344352078561638,0 79.32492212325076,22.34400442234922,0 79.32500959889953,22.343756150697043,0 79.32366018709179,22.34383695059856,0 79.32352427326894,22.34365175889818,0 79.32469924369326,22.342929702711515,0 79.32510216947897,22.342537008791872,0 79.32525780108737,22.341832685572573,0 79.32499108510964,22.340988204971563,0 79.32455928897537,22.340626868517734,0 79.32389436917295,22.340355726189518,0 79.32324881862053,22.340378070654243,0 79.32207945129619,22.33950174938035,0 79.32141465590725,22.339036436136567,0 79.32074986523375,22.338571120976525,0 79.32008017429246,22.338250318528743,0 79.31769744103059,22.33726973346209,0 79.3172752448644,22.337066399271382,0 79.3168530509929,22.336863064844245,0 79.31600864313553,22.336460810429312,0 79.31461108279079,22.335864284933518,0 79.31389288026298,22.33543957361886,0 79.31034446798802,22.33657609168152,0 79.30978619998704,22.33663909904517,0 79.30904375875802,22.33642203972821,0 79.3073357202267,22.33544602281165,0 79.30618574192152,22.33478638301314,0 79.30445353028726,22.333692843974962,0 79.30277983339442,22.332319501250716,0 79.30132854839128,22.332391071535046,0 79.30079462145164,22.332512801012367,0 79.3002180673792,22.330570939350213,0 79.29645271577492,22.329002350309374,0 79.29511802438238,22.329001672160178,0 79.29126000808523,22.3283766218247,0 79.28862002514961,22.327901087856507,0 79.28649558908829,22.325755166119393,0 79.28605127016174,22.3223232987872,0 79.28576639208127,22.320033847283685,0 79.28575224272228,22.31934303929787,0 79.28566543875162,22.318494095324223,0 79.2858213478667,22.31762723800675,0 79.28595780895441,22.316679091388263,0 79.2861767414378,22.31583030016654,0 79.28632265905618,22.31518020223881,0 79.28663800154759,22.3154151554197,0 79.28702611810495,22.315641152476413,0 79.28738994131582,22.31576779167467,0 79.28794806185874,22.315808712634173,0 79.28831200100049,22.315786302672347,0 79.28869060300475,22.315651091317108,0 79.28896729469507,22.315569902409973,0 79.28924389598966,22.31563324998465,0 79.28946692987827,22.315850088296596,0 79.2896367522204,22.316008218939945,0 79.28982600895037,22.316030924158685,0 79.2902579895502,22.315886661977995,0 79.2905928560396,22.315751425915654,0 79.29085491504385,22.315832838409996,0 79.29095662768366,22.31614439117967,0 79.29096612505151,22.31645597246547,0 79.29112133056057,22.316609613182948,0 79.29134450571814,22.316672890938968,0 79.29196581770421,22.3165377943301,0 79.2929026690062,22.31619960597271,0 79.29322289976044,22.316172653237214,0 79.29358682546288,22.316263097168896,0 79.2938196610521,22.316461930874482,0 79.2941645960899,22.31585252369028,0 79.29457738980079,22.315356023346276,0 79.2951457934632,22.31416425835811,0 79.29556838794082,22.31357297777069,0 79.29676294818567,22.312146690015197,0 79.29750125240557,22.310982128186335,0 79.29795290002565,22.31028243519182,0 79.29820542493614,22.30994389739154,0 79.29848267143181,22.30875648155878,0 79.29841515625394,22.307894013086415,0 79.29845895541229,22.307659274696032,0 79.29921632517889,22.30712228603907,0 79.29976979962258,22.306544580807472,0 79.30058067987193,22.30565542182744,0 79.30091096334655,22.30505504838618,0 79.30137243495003,22.303989632560636,0 79.3016396780277,22.30331697491506,0 79.30156713718429,22.3028563337714,0 79.30140234574826,22.302589885447205,0 79.30072306424766,22.30242251501946,0 79.29961662651037,22.302525853679615,0 79.29877237179562,22.30251642521659,0 79.2972438088749,22.30244793959012,0 79.29663738316718,22.302366413037124,0 79.29650160102847,22.30219022216103,0 79.29632738075722,22.301341252216393,0 79.29567765674929,22.300388161310455,0 79.29591117526363,22.2994040070928,0 79.29600871941543,22.298500971150833,0 79.29577634577925,22.297521004920426,0 79.2955195506715,22.296870688311227,0 79.29556370091346,22.295981122973885,0 79.29591838606238,22.29509180372565,0 79.29671929938401,22.294577403548683,0 79.29883998712793,22.293973369010565,0 79.29981574453575,22.293170137796494,0 79.30087868677424,22.292488823351544,0 79.30150005634866,22.291929196469052,0 79.3019467154241,22.29135136241907,0 79.30224316924603,22.29057490522135,0 79.30277699968453,22.290308729070563,0 79.30311187729384,22.29011924377765,0 79.30401923287017,22.29007894899774,0 79.30459681902835,22.28974962859238,0 79.30503851337815,22.289320810917218,0 79.3054171656022,22.28902749205688,0 79.3058634887065,22.289050250676326,0 79.30646035420114,22.28896469787028,0 79.30710579111398,22.28863540363278,0 79.30807135262432,22.288604187847447,0 79.30897888492679,22.288171041215726,0 79.31035247754208,22.28703372008113,0 79.31142012537263,22.286623289818053,0 79.31206068137453,22.286352594732005,0 79.31446740111805,22.28587033394516,0 79.31557862747863,22.285559221201808,0 79.31613183682151,22.285437436849687,0 79.3168208288818,22.28518940409243,0 79.31760697984676,22.285013519781018,0 79.31871784927884,22.28532093803891,0 79.32013439059625,22.285800124592445,0 79.32110954162266,22.2860713807568,0 79.3223711842372,22.285823401166176,0 79.323632734744,22.285534811451363,0 79.32525340178614,22.285142494151273,0 79.32608802256092,22.28492599944351,0 79.32701975931992,22.284366361629147,0 79.32826200757465,22.283766207357925,0 79.32932471959853,22.28306655995512,0 79.33063495326212,22.282340011997814,0 79.33148418526791,22.281988039935964,0 79.33150344922211,22.282439589618278,0 79.33210468070355,22.28372206655881,0 79.33094978542393,22.284227446845772,0 79.33100783617256,22.284579743073834,0 79.33091555212606,22.28492732436922,0 79.33098345905977,22.285053840088512,0 79.3315366433488,22.284972689795637,0 79.33189558094743,22.285175977838982,0 79.3320506596706,22.285609438267677,0 79.33202631256273,22.285961646898066,0 79.33231254004193,22.286146845671922,0 79.33275890775165,22.28629601704839,0 79.33425800638757,22.286756930271533,0 79.33561153923579,22.287190768814636,0 79.33637799751614,22.287678551428012,0 79.3373725998863,22.287985875506326,0 79.3380372847471,22.28786413066299,0 79.33881368219575,22.287697208289327,0 79.339745322654,22.287385871122265,0 79.34009952864959,22.287471741214215,0 79.34074480956977,22.28748992460494,0 79.34112332058369,22.28734546993077,0 79.34163272672546,22.28757139202014,0 79.3419189018954,22.287553393904567,0 79.34256912736224,22.2873547885725,0 79.34247213533371,22.28714713914444,0 79.34278272642341,22.286934905606365,0 79.3435398229296,22.286194522214476,0 79.34409301273959,22.285616659686585,0 79.34568004727794,22.283585116094596,0 79.34709721213251,22.281350201372017,0 79.34829581267442,22.280113190357035,0 79.34863080043597,22.27872700518978,0 79.34871852916855,22.276496485953597,0 79.34885487809302,22.273895634905116,0 79.34915128409685,22.27101036399061,0 79.34950576688695,22.26927646313523,0 79.3496853948842,22.268536059575627,0 79.3497727961339,22.26828317799036,0 79.35125727114851,22.268351130097514,0 79.35227608930387,22.26805776690081,0 79.35334330188093,22.267958574631383,0 79.3542505140577,22.26783227146592,0 79.35652576172107,22.26769704946592,0 79.35809760287187,22.267737871363874,0 79.35947538726359,22.267778592401413,0 79.36065907265835,22.26746267162967,0 79.36177003338904,22.267069933186313,0 79.36274519775132,22.26657332407068,0 79.36332255520483,22.266239180776207,0 79.36349724390116,22.26548060570199,0 79.3638999738829,22.26423893749331,0 79.36419591006522,22.263358431714476,0 79.36433187969338,22.261954171748616,0 79.36461817169028,22.26073503000841,0 79.36545265500969,22.259028244167016,0 79.36549640634466,22.258202009388448,0 79.36539469794855,22.255673354046348,0 79.3653171589723,22.25458967398319,0 79.36489525319884,22.25279247172652,0 79.36422107615864,22.251893907103604,0 79.36408040013323,22.25131140990605,0 79.36406585061151,22.251252706707533,0 79.36362517849902,22.25063939868107,0 79.36359225071936,22.25059355697212,0 79.36357596413627,22.250570884497595,0 79.36358886762585,22.250479616009557,0 79.36398362114498,22.249057945988792,0 79.36398361109474,22.249057163451575,0 79.36396430275187,22.247513756866457,0 79.36392069879122,22.24634874980482,0 79.36392574792806,22.24459228403091,0 79.36391119971901,22.244023298562684,0 79.36406650461072,22.243237674335006,0 79.36411500860379,22.242962253678932,0 79.3641926319663,22.242759036785046,0 79.36438173647082,22.24261005089151,0 79.36469218900685,22.242479156359014,0 79.36494444030137,22.242379777920625,0 79.36536645877362,22.242203688438835,0 79.36566229228008,22.241987024675158,0 79.36583694258437,22.24173864405972,0 79.36613287941083,22.241111028607282,0 79.36638029222607,22.240456327774396,0 79.36654038011703,22.239946071057695,0 79.36654034420881,22.239359103436485,0 79.36631244878329,22.238347621182893,0 79.36632707247335,22.237530384854196,0 79.36615737421484,22.23636531548601,0 79.36595861850796,22.235218445136976,0 79.36538153719042,22.23325425878719,0 79.3653573958475,22.232807214058436,0 79.36529913410742,22.23250464881652,0 79.36527973529181,22.23228344323734,0 79.36539134449049,22.2321253862672,0 79.36553197202782,22.232039624041192,0 79.36562420264663,22.23192217512661,0 79.36565807890297,22.23174611706375,0 79.36576486352251,22.231542931420805,0 79.36592491064587,22.231366848783725,0 79.36609462694149,22.231195225257114,0 79.3661577064848,22.231032637806923,0 79.36628383775573,22.23085659781149,0 79.36642448391022,22.230725634632304,0 79.36651174280338,22.23053147958287,0 79.3665457291202,22.23037346516418,0 79.36659909730975,22.230256038103402,0 79.36658936945116,22.23016126927494,0 79.36652146833354,22.230052816550323,0 79.36644395365421,22.229949018485957,0 79.36641002304762,22.22984963751231,0 79.3664099638739,22.22975932792759,0 79.36650701649275,22.229687099937443,0 79.36673008251292,22.22956522608008,0 79.36695808055102,22.22942523812737,0 79.36724906138427,22.229244638753755,0 79.36758368633674,22.22897372689218,0 79.36800569779277,22.228522192490463,0 79.36821907641875,22.22829643525083,0 79.36829185141339,22.228111333524094,0 79.36842283938479,22.227664291503505,0 79.3685876730578,22.22737536303112,0 79.36879142862631,22.227217319199482,0 79.36900483903469,22.227045691789236,0 79.36922792179422,22.226774772645502,0 79.36932008945926,22.226648391931846,0 79.3693346594712,22.226517453161275,0 79.36934428205659,22.2263052071204,0 79.36931040313085,22.226174251489702,0 79.36911637972223,22.22591236530515,0 79.36871871704791,22.225641438269072,0 79.36844226989726,22.22543370719193,0 79.36824342476044,22.2253117288181,0 79.36809794018899,22.225216946734207,0 79.36792339876169,22.225140178442878,0 79.36771482381718,22.225108559960184,0 79.3675742430032,22.22506341676602,0 79.3674626298542,22.2249776131321,0 79.36736083536827,22.22482409443773,0 79.36719112488343,22.224647922686202,0 79.36706497767823,22.224562150050147,0 79.3670067784969,22.224431183399542,0 79.36699226810042,22.2242415748778,0 79.36702141178063,22.223939009646607,0 79.36698743322776,22.223726857752375,0 79.36695840385958,22.223636519264954,0 79.36694864127995,22.22348752791715,0 79.36687108704555,22.22339265972492,0 79.36670622682614,22.223297795297885,0 79.36653645367693,22.223175936430373,0 79.36644427661153,22.22305854484589,0 79.36640553495465,22.222932079169826,0 79.36641520749043,22.222792098753654,0 79.36647829388237,22.222647647972757,0 79.36659472906152,22.222512165004517,0 79.36679353729026,22.222394792785806,0 79.36693414350555,22.22233158449737,0 79.36702632152057,22.222223157536728,0 79.36712819529247,22.222010928695695,0 79.36736101256963,22.221627189626027,0 79.36752102111785,22.221374330217888,0 79.36765685994185,22.221130483332576,0 79.36772477361744,22.220886628726085,0 79.36772477669591,22.22074218920405,0 79.36771021235131,22.22058415642037,0 79.36766171740749,22.220511873027004,0 79.36755984375338,22.220457684990414,0 79.36742890375722,22.220444158542904,0 79.36729795289224,22.220453185939178,0 79.36709912298925,22.220493781111784,0 79.36691972527598,22.22050278966079,0 79.36671115893513,22.220471169858996,0 79.36656082450828,22.22035832295977,0 79.36652205001762,22.220218323992242,0 79.3665317684802,22.22010992043871,0 79.36666757734282,22.21993382849172,0 79.36689061664791,22.219834509760776,0 79.36701674983188,22.21971711040823,0 79.36707007924089,22.219586243211932,0 79.3670894867542,22.21947778720109,0 79.36705068733852,22.219301702849602,0 79.3669488565778,22.21919789582176,0 79.36675972489749,22.219134597697273,0 79.36637668224425,22.219035321688867,0 79.36607112606151,22.219003664008078,0 79.36589174955655,22.218926873274135,0 79.36567347899407,22.218714686499368,0 79.36550863380783,22.21855657684444,0 79.36534853654327,22.21843917616232,0 79.36461146634898,22.218416569687268,0 79.3639616036336,22.218515842478475,0 79.36279769153441,22.218904129946353,0 79.36266184381446,22.21894470828805,0 79.3626618550838,22.21900344077258,0 79.36272494861515,22.219184048229508,0 79.36273462920275,22.219369217712877,0 79.36272485464934,22.21954979447806,0 79.36266183141238,22.219721401563984,0 79.36252116110992,22.219920023443425,0 79.36234172172934,22.220100622757485,0 79.3621670713344,22.220312909724246,0 79.36191978351941,22.220579296948546,0 79.36165782788444,22.220710204891745,0 79.36135236721091,22.22080051476224,0 79.36103222949747,22.22085918643205,0 79.36070246724906,22.22090428435949,0 79.36050846913999,22.220967445316514,0 79.36039690738603,22.22103519003791,0 79.36027081192984,22.2210622741724,0 79.36008653550212,22.221057721594516,0 79.35988775800534,22.221026134693012,0 79.3596452559495,22.221039654648592,0 79.35875291549026,22.22130597818506,0 79.35831154290759,22.22150912228792,0 79.3580302805748,22.221603946857677,0 79.35779747704298,22.221676146379146,0 79.35758403121913,22.221712248313935,0 79.35733671400409,22.221779966768754,0 79.35713790044733,22.22185672745978,0 79.35694386568466,22.22190635223555,0 79.35660439252332,22.22213662102129,0 79.35641038730587,22.22228106421786,0 79.35621637034839,22.22240746390302,0 79.35606114618727,22.222506779478667,0 79.35585743055276,22.222574496966388,0 79.35556647651732,22.222628678503963,0 79.35537729489903,22.22269636426671,0 79.35523180569524,22.22274600862655,0 79.3550184784688,22.222777597588173,0 79.35479045025849,22.222822747126468,0 79.35464500507392,22.222863369500235,0 79.35437821872327,22.222908446101616,0 79.3541987808921,22.222985193588485,0 79.3539417240764,22.22310257684098,0 79.35367504311488,22.223206385215722,0 79.35331610028801,22.223332814124127,0 79.35295232932081,22.223535906207207,0 79.35260314154432,22.223648749755473,0 79.35229760859427,22.22381130712352,0 79.35197753326831,22.223915069037506,0 79.35161861594183,22.22409562379484,0 79.3513906234367,22.224213035256714,0 79.35118686775436,22.224307811214295,0 79.35100741948102,22.22446584249502,0 79.35077942333791,22.224903799549942,0 79.35070183807102,22.225057296389217,0 79.35061450157336,22.22514308825827,0 79.35057565589251,22.225260480675644,0 79.35056109223628,22.225486237712783,0 79.35047861320466,22.225689424471067,0 79.35011969559889,22.22592870938157,0 79.34941641043618,22.226303313473046,0 79.34864519913268,22.22649737262699,0 79.34828634132693,22.226623790200904,0 79.34813111439664,22.226741141108906,0 79.34784487409294,22.22709783181606,0 79.34778176197453,22.22738229633203,0 79.34778170328525,22.227851886819867,0 79.34788348616229,22.228461475475083,0 79.34810149836646,22.229260745025066,0 79.34818390546367,22.229630990908312,0 79.34817902706847,22.229856789855287,0 79.34828563282898,22.230610839698524,0 79.34832906464,22.23138302919351,0 79.34830467344327,22.232412507870126,0 79.34834806100487,22.233532311276797,0 79.34749427066643,22.234475919329363,0 79.34497647686766,22.23723887493842,0 79.34460292391468,22.23766781782876,0 79.34454955795744,22.237681304256416,0 79.34437498910688,22.237708350505713,0 79.3442537108568,22.237717399086957,0 79.34401115240655,22.237834737100822,0 79.34383660864736,22.23791600493195,0 79.3435261348253,22.237970079195478,0 79.34339031465923,22.23801975451376,0 79.34325934008507,22.238069358681017,0 79.34301194537657,22.238263542472115,0 79.34276452877904,22.238462145482195,0 79.34224063566869,22.238895493950764,0 79.3418670651362,22.239206963511425,0 79.34149351402435,22.239514013499992,0 79.34067365453696,22.24024074995659,0 79.34029525752756,22.240448444540892,0 79.33990240991639,22.2404618309728,0 79.3396744058362,22.24047538243008,0 79.33828240155158,22.240488640322084,0 79.33719595845352,22.240501934176002,0 79.33628404279116,22.24049720404385,0 79.3358135526329,22.24059189571579,0 79.33446024232487,22.241047631646413,0 79.33268000857393,22.241467137059985,0 79.33185054248455,22.241737816909787,0 79.33089518952809,22.2412318780431,0 79.33040551509347,22.240903812185895,0 79.33040539936233,22.240902075459367,0 79.32991076487161,22.24057234285374,0 79.32975571819615,22.240125262377134,0 79.32964913866317,22.23957888181786,0 79.32933885215586,22.23909116023464,0 79.32867476231566,22.238079529580666,0 79.32811718276194,22.237415522393636,0 79.32730254801265,22.236859921661345,0 79.32750169575425,22.235934326156872,0 79.3276085557206,22.235419638812036,0 79.32727916754283,22.234128156881503,0 79.32700300479884,22.2333920253614,0 79.32669275581264,22.232728192255298,0 79.32644565149026,22.23222693841057,0 79.32583949733134,22.23174811410223,0 79.32516065991508,22.23138661491428,0 79.3242392793232,22.231119955818226,0 79.32361367615522,22.2310023659694,0 79.32467136315056,22.22985580086266,0 79.32587972062056,22.227612009684627,0 79.32516240154183,22.22639263045542,0 79.32426576638112,22.224590731207783,0 79.32463480178069,22.223565834385482,0 79.32468842548587,22.22277114988758,0 79.32542073907167,22.22249142632284,0 79.32655090098254,22.222022171519605,0 79.32778286661211,22.221616143763374,0 79.32850557276721,22.221395096263453,0 79.32914580742751,22.221079135986294,0 79.32978613737092,22.22049233729551,0 79.33033434017844,22.219783612827356,0 79.3304897937234,22.219196600907885,0 79.33050447813102,22.218740517805703,0 79.33039797156312,22.218085789667303,0 79.33025745219221,22.217489736528833,0 79.33022373330779,22.216947825473596,0 79.33032096180962,22.216261594381965,0 79.33049086229876,22.215652000304896,0 79.33146149954614,22.213313320587904,0 79.33182052108768,22.212509673908126,0 79.33189832284577,22.21204457290641,0 79.33196149095494,22.211385348602068,0 79.33192779512451,22.210662914012495,0 79.33182135659727,22.20980041518883,0 79.33185057121284,22.209479814448816,0 79.33206902206948,22.208807099667844,0 79.33244741255628,22.208021489644572,0 79.33294690636282,22.208247391430852,0 79.3343238529947,22.20875801880993,0 79.33543429118815,22.208952442235383,0 79.33580772146117,22.208948005241012,0 79.33568206966781,22.207227631395682,0 79.3369817113949,22.2070517886373,0 79.33673495606585,22.205015314274316,0 79.33671561718127,22.204635951494897,0 79.33691944238872,22.20411230065892,0 79.33723483957307,22.2034395437003,0 79.33735610913301,22.203249883174664,0 79.33592101892313,22.202536134652043,0 79.33687188997355,22.20066702382443,0 79.33718732464509,22.199809140747032,0 79.3374202711968,22.199095794777488,0 79.33763869550302,22.197890154970754,0 79.33775046993885,22.197131631233052,0 79.33782847173549,22.195307397106532,0 79.33789208334744,22.19341543913259,0 79.3378923803179,22.191925404377848,0 79.33798474483889,22.19121199700069,0 79.33811107732149,22.190132812686375,0 79.33809674952056,22.189288402570952,0 79.33801938634473,22.188398885666672,0 79.33786449725224,22.187437041988336,0 79.33772406950938,22.186940333098157,0 79.33767556351958,22.186660359944998,0 79.33773870239693,22.186488766063043,0 79.33781629485365,22.186253992086215,0 79.33806849413396,22.18601022332058,0 79.33847105914738,22.185644584414526,0 79.33908205147243,22.185030563267887,0 79.33939740108676,22.184434674781528,0 79.33947502978148,22.18395604164681,0 79.33947523784732,22.18342321790579,0 79.33948979230763,22.183143244913555,0 79.33952381493611,22.183021326540104,0 79.33970809285438,22.182818224610937,0 79.3399748163307,22.182416362788278,0 79.34022701756219,22.18209130471716,0 79.34044523331563,22.18186110148517,0 79.3407653178257,22.181599213538014,0 79.34107561609514,22.18139610593547,0 79.34130352689614,22.181242626191374,0 79.34145870841603,22.181025955477207,0 79.34167214546866,22.180782105549138,0 79.34186121283047,22.180529311062816,0 79.34204552299263,22.180357781772962,0 79.34221036454467,22.180244900067418,0 79.34239943137192,22.180208806799783,0 79.34260311405015,22.18019533045408,0 79.3428212746319,22.180231443606434,0 79.34315093182104,22.180326402984203,0 79.34347571837577,22.18046644963612,0 79.34331117008283,22.178998905802203,0 79.34326287405605,22.178398302939552,0 79.34302076155328,22.176867549359994,0 79.34304026111546,22.176506312355357,0 79.3426867161512,22.174767764698647,0 79.34231857653162,22.173557557598283,0 79.34149008987673,22.171159754950175,0 79.34067624963956,22.168901847677112,0 79.33998821840188,22.167181358345918,0 79.3399253883618,22.166467925451744,0 79.33984306029741,22.166075039353434,0 79.34002261170194,22.16541126956356,0 79.34016816932133,22.164706938371857,0 79.340213756738,22.163395666587707,0 79.34022878533685,22.163263014566617,0 79.3402327346227,22.163264564508804,0 79.34047889826492,22.162914397505453,0 79.34061956394797,22.16271119822436,0 79.34085720242356,22.16207005100311,0 79.34087664725729,22.16201582238129,0 79.34093969345726,22.161839809989065,0 79.3410027770257,22.161636640614006,0 79.34105119888504,22.161519204414887,0 79.34109493839463,22.161428903099072,0 79.34115798611863,22.161311530588936,0 79.34122096580948,22.161207688918285,0 79.34128398339685,22.16107678416102,0 79.34136158932348,22.160972914083747,0 79.34144407449021,22.160842001067255,0 79.34148771467505,22.160751700154343,0 79.34158463762911,22.16063880155955,0 79.34185135747074,22.160286650997797,0 79.34191440594928,22.16022800926383,0 79.34281629096839,22.15926184236713,0 79.3428889850592,22.15917157529485,0 79.34300048527054,22.1590677596629,0 79.34312661251758,22.15896391542241,0 79.34349025404666,22.15867496545511,0 79.34371326790185,22.15844468785164,0 79.34386839446792,22.158331855422126,0 79.34419318376003,22.158124203819774,0 79.34456161034826,22.157984309789967,0 79.34482823629291,22.157925628397134,0 79.34514820523255,22.157871503148296,0 79.34532756518146,22.157754171434718,0 79.34539543595812,22.15765937074553,0 79.34557973349709,22.157383908163233,0 79.34588525676102,22.156796993360192,0 79.34605981837545,22.15647186977502,0 79.34655440068931,22.15556440356362,0 79.3467289897172,22.15535223245689,0 79.34730602679846,22.15453496571831,0 79.3481398715483,22.15362297340955,0 79.3483532463115,22.15332047718239,0 79.3490658927306,22.152832979587934,0 79.34928408543023,22.152634341380924,0 79.34936164567713,22.15255753147322,0 79.34947317047131,22.15242664747473,0 79.3495652025807,22.152340879287337,0 79.34964770590591,22.152223494440666,0 79.34972523391862,22.152133153124442,0 79.34986587827666,22.151988677929307,0 79.35004037124489,22.15175394959599,0 79.35006944070379,22.151690740071437,0 79.35013251702686,22.151604938274424,0 79.35018102583346,22.151487500084688,0 79.35025855872152,22.151315965538696,0 79.35051067843176,22.150950206569945,0 79.35071922415673,22.15050325132305,0 79.35071435027855,22.150489698390423,0 79.35073381064869,22.15043095819385,0 79.35076283584505,22.150376769724055,0 79.35082590150141,22.15027292588826,0 79.35088890327543,22.150142016821523,0 79.35093742571443,22.14996142824279,0 79.35095198812591,22.149934333748256,0 79.35106843034039,22.149347335441494,0 79.35106841430728,22.148990620762135,0 79.35105400132628,22.14850745274088,0 79.35086994528032,22.147699154412155,0 79.3506276522317,22.147197886279436,0 79.35053312852699,22.146967888567456,0 79.35034185398109,22.14650247066962,0 79.35008988674734,22.145540701067993,0 79.35006567397886,22.145441360654242,0 79.35004151095522,22.14515238771767,0 79.3500221723506,22.145066509104222,0 79.35000757728544,22.14498074385286,0 79.34993005233646,22.14483174116912,0 79.34985260501686,22.144687250367372,0 79.34978960622013,22.144538218018877,0 79.3497895650067,22.144506643233452,0 79.34977025897099,22.144434388779473,0 79.34977022071145,22.144362126031375,0 79.34978961252745,22.14421759034633,0 79.34985270179689,22.14406863980914,0 79.34986722201442,22.14400987865313,0 79.34991575958726,22.143906065095027,0 79.34995933104302,22.143707412493555,0 79.34995940610266,22.143472580675738,0 79.34990616004656,22.14317004304406,0 79.35004681818403,22.142501774533,0 79.35033778410623,22.141910280614113,0 79.35051714007292,22.141648416816786,0 79.35133151981294,22.140795152345753,0 79.35154964789737,22.1405648442034,0 79.35157629430456,22.140540032046744,0 79.35158359742434,22.140533231104424,0 79.35223804677393,22.13978827028069,0 79.35271312816587,22.13932781842145,0 79.35292643158746,22.139093069218355,0 79.3529943168362,22.13887178287078,0 79.35300891211651,22.13845640189436,0 79.35293151480391,22.137679679178802,0 79.3529363919948,22.137472024463076,0 79.35293642712148,22.137264256994804,0 79.35297034336025,22.137219110641496,0 79.3529703601758,22.137115272940406,0 79.35346968593272,22.13620320892935,0 79.35360543789271,22.135823971155112,0 79.3536588698732,22.13546720996157,0 79.35360572993079,22.13437898727727,0 79.35368811133733,22.134022258903336,0 79.35374638599293,22.13362492293297,0 79.35379494045759,22.132893479548297,0 79.35377076218813,22.13236516621953,0 79.35390173392962,22.131389762049317,0 79.3540374775069,22.13105111943659,0 79.35422174384796,22.13073054330591,0 79.35434291665214,22.130622251410685,0 79.35462887476498,22.13047774831353,0 79.35498750331182,22.130423676125105,0 79.35559823741595,22.130378593272408,0 79.35582116210892,22.13037401890012,0 79.35603922249531,22.13037411822256,0 79.35622825892102,22.130328987381688,0 79.35645121738474,22.130297348448654,0 79.35664026393336,22.13027025965544,0 79.35685837137925,22.13018005244044,0 79.35704737517564,22.130121295582118,0 79.35727025771241,22.13000395225746,0 79.35748837522516,22.12993169465108,0 79.35771134380732,22.12987759282467,0 79.35792943742314,22.12989112939745,0 79.35811844819486,22.12993179101199,0 79.35834136015211,22.129949858070564,0 79.35855945350322,22.129963485786828,0 79.35877761246032,22.12996348952794,0 79.35900051386264,22.129963513056413,0 79.3590296176084,22.12993187791158,0 79.3591265441004,22.129931919573078,0 79.3591410688679,22.12989129341962,0 79.35921863035126,22.129891253876174,0 79.35929614834363,22.129859638791515,0 79.35944152181459,22.12983254557416,0 79.35965967019102,22.12977390891563,0 79.36037214644006,22.12957071941829,0 79.36131238341004,22.129485028574866,0 79.36132692904211,22.129480579380097,0 79.3615013834591,22.129467046834737,0 79.36154985184828,22.129435400921672,0 79.36162741306595,22.129435359222352,0 79.36177278612188,22.129408356745373,0 79.36196178561941,22.129349593760733,0 79.36247548606829,22.129263846329074,0 79.36285845639603,22.129078771989214,0 79.36330915628345,22.12857759096953,0 79.36356124189622,22.127733222159634,0 79.36370665836307,22.12726812978667,0 79.36407502977616,22.126974644155183,0 79.36411381391206,22.126943047869165,0 79.3642253032243,22.126812154458516,0 79.36436588103896,22.12659089374637,0 79.3643852084533,22.126414782777054,0 79.36436588560827,22.126324488228317,0 79.36432229652917,22.12606259422134,0 79.36432225125252,22.125990332061566,0 79.36439987946363,22.125710351906523,0 79.36451132314103,22.12554779178468,0 79.36465183708475,22.125462034249818,0 79.36472938332204,22.125403352865884,0 79.36477784943267,22.125371705974715,0 79.36520441133229,22.12524075248886,0 79.3652334248492,22.125227250373104,0 79.36549997601195,22.12516853246211,0 79.36554844140521,22.125136977378816,0 79.36589257123643,22.12507379746975,0 79.36611061787853,22.124911222019627,0 79.36624157724094,22.12449126637172,0 79.36624154453379,22.124211329111816,0 79.36612041767678,22.123678471228466,0 79.3660671408509,22.12333534545378,0 79.366096278113,22.122825119282894,0 79.36600418272934,22.12241868138515,0 79.36593155593182,22.1218271129915,0 79.36640161142637,22.12175037495338,0 79.36759376793214,22.121470545244254,0 79.36796693261113,22.1211815807212,0 79.36831107060766,22.12084738797714,0 79.36851945020453,22.12057651349182,0 79.36897024605138,22.119962366963318,0 79.3692367695241,22.119659883832636,0 79.36941123555019,22.119537994804087,0 79.36956141251223,22.119474734247753,0 79.36960919411129,22.119470956754533,0 79.37122028492004,22.119311442390753,0 79.37191152554962,22.119175122489903,0 79.37230926349343,22.11910076851075,0 79.37232619031222,22.11909760402591,0 79.37316455007345,22.118288963103033,0 79.37359909104363,22.11773017051067,0 79.37399466491514,22.116703830787046,0 79.37423205713144,22.11611487029103,0 79.37473474699533,22.11550068890079,0 79.37533058863073,22.115117186277157,0 79.37636177552886,22.114593008086153,0 79.37823645672512,22.113881177205542,0 79.37938772118638,22.113337681093565,0 79.38014724437778,22.112798308642997,0 79.3805942372964,22.11238544220603,0 79.38074460686198,22.111956551469795,0 79.38076294374666,22.111438256810125,0 79.38083313532493,22.110596809719343,0 79.38097230105943,22.11029623161606,0 79.38113233292468,22.110064853889913,0 79.38144637704298,22.10975511567986,0 79.38206810321353,22.108797438299334,0 79.38268433065552,22.108203670300156,0 79.38324237854592,22.107558975705864,0 79.38365280878513,22.1069180381168,0 79.38401968867144,22.10621180786812,0 79.38439830918713,22.105576137039357,0 79.38465533246041,22.105314215805354,0 79.38565655031263,22.105035361896036,0 79.38692921022732,22.1047838078069,0 79.38822062516378,22.104485418184524,0 79.3888736473776,22.104186909285385,0 79.3893727982812,22.10394374049534,0 79.39008445381005,22.103500201683566,0 79.39069277636922,22.103189597787157,0 79.39177939583432,22.10306561127398,0 79.39225627848742,22.10304777997282,0 79.39319644621997,22.10308857872319,0 79.39362039722585,22.103060657130456,0 79.39286045095567,22.10242569506644,0 79.39148502583862,22.101995603317285,0 79.39019441842477,22.101555967680483,0 79.38885957552324,22.101460974189596,0 79.3881407776697,22.10143783390168,0 79.3871949849603,22.101494767229543,0 79.38627118205521,22.101264318085548,0 79.3853951619204,22.10085194388929,0 79.38413732041909,22.10024539489426,0 79.38315064815221,22.09999641022626,0 79.3816155156119,22.099753483684335,0 79.3812133552474,22.099484267915138,0 79.38113315201741,22.099430577827345,0 79.38063884196767,22.0989925911162,0 79.38003799374982,22.098084970929037,0 79.37968914091903,22.097344445977743,0 79.37947591908947,22.096707760695818,0 79.37923358528113,22.096337541693305,0 79.37912217830457,22.09629234685054,0 79.3782838982995,22.095696359244346,0 79.37810947231847,22.095651180659218,0 79.37688358888141,22.09507780211671,0 79.37533787462257,22.094192782102635,0 79.37527493236995,22.094093380965308,0 79.37505693481054,22.093926325000627,0 79.37491640162747,22.09375471027131,0 79.37482428597525,22.09353800509,0 79.37470802028757,22.092418159917507,0 79.37474189871554,22.091338978876326,0 79.37474208048063,22.09133752244471,0 79.37483400033453,22.09060293549878,0 79.37445126103425,22.090061094684067,0 79.37415086444703,22.08936117161892,0 79.373942495681,22.0886884154779,0 79.37379719604252,22.088295576882622,0 79.37365662359747,22.08809238742759,0 79.37340952764586,22.087857549882166,0 79.37312848483703,22.087803354617783,0 79.37327390310084,22.087031182218116,0 79.37362273221461,22.086001727679882,0 79.37363245923977,22.08557722054466,0 79.37358883585543,22.085342397985887,0 79.37363727571706,22.084981199803952,0 79.37387955037168,22.08444387840402,0 79.37421379510735,22.08386137097893,0 79.37422834847429,22.08377103553047,0 79.37429622101472,22.08372584200804,0 79.3744534277242,22.08347053182376,0 79.37510526326838,22.082411912501943,0 79.37529909018207,22.08219509984232,0 79.37616634376069,22.080993986189327,0 79.37681555755272,22.080406973284177,0 79.37698509589468,22.080312212795658,0 79.37712071655638,22.08016318606534,0 79.37794437772794,22.079589681500988,0 79.37839974374641,22.078993580711995,0 79.37876305292258,22.078627875312513,0 79.37889871900627,22.078510420955986,0 79.37912153075695,22.078176264338726,0 79.37929600638596,22.077390577150613,0 79.37931529122821,22.07686227573162,0 79.37939279662623,22.07653267808446,0 79.37950422417406,22.07629784942304,0 79.37985792757905,22.075977208539488,0 79.38058938204667,22.07547152347117,0 79.38072020205817,22.075417287996043,0 79.38082199415197,22.07527732485744,0 79.38187801650187,22.074342525479338,0 79.38210574022526,22.073863862913964,0 79.38240607085804,22.073024008819342,0 79.38310844478771,22.07208020934836,0 79.38325863947172,22.071768672992647,0 79.38334095813222,22.071357719634552,0 79.383505605583,22.071059681567814,0 79.38395609768864,22.07058560740454,0 79.38464403808187,22.07006177683643,0 79.38556931342968,22.06978625127599,0 79.38605856989703,22.06970041972297,0 79.38692078922021,22.069095268398765,0 79.38712427503175,22.06887397072513,0 79.38732769411227,22.068539817973488,0 79.38737611624232,22.068363734685132,0 79.38752629940099,22.067627650841153,0 79.38760375503905,22.067451592223016,0 79.38762791077875,22.06731158758176,0 79.38762310054493,22.06707223281913,0 79.38755033837418,22.066580105184215,0 79.38748739342243,22.06622784367815,0 79.38743404085652,22.0661059352306,0 79.38736137572974,22.066038259458967,0 79.38730814192218,22.065848601066044,0 79.38726444178106,22.06554152252683,0 79.38720146105824,22.06517582241068,0 79.38707552180465,22.06492741600725,0 79.38692042134971,22.064706231276862,0 79.38677515729464,22.06455716305515,0 79.38675573595977,22.064444321043283,0 79.38676535406944,22.06430886029223,0 79.38679446778208,22.06410112483966,0 79.38681383559769,22.063992766605068,0 79.38677500701378,22.063785032620423,0 79.38672655520502,22.063523132800775,0 79.38671682328102,22.063301892457012,0 79.38671685225863,22.062999410888015,0 79.38735627219262,22.062619986729143,0 79.38768080607501,22.06223164536312,0 79.38828126240183,22.060610559665395,0 79.38857182649275,22.059626136893602,0 79.38871713431318,22.05874560683468,0 79.38874612964297,22.05809537929378,0 79.38850378676385,22.05699364835466,0 79.38812578446398,22.055697692384012,0 79.38789797947767,22.054063135090338,0 79.38790755815822,22.052663349013798,0 79.38804300785114,22.050802896111016,0 79.38815914437491,22.05012108243523,0 79.3881156171933,22.04984116279118,0 79.38806713357201,22.049565641512814,0 79.3877279528024,22.0482291598979,0 79.387369226835,22.045727600373162,0 79.38743204917208,22.043921355000204,0 79.38743203215147,22.043564657608176,0 79.39002802730822,22.042489683499088,0 79.39202352440107,22.04178515048088,0 79.39386394033602,22.041261127293676,0 79.3952007065936,22.040990048859772,0 79.39636803143861,22.040913063076093,0 79.39733668926462,22.04096718449093,0 79.3981795537564,22.041129603551294,0 79.39947276051797,22.041097739181755,0 79.40097908895314,22.04122853223138,0 79.40291653412518,22.041440360182673,0 79.40462142493965,22.04161617724583,0 79.40637966685117,22.041588751752304,0 79.40637952770399,22.04089791092405,0 79.40653414609089,22.03923617313178,0 79.40644190342816,22.038563381286366,0 79.40616568021684,22.03774608426584,0 79.40615580473461,22.036937841291742,0 79.40574386736424,22.035718762919352,0 79.40561289017849,22.03490148379847,0 79.40547238967721,22.034662152779724,0 79.40514768716724,22.033564923433367,0 79.40475519445646,22.032765762861484,0 79.40468532964675,22.0326304078483,0 79.40463402899589,22.03253101786786,0 79.40442079147158,22.031894386690087,0 79.40437716305273,22.031325435030862,0 79.40382476641976,22.03036823717586,0 79.40389247869845,22.029848972297586,0 79.40387291206895,22.028981965504702,0 79.40383411504075,22.028720113569893,0 79.40386795781825,22.028354347541317,0 79.40379523490905,22.02786665523662,0 79.40354331822327,22.02753253216355,0 79.40308804148339,22.02710813372483,0 79.40296207881414,22.026909545288962,0 79.40285056214505,22.026530226477146,0 79.40238049032038,22.024909208812105,0 79.40200747219966,22.02454809447637,0 79.40175566116487,22.02423652226723,0 79.40168778663366,22.023965626461287,0 79.40165367356919,22.02315287397664,0 79.40135336312427,22.022565878964507,0 79.40118863055108,22.02236271749403,0 79.40082536777601,22.022051162571792,0 79.40075758708169,22.022042149135984,0 79.40069939413891,22.02196542471271,0 79.40055410757476,22.021893142260353,0 79.40051052575393,22.021816384602516,0 79.40007953332072,22.02155003143021,0 79.3992029318066,22.02127923931948,0 79.39881054665538,22.02109873549969,0 79.39870404341438,22.021008378973267,0 79.39816152353623,22.020155036131413,0 79.39779822761656,22.019875138897564,0 79.3968101999426,22.01889096293509,0 79.39645656928336,22.01859296757371,0 79.39637420935694,22.018448489152906,0 79.39581236229927,22.017875076886995,0 79.39515624412009,22.01771875342659,0 79.39523604163028,22.017509360753102,0 79.39542005347114,22.01742356939187,0 79.39575910819333,22.017455116703083,0 79.39595760704155,22.017568026724952,0 79.39611264377208,22.017536336359534,0 79.39631110333673,22.017292459959574,0 79.39654356497195,22.017211187097228,0 79.3968680200527,22.01728336010224,0 79.39701817320586,22.017369196564832,0 79.39725061553455,22.017378131285117,0 79.39755564286398,22.017165883803987,0 79.39788005735039,22.01705294158287,0 79.39815610327331,22.01711157182902,0 79.39820454719847,22.017052944676752,0 79.39821906998611,22.01670523853468,0 79.39831092685893,22.01578851247155,0 79.39853840619676,22.015327972356804,0 79.39855769209663,22.014758997608574,0 79.39866418655782,22.01456933909102,0 79.39883366139998,22.014487996248345,0 79.39907576438861,22.014239595760163,0 79.39940501893497,22.013864789444497,0 79.3997923850498,22.013647985611946,0 79.40038794228494,22.013431177776848,0 79.40079379425855,22.013287869210973,0 79.40079510518132,22.01328679007695,0 79.40103678830563,22.013087826094853,0 79.40117231729124,22.01269945334256,0 79.40141916995216,22.012013097382688,0 79.40169505529688,22.01136735665213,0 79.40178187343615,22.009425641122153,0 79.40162666226857,22.008391588729943,0 79.40155385005781,22.00729885915002,0 79.40163119618444,22.006766015959535,0 79.40152452395635,22.006021007280296,0 79.40134040644257,22.00537528909177,0 79.40072039807042,22.00403425456868,0 79.40009065480785,22.002774550227286,0 79.39955776669335,22.00166379641282,0 79.39924893048729,22.00062556689526,0 79.4000654956099,21.99744904851763,0 79.39735859595221,21.996293473632047,0 79.39482121520864,21.995137885503922,0 79.39306839388829,21.994659477977322,0 79.39177071063601,21.994370570544785,0 79.38899625685553,21.99372065922933,0 79.38649782212943,21.99319249373928,0 79.38484194888352,21.993206201415727,0 79.38380093467293,21.993124917754507,0 79.38141390684345,21.99307089614962,0 79.37901227366362,21.993016777709688,0 79.37661073332885,21.993089096062253,0 79.37423821072676,21.993617413905096,0 79.37343929187911,21.99354065033044,0 79.37324083646148,21.99270522227381,0 79.37314884388421,21.9923124362929,0 79.37298417215509,21.991616969992595,0 79.37253392549859,21.98972948589835,0 79.37254365666774,21.989138021671,0 79.37336192313671,21.98788265133778,0 79.37398648555013,21.986948000532934,0 79.37418498849652,21.986527976162357,0 79.37424312073756,21.985760348442568,0 79.37412687427012,21.985259124031362,0 79.37403975194658,21.98473537665973,0 79.37377824847422,21.983981245550048,0 79.37383643241925,21.983285877246896,0 79.3738654257771,21.98248213957822,0 79.37368627690199,21.98203054543716,0 79.37334262353744,21.98138938596243,0 79.37327960863875,21.98096487402108,0 79.37330866311069,21.980563020477685,0 79.37328446102258,21.97971856157692,0 79.37358946456645,21.97929410279724,0 79.3736427894558,21.97905932559126,0 79.37362828286545,21.978955434376235,0 79.37336685430724,21.978499357286335,0 79.37329416129008,21.978242058219653,0 79.37333288182028,21.977654951674406,0 79.37340559182363,21.977514971639366,0 79.37346360964702,21.977393064844083,0 79.37385093605904,21.977212505923916,0 79.37411717856531,21.977113092006906,0 79.37415600050744,21.976711278613397,0 79.3738509794191,21.97664355751442,0 79.37312959108023,21.97667959630323,0 79.37216615306752,21.976088055887693,0 79.37267934950636,21.974656631060935,0 79.37176438906435,21.974539245328213,0 79.3706750580033,21.974832766469017,0 79.3705831835053,21.97411026767502,0 79.37088814529218,21.973487084142455,0 79.36952292716795,21.973608975648204,0 79.36855957867441,21.973541257999013,0 79.36796896402784,21.973351564455754,0 79.36748963525245,21.973148343506537,0 79.36681187508566,21.97324767979329,0 79.36607598128529,21.973491468749298,0 79.36508357771191,21.97339203488143,0 79.36458977230762,21.972917938987184,0 79.36415900210376,21.97263335631785,0 79.36390729162848,21.97229926804932,0 79.3637039125828,21.971725783105718,0 79.36334576706965,21.97134190852744,0 79.36290517090977,21.971152183208645,0 79.3628132603307,21.971016761862593,0 79.36277456713421,21.97028518706566,0 79.36266811914528,21.970136172554064,0 79.36255673592562,21.969987230117745,0 79.3623292357712,21.969811103885288,0 79.3622615151502,21.96961236323831,0 79.36228574359193,21.969215003815986,0 79.36211633719165,21.96910659286006,0 79.36198563483273,21.96879050176595,0 79.3620243505606,21.968600863037725,0 79.36224701070272,21.96845185638954,0 79.36238264164054,21.968239706204603,0 79.36238267213389,21.967928125396938,0 79.36228104845904,21.967598441604263,0 79.3618066395957,21.967404244413625,0 79.36038343121052,21.96720548241644,0 79.35878594693324,21.96682601417917,0 79.35812755644973,21.966844023117712,0 79.35824858327055,21.966329254568997,0 79.35829218092144,21.966252487867134,0 79.35754184265059,21.966306554975912,0 79.3569221392122,21.966586506685,0 79.35646710597752,21.966690333113945,0 79.35513099591606,21.966663008386785,0 79.35402237711108,21.966690031990712,0 79.35365936328236,21.966662891012025,0 79.3526282588946,21.96659947709413,0 79.35192622546715,21.96698325331237,0 79.35040634781343,21.965601262729738,0 79.34888660178703,21.964219258216456,0 79.3470618497795,21.962643082612207,0 79.34564863858265,21.961044275299237,0 79.34422095475999,21.959544896105363,0 79.34275940177177,21.957977702024348,0 79.34130278361016,21.9563382600584,0 79.3399235914863,21.95471239733756,0 79.33943971744314,21.953962769326274,0 79.33919302623319,21.953316993463883,0 79.33913989544938,21.952933109069328,0 79.33921737365563,21.95247707795544,0 79.33938205407274,21.95208429674632,0 79.33944512064902,21.951786248518005,0 79.33917906924592,21.951027538356364,0 79.33902427080149,21.950553372571694,0 79.33895178117422,21.950232823590316,0 79.33921807537584,21.949921305014986,0 79.34010878643535,21.949325417799862,0 79.34100440102127,21.948734058108688,0 79.34254390255671,21.947808695349924,0 79.34394774112744,21.947194859262304,0 79.34557417108815,21.946558410419115,0 79.34679889000655,21.945768423943957,0 79.34748639912264,21.944951257296843,0 79.34802869557318,21.943849498301834,0 79.3483773968219,21.94282910047166,0 79.34854697149615,21.94185827964366,0 79.34866824364529,21.940201044974152,0 79.34819909261535,21.93837217697901,0 79.3477880249476,21.93661103015315,0 79.34737696829444,21.93484988375051,0 79.34733372133239,21.933206212725384,0 79.3472760136026,21.93149482644551,0 79.34725207712343,21.92969761660117,0 79.34721857287053,21.92790045904766,0 79.34705909007364,21.926938627218224,0 79.34636222650795,21.926459829569566,0 79.3441605253073,21.925253788381788,0 79.34199749343038,21.923957403211862,0 79.33983455658068,21.92267000759227,0 79.33772460662978,21.922348926242414,0 79.33702293047628,21.922308202657774,0 79.33424025182933,21.922135902870018,0 79.33146730193543,21.92210810599763,0 79.32996216681141,21.92206259733723,0 79.3297250833052,21.921972169696087,0 79.32894604963289,21.92166496203065,0 79.32740736142395,21.920928475913403,0 79.32624140744309,21.91999334508655,0 79.32432559074172,21.9181505084088,0 79.32303415318508,21.91634385891941,0 79.32284560251446,21.91573873595021,0 79.32303962733472,21.914627881317372,0 79.32320463062885,21.91338619216588,0 79.3239697066522,21.911905294569777,0 79.32420692306876,21.91156219835506,0 79.32435246372368,21.910650128873957,0 79.32428012893295,21.9099456605653,0 79.32391763558859,21.908735394923646,0 79.32292128109927,21.90728104042362,0 79.3215912815828,21.905478909245613,0 79.32051174727458,21.904215104081324,0 79.32027564804893,21.90393870020795,0 79.31899893736437,21.902068768439282,0 79.31770761345663,21.90028473031406,0 79.31626166413403,21.89846445446923,0 79.31469446073277,21.897208585123238,0 79.31445252592016,21.89701879638344,0 79.31245497670224,21.89537887515071,0 79.31045724178755,21.89389706031904,0 79.30839667083842,21.892500901594385,0 79.30707640650802,21.891163798777352,0 79.30632718112653,21.88973652867784,0 79.30545227154713,21.888002170006192,0 79.30480955073664,21.88647109683824,0 79.3040362671258,21.88477291426878,0 79.3031175766525,21.88358950338101,0 79.3030759594613,21.883521281338965,0 79.30307570428427,21.883520863206037,0 79.30286132173414,21.883169429688948,0 79.30197687619798,21.881371777856707,0 79.30190980002342,21.879999002399227,0 79.30198056647461,21.879268295064353,0 79.30202174565012,21.87884308202117,0 79.30207519403697,21.878359914907342,0 79.3021293022966,21.876598908950506,0 79.3019222362861,21.874679671374707,0 79.30169582099786,21.872746908589487,0 79.3016121063128,21.87240390043661,0 79.3012130706657,21.870768871657592,0 79.30091030997286,21.870063071084136,0 79.30040131783998,21.868876478378613,0 79.2994100942068,21.86784192013484,0 79.299095846506,21.867394789782235,0 79.29773244948316,21.865908495415972,0 79.29689598567191,21.865131441479647,0 79.29669340405674,21.864088203291725,0 79.29633164452906,21.86207409012833,0 79.29584366571912,21.86100365780321,0 79.29544253414383,21.86036227283562,0 79.29439842956117,21.858966447879226,0 79.29333023473889,21.857525494453846,0 79.29230254271953,21.85633737344575,0 79.29192348771947,21.855899139158346,0 79.29088428484106,21.854467142496386,0 79.28992261567421,21.85288621204558,0 79.28885424829133,21.85187865847073,0 79.28827896660901,21.851345599630594,0 79.28701232135111,21.850179890769486,0 79.28681920546761,21.849683055222393,0 79.28586734938163,21.847907938796986,0 79.2852250514646,21.84637681407035,0 79.28479069202199,21.844737419497587,0 79.28442400441594,21.843256013329867,0 79.28371891957107,21.84163908185728,0 79.28265049641476,21.84035190741077,0 79.2826314397994,21.840328948314077,0 79.2810507340503,21.838914663318064,0 79.27928617486035,21.83768541008795,0 79.27717820230001,21.836650173977944,0 79.27639497234212,21.836216128527738,0 79.27545214330652,21.835727928295306,0 79.27502202538311,21.83522644546198,0 79.27457277474227,21.83447654171965,0 79.27430256455594,21.833510094158893,0 79.27461301175383,21.83227298149978,0 79.2754166744615,21.830977488559732,0 79.27601201897807,21.830399837877245,0 79.27725541891922,21.829678113850417,0 79.27843115667011,21.828942710519915,0 79.27988725787758,21.82832939363238,0 79.28261067421325,21.82749557446326,0 79.28388796637472,21.82660220827135,0 79.28488481777828,21.825668019546182,0 79.28583367652296,21.824056450288833,0 79.28679695806453,21.822598468592933,0 79.28777466455159,21.821239771100668,0 79.28874276433973,21.81986749318779,0 79.2906401925408,21.816806854383053,0 79.29162270075126,21.815511391359504,0 79.29259065986534,21.81403977999595,0 79.29302643449793,21.81304658549506,0 79.29311860260134,21.81258598617398,0 79.29317289056095,21.81068044869777,0 79.29296109281931,21.808896725966328,0 79.29265755802099,21.807036088933454,0 79.29192354835189,21.805206938492137,0 79.29120893518687,21.80349513614453,0 79.29050878074493,21.801810459391053,0 79.28980854567891,21.800125780451403,0 79.289030862703,21.79884294957149,0 79.28814687343323,21.797429101858327,0 79.2870936351017,21.79596999551434,0 79.28585184240167,21.794537879068805,0 79.28464395317481,21.79309220038425,0 79.28423835084708,21.792360403424492,0 79.28411771717461,21.791962956703138,0 79.28407929804546,21.791488862905833,0 79.28395407528882,21.790666908830406,0 79.28425048737365,21.7883866558179,0 79.28462864761775,21.786675503303158,0 79.28466370817775,21.784774414583545,0 79.28486782458084,21.78304504426377,0 79.28521213500231,21.781302165816616,0 79.28503436739771,21.779540986008737,0 79.28433401530475,21.77852910529169,0 79.28390409632172,21.777837971352564,0 79.28263329562245,21.776758028475317,0 79.28154111612773,21.77610267312297,0 79.27928376116013,21.7755143698665,0 79.2771811547852,21.774921527463412,0 79.2767026370756,21.774781269031614,0 79.27420836275604,21.774314719040355,0 79.27171871433191,21.77417313833423,0 79.26922864719812,21.774605099607072,0 79.26674344017331,21.775046063290436,0 79.2642578263433,21.775839125793443,0 79.26178175281214,21.776876096929353,0 79.25930546595008,21.778066548412664,0 79.25819702418576,21.778416245989778,0 79.25819422660295,21.778417128682833,0 79.25779185906579,21.778544067145834,0 79.25672348934194,21.778525281665566,0 79.25532654785883,21.77821724525133,0 79.25415216330511,21.77767449231387,0 79.25163548091574,21.775103263570657,0 79.25123960398643,21.77447074191357,0 79.24965193498176,21.771173118024837,0 79.24880373160029,21.76967038386449,0 79.24880359211534,21.769670135588566,0 79.24874931145466,21.76957396755415,0 79.24859108464302,21.769281421971492,0 79.24858803766683,21.76927578789583,0 79.24721753629518,21.766499705348725,0 79.24536891205378,21.764139355087714,0 79.24461903114326,21.76349869923836,0 79.24432393814467,21.763223408158225,0 79.2435357699039,21.7629891798827,0 79.24240454032969,21.762872600821634,0 79.23938784592576,21.762639943203503,0 79.23859973630478,21.76241471002029,0 79.23840140745094,21.762310995069228,0 79.23762299772291,21.762112772711284,0 79.23733767448745,21.761991036582298,0 79.23615306473567,21.761635117113688,0 79.23489106382104,21.761220536225444,0 79.23325644733262,21.760313949113456,0 79.23099295982576,21.758631113878504,0 79.22929965727351,21.75666786505894,0 79.22837466517112,21.754270704767947,0 79.22839279109671,21.75269013935363,0 79.2286287484915,21.751344372820743,0 79.228652407919,21.750635435232944,0 79.22903293392939,21.748843749505287,0 79.22880442372102,21.747051163144395,0 79.22776838323908,21.74465399673265,0 79.22706598064794,21.742536579244906,0 79.22680880002063,21.741136940453856,0 79.22671121577974,21.7398545465335,0 79.22612016408954,21.737872534828597,0 79.22513295695894,21.736053328010488,0 79.2243007784467,21.734744245442997,0 79.22339066555999,21.732672140350935,0 79.2231673119168,21.731091824828507,0 79.22319895350523,21.727930805074692,0 79.22311130646398,21.726941881318858,0 79.22295117529667,21.726034405949683,0 79.22257256365826,21.723659389494756,0 79.2223544078076,21.722571224855162,0 79.2222716592525,21.721772015355693,0 79.22229531329027,21.720918501991033,0 79.22232369468499,21.720065012495336,0 79.22259857623943,21.719184262687783,0 79.22403338788472,21.718479012532455,0 79.22521726935389,21.71840152707291,0 79.2281991377634,21.718517127840396,0 79.23066882258061,21.71878642758575,0 79.23086686684982,21.71874114335328,0 79.23086799029826,21.71874845759121,0 79.23102608144626,21.718723332112624,0 79.23232353211012,21.718517124213975,0 79.232894016662,21.71842645189498,0 79.23443481538577,21.718038531179207,0 79.23521925084853,21.717517810107683,0 79.23522316684335,21.717514440320233,0 79.23645120204678,21.71645774366924,0 79.23660035569816,21.716329398712922,0 79.23729865492916,21.715221679923655,0 79.23742636629527,21.714354544733403,0 79.23736842954939,21.713405955245207,0 79.2372544734818,21.713105419015925,0 79.23686771837733,21.71208542412323,0 79.23562313441909,21.710483851002053,0 79.23555666865163,21.710408655801135,0 79.23393799933153,21.708577360734537,0 79.23278196321851,21.7077628357608,0 79.23186841142552,21.70720314805229,0 79.23024222847516,21.706343020929932,0 79.2297272876659,21.706070650908252,0 79.22827246756533,21.705042647075796,0 79.22678761474342,21.70368293576618,0 79.22675034065529,21.703630952280857,0 79.22614822438915,21.702791205743033,0 79.22554330747937,21.70194753960282,0 79.22496487683176,21.701120813926845,0 79.2243973217044,21.700309487188477,0 79.22438654896615,21.70029408783198,0 79.22391264032655,21.699304118120928,0 79.22330226543185,21.698029054617688,0 79.22262362785627,21.696715522579495,0 79.22128813454562,21.69409618131316,0 79.22085934278103,21.692869227650466,0 79.22085889005552,21.692268884431055,0 79.22099983583057,21.690974796860996,0 79.22099329599465,21.69059614112902,0 79.22098127372118,21.68989997147144,0 79.22095081748738,21.688136384383125,0 79.2209477985053,21.68796158882264,0 79.22091378974905,21.685992222502573,0 79.22089575563224,21.684947895384834,0 79.22092468882505,21.682135094235743,0 79.22105206161832,21.680654353279163,0 79.22136305355026,21.678478511567004,0 79.22181856043822,21.677037504033546,0 79.22230629206575,21.6764081561935,0 79.22234599464822,21.676356925671605,0 79.22271451253764,21.676074545980228,0 79.22285537060777,21.67596661178717,0 79.22312397393642,21.67590360464068,0 79.22489785829244,21.67548748672649,0 79.22528817656013,21.675405807806207,0 79.22675214993072,21.675099441303185,0 79.22827812103021,21.674511608642533,0 79.22861993406312,21.674278626787373,0 79.22905996371243,21.673978773056984,0 79.22906250199583,21.673974913300693,0 79.22910397277613,21.673911865763024,0 79.22928662558631,21.673633902829664,0 79.23042617084812,21.67189968694965,0 79.23042918293926,21.67189510253652,0 79.23072483949487,21.671445149347107,0 79.23108087622718,21.670671218638752,0 79.23118053682357,21.670351021115586,0 79.23117929365525,21.669566361930176,0 79.231177872183,21.668668552869097,0 79.23087699867699,21.666814463274427,0 79.23109116568214,21.665653633876,0 79.23122663550252,21.665028642445424,0 79.2314324016711,21.66407932724313,0 79.23145720288188,21.66186310108824,0 79.23147794559345,21.66044704778448,0 79.23138677658173,21.659659408274045,0 79.23136603723695,21.659167606963987,0 79.23135867068099,21.65899292403416,0 79.23135741189478,21.658961479500224,0 79.23135325868317,21.658802837580016,0 79.23135320034316,21.658799675985293,0 79.23135245123777,21.658774017341244,0 79.23135225892544,21.658765977370543,0 79.23135226247874,21.658765705894453,0 79.23134600213325,21.658525808379512,0 79.23133124011783,21.65796009852357,0 79.2313277894355,21.657827851341967,0 79.23130583744796,21.65698658100541,0 79.231305840996,21.65698631044992,0 79.23130571314408,21.656980890042536,0 79.23113398082397,21.65662022757247,0 79.23102077362526,21.65631761907525,0 79.23097576173232,21.656197298946896,0 79.2306607446819,21.655971940784685,0 79.2305441814522,21.65588850884074,0 79.23042800116022,21.65580544321115,0 79.23030502108053,21.65571751754312,0 79.22938981119253,21.655573547988304,0 79.22820730791173,21.655702673477936,0 79.22779238734927,21.655747978582415,0 79.22759287954091,21.655755779338914,0 79.2264369179955,21.6558009715872,0 79.22466880663839,21.655869954032354,0 79.22434054315049,21.65567000270555,0 79.22411151658638,21.655429475839103,0 79.22395421304496,21.65494929084599,0 79.22382539952791,21.654162329490827,0 79.2237995481474,21.65353542916603,0 79.22376819279592,21.652774077449678,0 79.22357291771584,21.650068689735598,0 79.22364210231692,21.649862511824956,0 79.22368803534333,21.649732674814352,0 79.22375398356039,21.649546242141792,0 79.22378081014588,21.649470428581434,0 79.22386586177174,21.649230061691565,0 79.22392186030528,21.649075635076045,0 79.22402043682604,21.648803789428463,0 79.2239264390402,21.64881145479872,0 79.22279555268351,21.648904125536205,0 79.2225704897087,21.648922538884197,0 79.22187790503408,21.648979201937482,0 79.22186107755495,21.648980647378288,0 79.2215009426119,21.649010117764057,0 79.21958589313269,21.64922731374996,0 79.21788980588414,21.649306779555847,0 79.21706670159163,21.649345337224343,0 79.21699043308178,21.64934894343907,0 79.21439487523632,21.649470441444578,0 79.21241247342384,21.649578177553984,0 79.21034035321729,21.649871247619323,0 79.20898951958733,21.650062155784234,0 79.20841172455056,21.650181911502465,0 79.20680624940022,21.65051465625021,0 79.20232856345424,21.65144262956838,0 79.20208943162532,21.651492184520443,0 79.20202814756615,21.651502629595786,0 79.20151168422117,21.65159029504563,0 79.20145694379609,21.651599586429978,0 79.20085543695328,21.651701721028477,0 79.19968688719095,21.651900126952793,0 79.1964988722621,21.652441301495728,0 79.19568966665092,21.65260800404341,0 79.19492801299556,21.65276490642578,0 79.19393236815576,21.65296998119101,0 79.19262266105963,21.653239731416015,0 79.19226322662882,21.653316001206072,0 79.19159228249792,21.653458368098853,0 79.19025599418063,21.653741853950926,0 79.1901529524403,21.65376168350697,0 79.18981580894804,21.65382664888696,0 79.18926785174423,21.653932235399193,0 79.18777303208377,21.654220262574405,0 79.18773571382405,21.654227452532663,0 79.18626755124774,21.654510301047882,0 79.18556890400866,21.654644892643606,0 79.18521541881118,21.654713010969044,0 79.18427546155644,21.654884451034576,0 79.18333550283918,21.655055885260506,0 79.18282596572139,21.655148843977113,0 79.18276902866303,21.655159149296217,0 79.18244086224735,21.655218868916254,0 79.18195050176871,21.655307971338765,0 79.18087318369894,21.655500285056394,0 79.17795156971286,21.65602053048374,0 79.17790557748916,21.656028605755573,0 79.17784709202309,21.656039072878567,0 79.17684780731146,21.656217585843134,0 79.17647591247298,21.656286774127903,0 79.17280563420287,21.656969552897692,0 79.17209744388647,21.657101294815615,0 79.17197996553264,21.65712402559568,0 79.17176932242306,21.65716451547526,0 79.1712191274703,21.657270537969524,0 79.17089635980487,21.65733047394472,0 79.16884703760005,21.657718187157297,0 79.16736908972975,21.657997842553023,0 79.16607173367959,21.658244889287854,0 79.16542739958572,21.658350125046688,0 79.16329037376518,21.658699133784747,0 79.16267476028916,21.658873855246263,0 79.16048020388526,21.659496661375716,0 79.15985091326172,21.659675194649026,0 79.15856832123505,21.660005331518004,0 79.15756886476109,21.66026258073687,0 79.15665597495801,21.660276108349766,0 79.1556222497752,21.660202377822095,0 79.15518152312512,21.66017094001197,0 79.1551666617985,21.66016988024756,0 79.1536766752969,21.660063541609006,0 79.1521896471726,21.660043834881,0 79.15169400423761,21.660037233140127,0 79.15107101806304,21.66037972371964,0 79.15053470277694,21.660554740369083,0 79.15024025298098,21.66065080601527,0 79.15001805906748,21.66066440622628,0 79.14953984134993,21.66095792760097,0 79.1493948768087,21.66093093278664,0 79.14894081654263,21.66105736858596,0 79.14831286667892,21.661174909421938,0 79.14831198499758,21.661167075245213,0 79.14788076585876,21.657333875297486,0 79.14806815544661,21.65421838655833,0 79.14808789315153,21.653890673701785,0 79.14830019947522,21.652686249449967,0 79.1483356998214,21.652484851382543,0 79.14836190959393,21.65233615904223,0 79.14831239402818,21.651757229637344,0 79.14823689728958,21.650874914194983,0 79.14784160685441,21.64962361764489,0 79.14740508699562,21.648613272414522,0 79.14698068103337,21.648267231822295,0 79.14663706441375,21.6479870600105,0 79.14648206005734,21.64786067495631,0 79.145495354407,21.646905870058205,0 79.14548728562258,21.646898059599632,0 79.14527635487134,21.646693893242936,0 79.14512556030564,21.646172448299176,0 79.14488528702053,21.64534157704035,0 79.14486193736109,21.645210811299535,0 79.1443974955962,21.642608529178013,0 79.14420638084907,21.64153743391621,0 79.14418619589449,21.64142430848628,0 79.14414439995011,21.641200296946312,0 79.14410968897901,21.641014262810046,0 79.1437861444901,21.639280188451078,0 79.14364529128113,21.638525298244126,0 79.14360637920065,21.638349155841095,0 79.14340249265625,21.63742621950565,0 79.14330046295017,21.63696435749181,0 79.14330039601796,21.636964054329034,0 79.14308133151874,21.63675848780271,0 79.14166868068497,21.636010872727297,0 79.14025614391325,21.63526315602758,0 79.13951808956793,21.63497311168016,0 79.13842765692482,21.634544532543128,0 79.13815261600116,21.63443642930547,0 79.137705445214,21.634287739776628,0 79.13738918447147,21.634182578951314,0 79.13680904813188,21.633985148917397,0 79.13539083616195,21.633502493997135,0 79.13452467029283,21.63320855201306,0 79.13447772893278,21.633132217922377,0 79.1333243835648,21.631256668301862,0 79.13254072916143,21.62998226943444,0 79.13211642784921,21.629175778531373,0 79.13034441266011,21.625806991551087,0 79.1303152363475,21.62581115963942,0 79.12670823356392,21.626326449105854,0 79.12592459987869,21.626400885245445,0 79.12389883134355,21.626593249226275,0 79.12385116494947,21.626503041606703,0 79.12327145062646,21.62540594060288,0 79.12288636807493,21.624925726069847,0 79.12287466044563,21.624920102037176,0 79.12235878685489,21.624672306263733,0 79.12159074253373,21.62452761502472,0 79.12014192815631,21.62418222095749,0 79.1186246591969,21.623820506964506,0 79.11658335390025,21.623500076033853,0 79.11607680123946,21.623511828390686,0 79.11562739751864,21.623522254242765,0 79.11371700468075,21.623566557238277,0 79.1123326943717,21.623864502042125,0 79.11210556012803,21.623913311246874,0 79.11171395466125,21.623700509167392,0 79.11132244751973,21.623487616479615,0 79.1110384033212,21.623328922248557,0 79.10986758423043,21.62267478297725,0 79.10926538898539,21.622338470769343,0 79.10879092450894,21.62207342084594,0 79.10625935763137,21.620659008426912,0 79.10385591402151,21.61937787868538,0 79.10052730954263,21.61760342462032,0 79.10053634258762,21.61756333772353,0 79.10075533269055,21.616591448588746,0 79.10091436518509,21.615677666841545,0 79.10128087147386,21.613571767884064,0 79.10134247820488,21.61321771958374,0 79.10188169911508,21.610264752354325,0 79.10202461584268,21.609482350623768,0 79.10207079011572,21.609229568820073,0 79.10249241270596,21.608890011951747,0 79.10309757981028,21.608402630694084,0 79.10380921683483,21.60762936823835,0 79.10406733957784,21.60734889049681,0 79.10693521083599,21.60721447688734,0 79.1071897445373,21.605160932077663,0 79.1072063779197,21.605026730145863,0 79.10712157371192,21.604979542862075,0 79.10677966627499,21.604789296553108,0 79.10614044287117,21.60443361232013,0 79.10523689063027,21.603930837937842,0 79.10510459854561,21.60384073302421,0 79.10383915838291,21.602978456627923,0 79.10376837818079,21.602930226317927,0 79.103647254982,21.602850181919727,0 79.10352603709148,21.602770046674838,0 79.10350663252892,21.602722945603524,0 79.1030519895025,21.60161936501569,0 79.10299816324957,21.601488708012518,0 79.10295644547713,21.60148723011162,0 79.09997547036336,21.601381600167645,0 79.09909151865037,21.601250030545916,0 79.09843658027467,21.601152593412728,0 79.09693938913612,21.601685933347266,0 79.09518550100645,21.602152558559983,0 79.09345030044419,21.601632065588195,0 79.09336048688769,21.60160512466299,0 79.09337097997032,21.601543792254805,0 79.09339362815884,21.60141140994115,0 79.09347950305236,21.60090945104886,0 79.09392409187669,21.59831124060579,0 79.09395815803678,21.598112150768536,0 79.09386940414082,21.598100020375842,0 79.09338144923383,21.598033326901266,0 79.09170560327438,21.597804261086146,0 79.09170071616563,21.59780359293922,0 79.09056722830437,21.5976743551109,0 79.09055013502977,21.59767240766059,0 79.08996679872938,21.597605960169812,0 79.08965291763535,21.597570205374478,0 79.08965044085288,21.59757788680718,0 79.08960414095641,21.597721508436656,0 79.08946119504958,21.598164929254185,0 79.08932438245333,21.59858931959965,0 79.08896100406807,21.59971649919675,0 79.0889609207052,21.60009048550819,0 79.08855362429388,21.603578666936816,0 79.08850988025226,21.60395323481135,0 79.08821159876322,21.603943263224103,0 79.08703603332796,21.603903959615796,0 79.08607504202898,21.603975992929506,0 79.08581363377043,21.604023462391496,0 79.0858005011769,21.60402584725523,0 79.08431240345753,21.604296182478087,0 79.08383187573692,21.604367504164305,0 79.0830375423375,21.604485511882192,0 79.08095138408082,21.60487779884116,0 79.07969109349378,21.604972351497644,0 79.07926124538545,21.605067004165335,0 79.07895218241357,21.605134691307633,0 79.07869144932585,21.6052429446168,0 79.07831478316882,21.605310663392938,0 79.0770592934782,21.605345970176426,0 79.07704473959691,21.60534637982067,0 79.07646531350687,21.605395854783367,0 79.07507462818485,21.605287105219887,0 79.07421508180795,21.605282303573976,0 79.07274719037343,21.605060563793614,0 79.0726321073007,21.605015795351207,0 79.07250418835035,21.604966033419363,0 79.0723174286778,21.604893382069278,0 79.07130843050476,21.604382799321726,0 79.07128908935927,21.604355662044043,0 79.07120709744726,21.604224661371195,0 79.07111050623526,21.604174953353173,0 79.07103797259077,21.604137636311943,0 79.0708208308061,21.60402591972856,0 79.07057464198691,21.60390385253771,0 79.06895386160727,21.603277332571718,0 79.06888255938526,21.603257810510936,0 79.0685064391327,21.60315455669077,0 79.06688749502516,21.602710103697078,0 79.06627560232694,21.60254213840949,0 79.0648210497791,21.602142848836426,0 79.06424711829591,21.60204874838549,0 79.06408677221992,21.602022498554923,0 79.06335249599567,21.60190214562365,0 79.06181264441132,21.601808981386768,0 79.06149838427045,21.601795656592177,0 79.06105459811928,21.601776847012765,0 79.06091117768963,21.6017646141487,0 79.06011515540128,21.60169671585255,0 79.05967609193254,21.601657006000806,0 79.05965468794692,21.601654970157163,0 79.05964686784505,21.601654226524225,0 79.05918134797442,21.601606891103565,0 79.0586974339439,21.601557773584727,0 79.05825040535382,21.60151239877028,0 79.05537024913913,21.601484535172837,0 79.0544863885216,21.6024986074004,0 79.05448176797414,21.602503580210552,0 79.0531655793164,21.603919924636262,0 79.05294998687724,21.604151885060542,0 79.05294188213446,21.604160605463377,0 79.05256385087168,21.603904301293568,0 79.0510784367843,21.602897268591885,0 79.0502947833346,21.6025348766576,0 79.04998667745039,21.60252380112193,0 79.04953181728843,21.60250744803148,0 79.04899381752897,21.60248810423334,0 79.04769285361783,21.60244132242325,0 79.0475145783483,21.602456028222235,0 79.04709576051198,21.602490750281802,0 79.04648939370757,21.602541018055927,0 79.04608894747821,21.602574213625577,0 79.04526181929927,21.60276056253109,0 79.04457728389747,21.60300033167299,0 79.04413965760165,21.603248961507113,0 79.04402424177783,21.603314525545183,0 79.04312251572563,21.603826732321078,0 79.04188123115208,21.60473384094112,0 79.04166068724776,21.60468164149571,0 79.04146504471096,21.60463533637269,0 79.04041279193775,21.604386279520906,0 79.03791041585089,21.603755489198935,0 79.03733198564098,21.60360967650013,0 79.03660610864225,21.603469797109465,0 79.03471118498324,21.603104689949607,0 79.03413855921526,21.60299433639294,0 79.03243561996231,21.602965894293167,0 79.03213363929589,21.602960846764216,0 79.03090164305054,21.60294024634491,0 79.03040217565251,21.602890442702133,0 79.02947605209843,21.60279828455925,0 79.02941886192122,21.602792640073602,0 79.0286276635244,21.602585393958677,0 79.02783646760977,21.602378144634695,0 79.02648420713338,21.60188842692452,0 79.02635530153779,21.601841742885856,0 79.02493180438546,21.60170338034794,0 79.02484404115107,21.601694842542294,0 79.0240624234406,21.60180927179049,0 79.02347291614859,21.601895572897934,0 79.02307975897538,21.60195315072056,0 79.0218159500373,21.602138229385456,0 79.02109277825411,21.60226292607281,0 79.01920939280366,21.602587392600288,0 79.01895241581985,21.602346545192642,0 79.01868227937285,21.602093438889366,0 79.01742446584363,21.60134867458892,0 79.01661399852782,21.60086877849682,0 79.01604394790787,21.600531233643274,0 79.01569979571136,21.600388141533998,0 79.01453310230065,21.599903253428437,0 79.01442630558583,21.599880698698616,0 79.01390014635255,21.59976957368302,0 79.01236897104663,21.599446180156885,0 79.01236813823346,21.599447138247328,0 79.01225202318673,21.5995807899328,0 79.01204205085496,21.59989418574867,0 79.01162210417905,21.60052097668539,0 79.01141212983482,21.60083437180625,0 79.01140243332439,21.600843212971657,0 79.0109662168503,21.601240945096794,0 79.0093456605086,21.602702569635028,0 79.00915169141919,21.602877511824484,0 79.00909266700813,21.602930185253197,0 79.00822888960349,21.603701019005026,0 79.00801143667515,21.603825671985728,0 79.00760127437175,21.604060793490614,0 79.00728746630581,21.60424063423269,0 79.00697659482552,21.60441879114829,0 79.00697365738323,21.604420474340504,0 79.00595010844897,21.605046878446146,0 79.00555297185298,21.60524657813973,0 79.00496387796875,21.60554286372222,0 79.00396169279458,21.606046869953815,0 79.00291152677742,21.60642268565403,0 79.00299154589794,21.60707965637235,0 79.00295706305485,21.608641419428757,0 79.00284666329543,21.609116747997252,0 79.00281223415215,21.60926498415058,0 79.00212345633774,21.61015854310494,0 79.00143457206197,21.611052188012124,0 79.00131970582487,21.61124470227971,0 79.00116875522156,21.61149783140169,0 79.00078223800517,21.612145671823303,0 79.00069870420847,21.61228582119657,0 79.00069860609726,21.61228591073561,0 79.00012998957098,21.61323915324174,0 79.00012852891878,21.613243711018544,0 79.00000005634321,21.61364463198488,0 78.99996327496657,21.613760401446115,0 78.99967910658594,21.614689789904595,0 78.99935119381789,21.615768081360496,0 78.9992608291677,21.616065228636767,0 78.9991678296372,21.61673844977692,0 78.99907482847115,21.61741176131436,0 78.99900489637726,21.617516512632704,0 78.99861913689912,21.618094343612597,0 78.99860207969417,21.61817577865134,0 78.99806420467525,21.61853852565993,0 78.99801229398211,21.6185735340664,0 78.99800392864239,21.618563770115784,0 78.99763443029295,21.618134866086557,0 78.99756855775807,21.61807673288812,0 78.99723271321118,21.617780349658535,0 78.99683634405314,21.617430411379416,0 78.99595598445242,21.616956876242625,0 78.99549004177658,21.616876809072977,0 78.99501097784676,21.616794484702694,0 78.99330254867498,21.616448037686727,0 78.99169801316991,21.616243890688043,0 78.99140811242057,21.616206974155766,0 78.99133908842806,21.616206923475918,0 78.99057233190143,21.6162063578889,0 78.99003121009923,21.616205957364055,0 78.98982480749216,21.616189871800696,0 78.9896718608966,21.61617795171736,0 78.98963894555533,21.616175386061318,0 78.98930032113026,21.616148985468133,0 78.98856943377757,21.61609201003546,0 78.98838305806544,21.61607538326608,0 78.9879335943862,21.61603528483291,0 78.98793116509972,21.61603506788864,0 78.98742976893413,21.615990350731245,0 78.98714502507228,21.615964955272464,0 78.98713587595087,21.61596573400938,0 78.98693534663197,21.615982808553127,0 78.98656988574666,21.616013924588373,0 78.98536395852342,21.616116595140564,0 78.98514899737376,21.61616384084841,0 78.9850722202334,21.616180740500493,0 78.98506771976459,21.61618173080535,0 78.98347134664436,21.616532461971673,0 78.98309102363409,21.6166158992075,0 78.98269601963183,21.616664569327813,0 78.98209640570391,21.616738209262632,0 78.98110168947356,21.61686051302918,0 78.98002654408545,21.61701605949429,0 78.97862319395352,21.617215382794118,0 78.97786554968309,21.617322905386686,0 78.97768598119625,21.617348388014303,0 78.97765462445454,21.617352582610216,0 78.97755373153599,21.617366079022034,0 78.97578613564063,21.617602512973804,0 78.97552187763756,21.617637858219975,0 78.97549903881767,21.617593228136773,0 78.97534888154168,21.61729980415466,0 78.97530270640256,21.617027029406774,0 78.97523251810162,21.61661240362168,0 78.97499075960005,21.615130386698205,0 78.97486536244934,21.61433595075165,0 78.97458555108011,21.613249653227548,0 78.9742592404036,21.61279783809759,0 78.97347204111297,21.61243161785993,0 78.97267592284865,21.612061221744327,0 78.97246700885567,21.611962780433725,0 78.9710392163476,21.611289983502633,0 78.96993273509923,21.61051752756724,0 78.96918023407785,21.60981215302177,0 78.96902943732412,21.609670789631053,0 78.96860504415253,21.609272941303008,0 78.96779432340759,21.608511234875774,0 78.9673416611911,21.60808593476623,0 78.9666445993827,21.60731277351579,0 78.96658963660349,21.607177421283136,0 78.96648156701501,21.606911287777216,0 78.96639323981145,21.606693770275538,0 78.96631607755013,21.60650374975228,0 78.9659568679229,21.60594892876126,0 78.96549420103207,21.605341274531963,0 78.96512052731335,21.604888865847716,0 78.96470193419435,21.604626760442187,0 78.96435898961846,21.60441202185706,0 78.96363684119834,21.60385347663906,0 78.96286156533448,21.603324079182947,0 78.96220538591423,21.602813657656828,0 78.96144964736771,21.602289731944914,0 78.96111954014717,21.602078312315903,0 78.9607036955396,21.601811979859058,0 78.96011223796162,21.60148016143774,0 78.9600694885361,21.601468668154176,0 78.95961563098123,21.601346645750734,0 78.95867557604089,21.601050613840293,0 78.9586088305601,21.601029594837268,0 78.95778514080031,21.600732034271754,0 78.9571785915268,21.600384574613443,0 78.95677794319079,21.600155062140303,0 78.95583026571555,21.599589922381398,0 78.95536318158798,21.599259889955192,0 78.95491560193851,21.598943636699005,0 78.95437931462845,21.598650999802356,0 78.95378730267709,21.59832795117375,0 78.95276157899951,21.597663129848094,0 78.95234217292256,21.59738953583162,0 78.95200317357292,21.597168391945857,0 78.95154397872045,21.596999281970035,0 78.9514063465855,21.596979346608112,0 78.95125574489151,21.59695753269701,0 78.95116249063432,21.59695291977074,0 78.95077934096287,21.596933965299705,0 78.94977634890373,21.59691239633145,0 78.94973516515256,21.59691255096961,0 78.94872568105427,21.596916333642866,0 78.94796062332493,21.596942661379256,0 78.94789270344091,21.59691403239517,0 78.94742431076867,21.59671659799418,0 78.94700154837355,21.59613540047347,0 78.94648309124244,21.59546220525412,0 78.94636678673714,21.595311187450402,0 78.94624588952942,21.59505809769365,0 78.94604292014937,21.594647312394123,0 78.94594636407973,21.59442892782446,0 78.94585932586287,21.594232070209507,0 78.94583786172207,21.594172472554487,0 78.9457956344541,21.594055450364664,0 78.94570460501578,21.593803185951348,0 78.9455112639602,21.59338773267978,0 78.94530823550086,21.592981370216513,0 78.94512472713089,21.592909115836235,0 78.94502744902478,21.59285734258586,0 78.94498218431053,21.592832979190433,0 78.94472212759612,21.592693004802815,0 78.94470449371083,21.592683576169254,0 78.94432281547103,21.59240830036173,0 78.94393177212565,21.592146634478922,0 78.94349211050925,21.591956973818622,0 78.94303832073165,21.591803622399862,0 78.94297763010827,21.591834615449798,0 78.9426135776462,21.592020527878187,0 78.94222250483139,21.592287246774394,0 78.94177844099931,21.592463543400292,0 78.9413003946634,21.59242773775173,0 78.94081743448743,21.5924457839455,0 78.94033469217814,21.592441615108108,0 78.93985672561024,21.592523025337005,0 78.93938342407102,21.592595461807125,0 78.93890068732365,21.592631837570167,0 78.93841797752262,21.592618542692094,0 78.93794000912878,21.5926999468485,0 78.93746196957383,21.592718224975346,0 78.93697906753249,21.592691287186117,0 78.93687792304401,21.592675071978345,0 78.93650102244544,21.592614649343545,0 78.93619624781905,21.592581162320187,0 78.93618045946467,21.592579427427378,0 78.9359167754111,21.592550600484692,0 78.93586317476979,21.592549035611494,0 78.9348786050618,21.59252028963684,0 78.9334638986589,21.592534334395673,0 78.9320877934958,21.592747070089548,0 78.93077457279574,21.592828817607035,0 78.92996816479317,21.59283811395593,0 78.92995126197152,21.592812945270218,0 78.9298377696457,21.59264395678355,0 78.92946590691083,21.592359650692757,0 78.92905535926496,21.592120375809163,0 78.92865446818857,21.591867674206128,0 78.92828257779705,21.591578759016475,0 78.92800245177028,21.591213051255558,0 78.927991885536,21.59117627467918,0 78.92796362793307,21.591077920395286,0 78.92787678448914,21.59077530466943,0 78.92775585503007,21.5903370746045,0 78.92767377716642,21.590201676355537,0 78.92749413734927,21.590249971984925,0 78.92722713439849,21.590321754269457,0 78.9271861258755,21.59033277910367,0 78.92571837049142,21.59037842795399,0 78.92405257398497,21.590451123040655,0 78.92223717329198,21.590627772933654,0 78.92163015971504,21.59066498490274,0 78.92031069631247,21.590745760686204,0 78.91840874564038,21.590863671696347,0 78.91840835897102,21.59086366615933,0 78.91786710092633,21.59089410155142,0 78.91753042566552,21.590912918566822,0 78.91711957125375,21.590935881335426,0 78.91711460071342,21.590936159426775,0 78.91711440614179,21.590936247296845,0 78.91676193656927,21.59091828907187,0 78.91675801505787,21.590906348562775,0 78.91660380973502,21.590436782378696,0 78.91652700412034,21.590202842100712,0 78.91640904736389,21.589843560679093,0 78.91611553940832,21.58980833787565,0 78.91607129032538,21.589803027816025,0 78.91597467884725,21.589644956614574,0 78.91593425682873,21.589306511545114,0 78.91592130698675,21.58919808489896,0 78.91579577841385,21.58876006257794,0 78.91570941259995,21.588661991870286,0 78.91555416616643,21.588647313825295,0 78.91545723792393,21.58868356770706,0 78.91531283447456,21.58873757729438,0 78.9151336249526,21.588832366519295,0 78.91490838422531,21.588951503531018,0 78.91487266548354,21.58897119455743,0 78.91477203141564,21.589026645356853,0 78.91450652737869,21.589098904549548,0 78.9144218933827,21.589037114384404,0 78.9143521061942,21.5889861636514,0 78.91432318146455,21.588868674644118,0 78.91434711037779,21.588674455045933,0 78.91452615391808,21.5884866182458,0 78.91458375456975,21.58842618799688,0 78.91480562641178,21.58816428035258,0 78.91489257004801,21.5880062506392,0 78.91519819553542,21.587916792323444,0 78.91629746171728,21.58759479998574,0 78.91643223085745,21.58630772626278,0 78.91651875623918,21.58493046287716,0 78.9163383467171,21.58419148542051,0 78.91626738646946,21.583900894236546,0 78.91593453260279,21.58362083608078,0 78.91560502504795,21.58334359256089,0 78.91554307641529,21.583291469453478,0 78.9150938514191,21.583187770194122,0 78.91505035141908,21.58298909354187,0 78.9149876216796,21.582541923934723,0 78.91498019411883,21.582496125510925,0 78.91491513756696,21.582094993373378,0 78.91487149348256,21.581643366420128,0 78.91479901026558,21.581196435125467,0 78.91470715365045,21.580753957502775,0 78.91463940492737,21.58030681567803,0 78.91463940237524,21.579855193440032,0 78.91466324863569,21.579403508487456,0 78.91473549480487,21.57895658515725,0 78.91481771806113,21.57851411989184,0 78.91487896826747,21.57824580266999,0 78.91487918772225,21.578244841628553,0 78.91491877067126,21.578071439712634,0 78.91510710142748,21.577655860319766,0 78.91529037646603,21.577235883151193,0 78.9152371054469,21.57678901153523,0 78.9151357907473,21.57634623531811,0 78.91511316095296,21.576261154605657,0 78.91503869975324,21.57598040445656,0 78.9150196324318,21.57590851044229,0 78.91490322100624,21.575598408314917,0 78.91486022731434,21.57548388079046,0 78.91482885657798,21.57540290784982,0 78.91469579875894,21.575059458753536,0 78.9145799381994,21.574621376174687,0 78.91451688525314,21.57417004841234,0 78.91450527386125,21.57398999162598,0 78.91448804657334,21.573722850925254,0 78.91442029605942,21.57327597958633,0 78.91442502400655,21.572824326179642,0 78.91408697210346,21.572503748433732,0 78.91375838295433,21.572169652963474,0 78.9136595577307,21.572038914933025,0 78.91366819165903,21.571975356938626,0 78.91370170326907,21.571573096132198,0 78.91373639292259,21.571156681646013,0 78.91375072106906,21.5709853689978,0 78.9138238240131,21.57094833197735,0 78.91598172348405,21.569855032971468,0 78.91652359111997,21.569580598238844,0 78.91692015508137,21.56937968102524,0 78.91840066954201,21.568629571718276,0 78.91840307772823,21.568629962646195,0 78.91953014082733,21.568786165801004,0 78.92117178092005,21.569013670383878,0 78.92224018888439,21.56879328934202,0 78.9222474343112,21.568791795109505,0 78.92276122168535,21.56868582154932,0 78.92688522985603,21.566619598751192,0 78.92817211550869,21.56609900627689,0 78.92874451591685,21.56586744406729,0 78.92941965409271,21.565594260508007,0 78.93194162018392,21.564519237854206,0 78.93194287859703,21.564362133739444,0 78.93194624819058,21.5639412389178,0 78.93197291783626,21.563578896587984,0 78.93204228686896,21.562636137674996,0 78.93188855285173,21.561883776667642,0 78.93186327615625,21.561760103335402,0 78.93156867858724,21.56143061724506,0 78.93027940866313,21.56057303162572,0 78.92941999449735,21.560099167157148,0 78.92936099079319,21.560066555490646,0 78.92860399792313,21.559647873782726,0 78.92839403368644,21.55962578146073,0 78.92806091502695,21.559590729135405,0 78.92791854107801,21.55957577355714,0 78.92708831730731,21.55976574740836,0 78.92568848906997,21.560181617683668,0 78.92492101048497,21.560344455706353,0 78.92377689960287,21.560299587684206,0 78.92322666137044,21.560358472198796,0 78.92169179292058,21.56106332186518,0 78.92110769939534,21.561208020814245,0 78.92105919684434,21.561228685184005,0 78.92105456970346,21.561230656405083,0 78.9207456773844,21.561262292091985,0 78.92021944165182,21.561330226663102,0 78.91966916968443,21.561316763143818,0 78.91907053187727,21.561289870579987,0 78.91854236949442,21.561262773071242,0 78.9184788789403,21.561242146494713,0 78.91816770397082,21.561141054390554,0 78.91779316468792,21.560895616115044,0 78.91744176617772,21.56063881676918,0 78.91720056935242,21.560353004789253,0 78.91719067344631,21.560341278312755,0 78.9169485854288,21.56006995119558,0 78.91689488766048,21.560009767177903,0 78.91663234563946,21.55962864131863,0 78.91641016350526,21.559226797343396,0 78.91616858014191,21.558838438232918,0 78.91577745046114,21.558572378476924,0 78.91535282762129,21.55836017414837,0 78.9149133709002,21.558166024371737,0 78.91453203105398,21.55789078411951,0 78.91428073036491,21.55758827207022,0 78.9142373886414,21.55753408750093,0 78.91404906706826,21.557168336740038,0 78.91402966458185,21.557127726728474,0 78.91373524630342,21.556843277238933,0 78.91343581348876,21.556491125836246,0 78.91318948168214,21.556098097408213,0 78.91297696478217,21.5556964615059,0 78.9127403528338,21.55529894914025,0 78.91232990123291,21.555068762842108,0 78.91210467435161,21.555039032724427,0 78.91185218833729,21.55500570398357,0 78.91182472973632,21.555001827248095,0 78.91137415243797,21.554938213825746,0 78.91094922567933,21.55472147942732,0 78.91055815521115,21.554459564858252,0 78.91009486706022,21.554333195922222,0 78.90997925873319,21.554333172775067,0 78.9098534363051,21.55433314738795,0 78.90975970749658,21.55430300260536,0 78.90836653606783,21.553854921429664,0 78.90738173738936,21.55350282496649,0 78.90679754336192,21.553259066449098,0 78.90727078920615,21.55315519765987,0 78.9077387912818,21.553060202231425,0 78.90821210129023,21.55296527236649,0 78.90868505478166,21.552874941657272,0 78.90884922762909,21.55284331786349,0 78.90915801010115,21.55278442911195,0 78.90963109380527,21.552684976469735,0 78.91007020049548,21.552504453327227,0 78.91025680722068,21.552362302476514,0 78.91050374164058,21.552119404566945,0 78.91075067688685,21.55187641519403,0 78.9109630882649,21.55175897087491,0 78.91114472098164,21.551593277390833,0 78.91134447712976,21.551429256174966,0 78.91146032112351,21.55132098581931,0 78.91165805583918,21.551230718774047,0 78.91192825379494,21.551189854451856,0 78.91228265228388,21.551241615071802,0 78.9124110386547,21.551234915039142,0 78.91284541080665,21.55104068745208,0 78.9132653035278,21.55081936621688,0 78.91337635136604,21.55078309885705,0 78.91312517237012,21.550277397939453,0 78.91255023217681,21.54886096439297,0 78.91358329839835,21.54865165564348,0 78.91446460857001,21.548402421627603,0 78.91501767676382,21.54829772298658,0 78.91557074581225,21.548192931226772,0 78.91619314055626,21.548053062336358,0 78.91681543759141,21.54791318927227,0 78.91777280832662,21.547562299847,0 78.91859804874,21.54712856813975,0 78.91926404424721,21.546672255337683,0 78.9198310936441,21.546258630984646,0 78.91996382123568,21.54616181518764,0 78.920726271456,21.545574579175955,0 78.92148871684248,21.54498734045069,0 78.92225115637753,21.5443729142403,0 78.92301841437144,21.54375863486622,0 78.92348646660649,21.543216572895886,0 78.92395441414061,21.542498409109772,0 78.92446579539106,21.54180733515103,0 78.92457551643591,21.541687147661722,0 78.92499154896014,21.5412319406416,0 78.92515701027308,21.54110179029555,0 78.92532256936867,21.54097155029211,0 78.92554536056447,21.540821433015562,0 78.92577013470898,21.540742230649983,0 78.92637907217839,21.540527740048994,0 78.9272937564253,21.540343417926245,0 78.92831213210191,21.54032049488828,0 78.92926303807859,21.540324721798896,0 78.92961471758478,21.54034548642057,0 78.92987121665956,21.540360631134096,0 78.9293095196525,21.539424944018812,0 78.92925189873705,21.53932895637888,0 78.9291497558172,21.53915880168199,0 78.92850323862477,21.53790046661415,0 78.92785597032017,21.536627760818334,0 78.92751544577987,21.53605878511531,0 78.92715163660594,21.535450896125518,0 78.92712516419185,21.535406663674053,0 78.92655834486811,21.53421370211003,0 78.92624040302846,21.53351604288647,0 78.92602106372038,21.533034741871774,0 78.92593102942931,21.532686933304735,0 78.92600051617916,21.532177922744744,0 78.9261621206676,21.531441850389214,0 78.92640318306334,21.531195369998905,0 78.92643978519085,21.531157945307864,0 78.92646519470335,21.53113195421129,0 78.92657612006523,21.531018489870117,0 78.92673026938496,21.530589640544534,0 78.92687023309665,21.530160524441637,0 78.92708245510472,21.529754160386272,0 78.92728499386516,21.529343069722124,0 78.9273621865262,21.52889583364758,0 78.92726056023731,21.528453419658863,0 78.92718232338821,21.52817872595707,0 78.92715649191656,21.528092050348548,0 78.92713496876563,21.528019828672225,0 78.92701886977906,21.5276723275416,0 78.92699470356473,21.52758650675519,0 78.92698500040939,21.52718903357992,0 78.92698499688329,21.52713484959111,0 78.9270101723467,21.52706802397007,0 78.92701388271277,21.527058176024596,0 78.92707667733198,21.52694516927971,0 78.92715693951871,21.526832378997234,0 78.92709087861914,21.526597481453194,0 78.92696027309564,21.52564013576069,0 78.92694554930948,21.52388635090369,0 78.92706820755103,21.52315594786576,0 78.92708485928435,21.523057087328922,0 78.9274000934342,21.52231263022204,0 78.92742717903919,21.522248663780314,0 78.92787607713208,21.522478834694315,0 78.9287663931179,21.522874960875292,0 78.92877876623568,21.52288044252754,0 78.92922545312956,21.52304908283926,0 78.92951604590138,21.52315871053231,0 78.92975854005353,21.523250402328227,0 78.93088046686285,21.52351586504588,0 78.93088311527046,21.52351649214029,0 78.9318002095679,21.523665222085437,0 78.93278597854271,21.52359218921501,0 78.93302597001085,21.5235744826781,0 78.93437234701166,21.523226224805068,0 78.9354303666627,21.522834743388593,0 78.93549277953885,21.52280282381231,0 78.9361141856773,21.522485043036802,0 78.93799596383663,21.52134650145799,0 78.93951574661119,21.520334412635766,0 78.93980989680107,21.52008868332605,0 78.94125725775082,21.51887955504975,0 78.94267148746547,21.51755348490326,0 78.94348110737876,21.516923270418356,0 78.94439272199337,21.515875187434855,0 78.94470650319067,21.515013066074623,0 78.9447444859546,21.51490870702739,0 78.94480025643922,21.514279635743968,0 78.94482615674103,21.513987485650816,0 78.94483575498634,21.513517730726484,0 78.94484489892432,21.513052755298553,0 78.94466628565324,21.51266006295563,0 78.94455445769091,21.512651106344446,0 78.94445658637211,21.512643267132727,0 78.94354179256155,21.512569991221014,0 78.943423079251,21.512539752519302,0 78.94290471547805,21.512407713328592,0 78.94241035030318,21.512185421741663,0 78.94239308797795,21.512177622838703,0 78.941997489324,21.511892923945254,0 78.94165935079224,21.511649574484,0 78.94129723083554,21.511302027866247,0 78.94111844013912,21.510724018843963,0 78.94071719425763,21.50928371216497,0 78.94025329565109,21.50786593129537,0 78.94019227811025,21.5075459393213,0 78.93996312828683,21.506344180970263,0 78.93968749342756,21.50496249775834,0 78.93950826910611,21.503580739736933,0 78.93930006241916,21.50225118733839,0 78.93923248740458,21.5018196696177,0 78.93916931971809,21.500817192807112,0 78.93936417581698,21.50000127068825,0 78.93949348265964,21.4981465985078,0 78.93949622932983,21.498107197438884,0 78.9395484524877,21.496187980733726,0 78.93923844110635,21.49354182924257,0 78.93916221277,21.493293916072773,0 78.93842437859607,21.490894242559474,0 78.93790972757606,21.48922071154551,0 78.93669236387038,21.485766655013737,0 78.93578141130108,21.485927639835005,0 78.93575620582226,21.485932094106477,0 78.93569371729086,21.485943152499036,0 78.93510503854935,21.486015758115787,0 78.93352742392862,21.48621032313988,0 78.93109098855983,21.486509160064443,0 78.92953685661473,21.486643699842286,0 78.9282105262951,21.486758474116662,0 78.9247367025788,21.486935706821615,0 78.92465738461965,21.486959905647854,0 78.92306259553331,21.487446452449536,0 78.921591249623,21.488259704578105,0 78.9208863763531,21.48860096826571,0 78.92071305649839,21.48868487994012,0 78.9204430058091,21.48881562252631,0 78.91971850869623,21.489166378752078,0 78.91945574571172,21.48929353605741,0 78.91944578226915,21.489298357447264,0 78.91944451870197,21.489298968618034,0 78.91944020154865,21.489303972252582,0 78.91875957413552,21.490075929290416,0 78.91778035860312,21.491101176537065,0 78.9174059678391,21.492243199189836,0 78.91740430678401,21.492248266969114,0 78.91652142801416,21.49261880425578,0 78.91409949639312,21.49365799059515,0 78.91253640234939,21.494556974346786,0 78.90995536726848,21.496124570759044,0 78.90858992748079,21.496707385189826,0 78.90633187017622,21.497588389092318,0 78.90397738754848,21.4984694133923,0 78.90219689042011,21.4991922643493,0 78.90039180895246,21.50000120103763,0 78.90021885998947,21.50007451717362,0 78.89971090943784,21.500289844359905,0 78.89929871154341,21.50044636504487,0 78.89925857148661,21.50046160623513,0 78.89906718437815,21.500356429784105,0 78.89842129480286,21.500001241664652,0 78.89808239715443,21.49981483948699,0 78.8957936496497,21.49855640279483,0 78.89518077920656,21.49827649468711,0 78.8947269358292,21.496267058184767,0 78.89469591045523,21.4961589309438,0 78.89446552420492,21.49535600475,0 78.89398351841268,21.49367510717556,0 78.89356838041245,21.492175845150168,0 78.89306730844042,21.490707917863684,0 78.89294243358019,21.490342013022737,0 78.89261744649438,21.489389731896264,0 78.89195548582175,21.48686093300111,0 78.89186448799936,21.486513279154014,0 78.8914108499544,21.485826916605664,0 78.89125691250675,21.485675696752537,0 78.89125367981295,21.48567240517948,0 78.89083658732551,21.48526247815516,0 78.88810696215451,21.485697766640943,0 78.88752196498208,21.48579106153255,0 78.88582838827374,21.486107292128576,0 78.88354151932734,21.48635584484205,0 78.88141366915443,21.48641014855402,0 78.88086847383472,21.48658628367844,0 78.88023064684565,21.486882474200527,0 78.8802267615183,21.48688427841486,0 78.88003866635715,21.48718685426513,0 78.87985611792438,21.487405840812674,0 78.87985042696302,21.487412668050613,0 78.87926668571325,21.487624971502946,0 78.87863023220808,21.48778603318007,0 78.8777322977434,21.48801330520141,0 78.87768301777801,21.488025074846863,0 78.87594249559517,21.4884407729792,0 78.87577472306363,21.488480841670057,0 78.8755852305459,21.48852609729876,0 78.87376134619429,21.488961676484788,0 78.87322847008582,21.489141099225726,0 78.87297002915611,21.489228117793267,0 78.87295461304265,21.489643490996947,0 78.87293148364859,21.490266680720367,0 78.87282047734469,21.490302834081888,0 78.87245856919917,21.48989645552282,0 78.87212090393545,21.489634513828065,0 78.87206149102818,21.48963092329675,0 78.871821760935,21.48961643401118,0 78.87151773493588,21.48968868739959,0 78.87098219927212,21.489968672078756,0 78.86943076690432,21.4905704614558,0 78.86886430716507,21.490790181053367,0 78.86838625114545,21.490975608658914,0 78.86835246925907,21.490990602201773,0 78.86764161475129,21.49130609551265,0 78.86763348953028,21.491309701559253,0 78.86787174784676,21.49243352100369,0 78.86799489813478,21.49301421934054,0 78.86806287946901,21.493335128756378,0 78.86810536228896,21.493535342477283,0 78.8681304156168,21.49365341400401,0 78.86803624210194,21.494067639075528,0 78.86803391327045,21.494077880439505,0 78.86702065683632,21.493495297454643,0 78.8663667033323,21.49333875330613,0 78.86554899874899,21.49314299951359,0 78.86526451402626,21.493042559677395,0 78.86419314842198,21.492664297833315,0 78.86351624918075,21.492691942554437,0 78.8634643058589,21.492694077399126,0 78.86331011932538,21.492700323069503,0 78.86269739019313,21.492912556134748,0 78.86119183774476,21.49336846683753,0 78.86096401631312,21.493428310324102,0 78.85944025315393,21.49382897556382,0 78.85774664367172,21.493986875931984,0 78.85659648655891,21.494395630966448,0 78.85633059344089,21.49449012462531,0 78.8562604652016,21.494515052253742,0 78.85587505481888,21.49461618214064,0 78.85586477469174,21.494618879469567,0 78.85569607966083,21.494449649923236,0 78.85539197171627,21.49414466969861,0 78.85540041525076,21.494138435744272,0 78.85591794436273,21.49375634016267,0 78.85592109224028,21.493752103355888,0 78.85596695735167,21.49369036764917,0 78.8563909130584,21.493119713793313,0 78.85622349904817,21.492882863265976,0 78.85619306170301,21.492839667683175,0 78.8553439751315,21.49215319840358,0 78.85459369304895,21.491855580495173,0 78.8544067329709,21.491781425558703,0 78.8543645122529,21.491764679765204,0 78.85366984422396,21.49118204975639,0 78.85333085703707,21.490849061435473,0 78.85259396716597,21.49012520408894,0 78.85190888501647,21.489718693714877,0 78.851860445593,21.489712291177163,0 78.85100175985862,21.489596673520506,0 78.85097559640208,21.489597691304144,0 78.85006095421973,21.489632698866988,0 78.8494770276503,21.48980868104221,0 78.8484396460191,21.490034357170074,0 78.8478027883188,21.489840034806512,0 78.8460031808575,21.488995249627425,0 78.84440155422462,21.48788407538358,0 78.84425206436815,21.487355763073275,0 78.84375997315959,21.48725179392677,0 78.84296866989234,21.48723354014745,0 78.8423425243354,21.487158268017943,0 78.8410484316708,21.48700284077184,0 78.84026455573719,21.4871157026232,0 78.8398112645443,21.48718109073695,0 78.8397021977876,21.487196748198517,0 78.83876322363328,21.487475832649746,0 78.83860883531624,21.487521711044284,0 78.83804714461056,21.487688623350376,0 78.83704817939456,21.488252914016158,0 78.83621828195737,21.48858685566276,0 78.83596054429454,21.488661227366684,0 78.8356607212357,21.48874774241204,0 78.83413850646758,21.489186970986704,0 78.8307082706648,21.489956023743172,0 78.83049779264164,21.49000320947977,0 78.82975229374583,21.490170336193163,0 78.8289930277756,21.490216276652962,0 78.82890578417808,21.490221571283232,0 78.82856529985919,21.490242231931486,0 78.82767482164792,21.490090095693564,0 78.82737361702675,21.490038633614446,0 78.82650200844898,21.489889792015322,0 78.8261818397275,21.489835116229205,0 78.82535515356658,21.48970010810699,0 78.82521208735817,21.489676742983015,0 78.82425313268033,21.489520216528224,0 78.82424233650599,21.489518454603555,0 78.82358144825184,21.48919757529647,0 78.82351701891379,21.489157092744986,0 78.8229350458804,21.48879172717801,0 78.82255630812408,21.488553808935404,0 78.82153127516278,21.48790994643258,0 78.8208630781472,21.48762074930701,0 78.820194980405,21.4873315509438,0 78.81994401514271,21.487286736441085,0 78.81978966317547,21.487259166980405,0 78.81803807745635,21.487750752408658,0 78.8170199278276,21.487908484080382,0 78.81639756515541,21.487677933803337,0 78.81557406989677,21.487695649045577,0 78.81557254557273,21.487695682144007,0 78.81540351889095,21.487907941396408,0 78.81517933850941,21.49038571250397,0 78.81515697429083,21.490632898151897,0 78.81515634114878,21.490639892547343,0 78.81473172320356,21.490657815868666,0 78.81450411395294,21.49064677793263,0 78.81371172676006,21.490608346603068,0 78.81283134263246,21.49056566595232,0 78.81223760809992,21.49053685005692,0 78.81053894916589,21.49045452275021,0 78.81049602977923,21.49045244252224,0 78.81008201674926,21.490432385330603,0 78.80975102010376,21.490416216214236,0 78.80811039701024,21.4903366292323,0 78.80806855162294,21.49033463503596,0 78.80695222688512,21.49035881144345,0 78.805609084179,21.490388001934537,0 78.80500459226916,21.49040113561555,0 78.80465660887951,21.49046257285557,0 78.80464751494685,21.490464169049897,0 78.80444977242065,21.490184071030207,0 78.80397222787657,21.48998066285136,0 78.80374556193662,21.48984060336426,0 78.8030556482777,21.489605503677378,0 78.80277110299284,21.48945185892447,0 78.80245267612767,21.489402067000682,0 78.80130906757292,21.489573130617156,0 78.80117639744816,21.489635114582356,0 78.80117390709165,21.489636278184776,0 78.80099505247365,21.489860649583264,0 78.80099040467515,21.489866480965144,0 78.80043059321808,21.490155301337506,0 78.80025692068766,21.490155181748847,0 78.80005676486047,21.490048968407663,0 78.79996736065695,21.490001556077928,0 78.79986157099539,21.48956797685501,0 78.80004500635673,21.489342289666446,0 78.80014651593604,21.48900815375622,0 78.8001031118599,21.488827519998633,0 78.79985732410066,21.48839390182169,0 78.79970919545627,21.488247988535083,0 78.79966926295779,21.488208653635514,0 78.7993749697593,21.488068510375378,0 78.7989780126774,21.488035983503114,0 78.79893110847789,21.488032139963856,0 78.7986608523543,21.48807725179026,0 78.79840042213195,21.487982252546395,0 78.79827524211828,21.487471930667578,0 78.79829957110373,21.487092621126017,0 78.79827067797466,21.48694811842742,0 78.79807301998464,21.486663499387838,0 78.79788000929737,21.486518910114444,0 78.79756318518244,21.48646878477983,0 78.79742174345377,21.486446406506538,0 78.79689104204977,21.486423604673774,0 78.79643747432375,21.486346644829787,0 78.79636038265895,21.48626986454301,0 78.79625922381386,21.485971707741328,0 78.79599405871282,21.48553810011147,0 78.79488934130585,21.485262097358792,0 78.79451783019144,21.48525285865699,0 78.79403030759438,21.485483012845403,0 78.79378703068078,21.485430321522706,0 78.79352859707703,21.48537434637996,0 78.79333572383945,21.485265874721485,0 78.79306066544414,21.485252217218203,0 78.79280319793436,21.485332435261736,0 78.79280009598376,21.485333387683458,0 78.7926649194624,21.48545522498422,0 78.79251537877964,21.485486751213173,0 78.79198443729618,21.48579353347525,0 78.79172866717248,21.48590185559859,0 78.79159929647685,21.485921930280142,0 78.79146803624285,21.48594229704253,0 78.79123450476256,21.485873570043854,0 78.79080717086543,21.485747808299617,0 78.79070106889118,21.485752274065906,0 78.79042146936854,21.485896483427975,0 78.79042111470962,21.485896666467355,0 78.79011692966914,21.48620806719551,0 78.790015720478,21.48634662271837,0 78.78998793527215,21.486384659416483,0 78.78998176066304,21.48639311283259,0 78.7898081928572,21.48616280523146,0 78.78970450219619,21.485542638859677,0 78.78949175887247,21.48427022710321,0 78.78920718927837,21.48256788597546,0 78.78907607712611,21.482542040028083,0 78.7888673572328,21.482500714124626,0 78.78884050063762,21.48249539714532,0 78.78883486546543,21.48246504090455,0 78.788768411949,21.482107048727485,0 78.78869192469834,21.48089229001331,0 78.78837353824503,21.480752081790943,0 78.78808550333108,21.480816346148952,0 78.78782832899151,21.480873724773197,0 78.7874815787376,21.480880932344547,0 78.78722789570674,21.480886205540386,0 78.78697914137072,21.480891375388897,0 78.78689851643716,21.48012410681881,0 78.78684958978351,21.479658486265716,0 78.78663273224143,21.479337752108805,0 78.78655507774603,21.479335699764984,0 78.7838440868279,21.4792640364006,0 78.78256636365843,21.479129034776754,0 78.78029437397771,21.478888954762397,0 78.780148632272,21.478873553304535,0 78.78007156566954,21.47864325448013,0 78.77998091838955,21.477654424181658,0 78.779961372302,21.47744195564893,0 78.77975420896588,21.47698580005968,0 78.77916118863827,21.4763803051034,0 78.7787949367545,21.475860810129813,0 78.77912344534424,21.475084250033618,0 78.7792639467506,21.474280538263752,0 78.77926837919277,21.47402782014549,0 78.77926893662541,21.4739960645383,0 78.77920637400312,21.473770202246495,0 78.7789317455892,21.473214630997166,0 78.77873920423866,21.47292765125017,0 78.77853164720288,21.472618290786215,0 78.77845947258754,21.47232023977292,0 78.77845950687315,21.472277903687353,0 78.77845968504212,21.472058278017528,0 78.77866288940258,21.471222982165994,0 78.77867746682185,21.47103787738709,0 78.77861522062784,21.470333331066886,0 78.77864919182562,21.47003985132109,0 78.77875064797438,21.469692184579575,0 78.7787701855502,21.469358057955283,0 78.77850503230938,21.46906882102436,0 78.77802764702584,21.468811166830402,0 78.77746811008289,21.468684440082345,0 78.77731377668913,21.46856237728374,0 78.77721741293868,21.468345546641338,0 78.77718378143851,21.46813334274784,0 78.77721301860436,21.46771337878503,0 78.77729530472845,21.467370243612226,0 78.77727617798115,21.467054115267075,0 78.77710748954685,21.466810135606504,0 78.77689535876358,21.46670166221704,0 78.77633601234079,21.466245244929823,0 78.7762588828847,21.46609612458293,0 78.7761629447242,21.46529224982899,0 78.77616820439843,21.464723330913813,0 78.77613112621357,21.464588428104992,0 78.77612971784303,21.464583302927647,0 78.77590745327386,21.46506634884164,0 78.77580583036755,21.465590098601222,0 78.77546575342645,21.46648327948482,0 78.77539498233936,21.466669151088624,0 78.77518239653384,21.467111597400642,0 78.77493597758426,21.46776173811856,0 78.7745156721296,21.468560727102634,0 78.77398398954608,21.46997842043448,0 78.77379323045882,21.47026376533151,0 78.77379090051184,21.470267250604486,0 78.77355430918801,21.470447771531315,0 78.77244915366951,21.47099797099739,0 78.77219897139284,21.47120711433394,0 78.77213632091345,21.4712594882854,0 78.77213060379707,21.47126426736265,0 78.77189870588964,21.471675026589242,0 78.7721102992231,21.47266863104631,0 78.77237046644171,21.473151958583205,0 78.77242333096459,21.473418509277458,0 78.7724326850834,21.473919715264863,0 78.77233105122453,21.474366705044275,0 78.7720736696001,21.47481374312201,0 78.7719204079783,21.475079937759144,0 78.77173679379806,21.475499827538982,0 78.7716738798096,21.475874640613732,0 78.77167202557456,21.47595897727766,0 78.77166787589145,21.476147680607323,0 78.77166385083545,21.47633070802557,0 78.77159600399057,21.476719001163787,0 78.77142735567783,21.476955532253278,0 78.77142220641761,21.47696275367058,0 78.77107484077764,21.47695351507453,0 78.77061651394024,21.476862879854963,0 78.77039460876219,21.476876263232207,0 78.76941500875688,21.477160189940523,0 78.76913028692778,21.477281907470957,0 78.76881209805623,21.477494971607456,0 78.76880687920819,21.47749846632108,0 78.76867155558786,21.477755822445616,0 78.76867626092427,21.47803581804927,0 78.76878216939217,21.47834741617546,0 78.7688483875172,21.4784696576617,0 78.76893634283805,21.478632026359797,0 78.76894591004073,21.478744939829603,0 78.76894556873003,21.478745376913004,0 78.76878163845832,21.478955450274213,0 78.7687768610503,21.478961572205883,0 78.768410101788,21.479110366437013,0 78.7682724015522,21.479230544893035,0 78.76826529220821,21.47923674987488,0 78.76826995382339,21.479367658165728,0 78.76831437935462,21.479522253063454,0 78.76838548287849,21.479769684780777,0 78.76838526743578,21.480049614728056,0 78.76828236343067,21.480352404387492,0 78.76822567186541,21.480519214549012,0 78.76802277248122,21.480943537442876,0 78.7679958947168,21.4810547899861,0 78.7678147453594,21.48180548518944,0 78.7678146379782,21.48180592878729,0 78.767578075542,21.482027075404847,0 78.76705194111085,21.482320204829715,0 78.7669155389028,21.482423467862553,0 78.76675310463685,21.482546437997986,0 78.76674789609042,21.482550380895894,0 78.76659806579116,21.482803116302605,0 78.76652545893329,21.483141766975262,0 78.76653008886404,21.48339467107112,0 78.76642365992826,21.483755805054713,0 78.7664238953661,21.48375933059489,0 78.76643587637379,21.483941528330305,0 78.76649523177196,21.484844163429585,0 78.76645538173229,21.48658273314833,0 78.76666216633271,21.48747252186633,0 78.7667050857055,21.488244714659977,0 78.76671571250897,21.488285206949225,0 78.76678687426283,21.48855635231432,0 78.76682994548628,21.48895831522231,0 78.76687272218325,21.489033999740723,0 78.76687334895817,21.489035109170295,0 78.7667958176986,21.489094779627738,0 78.76663634083225,21.48921751586282,0 78.76662712429325,21.489224609069584,0 78.76605532534535,21.489296517126828,0 78.763072410413,21.489329649003228,0 78.76235664456327,21.489303872181107,0 78.76235380980815,21.489303769734065,0 78.76234366104315,21.489333475597594,0 78.76214045745947,21.48992824158781,0 78.7621377589927,21.489936139043806,0 78.7587438830924,21.49006554368386,0 78.75662824215007,21.490237968335762,0 78.7547152003575,21.490895382971946,0 78.75366543252909,21.491418295242266,0 78.75349829513188,21.491501548486475,0 78.75295673500143,21.491826837101637,0 78.75158480361769,21.49265087264848,0 78.75085238707788,21.49298216873173,0 78.75084851798816,21.492983918230003,0 78.75075623061453,21.492779359539302,0 78.75027767891694,21.4917186224643,0 78.7500000678903,21.49098472191759,0 78.74972583914317,21.490259978123184,0 78.74906441521722,21.489038969796407,0 78.74881645634994,21.488951107106313,0 78.74877408864035,21.488914235877438,0 78.7484628532618,21.48864347578357,0 78.7483135817553,21.48851365963473,0 78.74782181782787,21.48808599043335,0 78.74779740144517,21.488057446496853,0 78.74735911989606,21.487545085993037,0 78.7469656097279,21.48680943398277,0 78.7465716583221,21.485532607924686,0 78.7459917454232,21.48393957174317,0 78.74585354697291,21.483560073029693,0 78.7451746748549,21.481641183906344,0 78.74516227685052,21.48160613892607,0 78.74498893641676,21.481116244535464,0 78.74495009957954,21.481006483626647,0 78.74494799396129,21.480995492176405,0 78.74471793420292,21.47979441613327,0 78.74471703182097,21.478682001108677,0 78.74471698093382,21.478603891518095,0 78.74479833543033,21.477700456090375,0 78.74492312435734,21.476313328721712,0 78.74502393088764,21.4754056404743,0 78.74522137485175,21.47362894598,0 78.74526782753114,21.473193178005065,0 78.74527340091802,21.47314089512363,0 78.74541824400724,21.47178210984368,0 78.74550101909105,21.471005577648445,0 78.74557548256118,21.47030701349829,0 78.74558828799553,21.470186877531244,0 78.74544137994559,21.470223454604277,0 78.74527155453933,21.4702657999478,0 78.74454297596031,21.470447467685723,0 78.74105384816524,21.47099108949096,0 78.73977571806407,21.47091725442915,0 78.73945295037548,21.470898606751962,0 78.73801028573737,21.470697986243046,0 78.73714787445928,21.47057804980169,0 78.73633883157956,21.470318861734697,0 78.73479024404342,21.470016779637316,0 78.73342654595366,21.469692990503464,0 78.73330706610055,21.46946351605004,0 78.73330667322698,21.469462760910424,0 78.73257027811667,21.46804840440349,0 78.7324068325312,21.467533106731832,0 78.7323770899219,21.46743931246323,0 78.73164052567688,21.465116484218925,0 78.73148054733679,21.46461196491658,0 78.73145847250277,21.464542348142142,0 78.73141939023972,21.46448021860129,0 78.73139678795258,21.464444286216544,0 78.73099573697715,21.463806721779523,0 78.73074070821306,21.46352486732783,0 78.7303741693766,21.46311955389301,0 78.73003821365666,21.462748055838492,0 78.72997819390629,21.462681685570505,0 78.72995935530275,21.462674355232622,0 78.72937155276908,21.46244563025925,0 78.72936720722572,21.46244393899496,0 78.72935776345916,21.462442357448808,0 78.72850863014459,21.462300157029823,0 78.72846587025045,21.46229299619317,0 78.72841737713247,21.462308167887137,0 78.72828082327915,21.46235089176709,0 78.72803812539753,21.462426848131813,0 78.7274755860805,21.462602900412268,0 78.72694108721862,21.46277018239852,0 78.72657464011795,21.462943641132235,0 78.72437682905202,21.46398395485251,0 78.72255163289235,21.464634356288276,0 78.7204327323912,21.4652146693197,0 78.72033360541651,21.46524181643594,0 78.72027512254235,21.465275588749986,0 78.71929488734914,21.465841641729007,0 78.71816406413207,21.46649464025619,0 78.71800810287525,21.466592110308998,0 78.71779515241211,21.46672528393682,0 78.71657014474508,21.46749126321733,0 78.71496423812863,21.468265571032482,0 78.71162621028023,21.46987498586466,0 78.71123333769201,21.469940129645714,0 78.71118379028832,21.46994015723849,0 78.71005477444531,21.469940783210067,0 78.70954526756708,21.470092546248566,0 78.70829761389386,21.470482779480484,0 78.7075581192267,21.470634723661913,0 78.7075213504616,21.470752690845057,0 78.707436936591,21.471023113478306,0 78.7073735775211,21.471226083026572,0 78.7073442659969,21.471669267037367,0 78.7072819454187,21.472611534935222,0 78.7073486036288,21.47354206820541,0 78.7073750587843,21.47391030608635,0 78.70624258890064,21.473780991306,0 78.70490213664831,21.4735651962508,0 78.70384948120972,21.473360299012487,0 78.70379264150478,21.47334922402195,0 78.70299326543073,21.473387631433823,0 78.70297897733838,21.47338833837311,0 78.70290750724114,21.47339178721157,0 78.7024604426035,21.473413356612983,0 78.70242916421563,21.47341482255462,0 78.69987431684706,21.47380057699711,0 78.69984100248898,21.4738056073156,0 78.69995631913842,21.473907786621776,0 78.70024484631239,21.474163554500393,0 78.70028038537488,21.474195058478195,0 78.70030594608455,21.474223409125056,0 78.70090467464841,21.474887473416498,0 78.70117184590845,21.475276287954955,0 78.7012195017743,21.475345641847063,0 78.70132098518607,21.47549341017123,0 78.70166577093063,21.476310206303737,0 78.70166810749309,21.47631574147111,0 78.70092721546278,21.476526463848703,0 78.70090556248809,21.476532622048886,0 78.70063908525269,21.476589465996142,0 78.69887196202761,21.476966412670315,0 78.69721750381704,21.47734617189568,0 78.69669869607219,21.47746525382594,0 78.69524304061186,21.47826679950802,0 78.69490112777002,21.478433015874693,0 78.69444828668885,21.478653234698704,0 78.69399534874366,21.478873450443672,0 78.69374622286703,21.478956888073863,0 78.69351200898063,21.47903533080495,0 78.69337627807063,21.479080788836534,0 78.69334826359348,21.479090171418566,0 78.69331740073235,21.47908080965239,0 78.69272509138779,21.478901148865347,0 78.69244586894693,21.47881645286902,0 78.69163786757183,21.478571360119417,0 78.69082802696585,21.478237898989622,0 78.690482102154,21.478095595360955,0 78.69012735038228,21.47797108251379,0 78.69011224832124,21.47796578208359,0 78.6900809303091,21.477960620291274,0 78.68938370804932,21.477845711209103,0 78.68932640205587,21.477836266545825,0 78.6891883176794,21.4778542751581,0 78.68849444669789,21.477944764803365,0 78.68917282085519,21.478738330408902,0 78.689508885391,21.47913145693824,0 78.68997431805752,21.479675912068174,0 78.69002748922308,21.479846326616904,0 78.69013639609595,21.480195375572837,0 78.69009029866238,21.480628345715605,0 78.69006262074227,21.480828171822495,0 78.69003934248785,21.48099623437691,0 78.69002127521662,21.481126283677877,0 78.68971893931509,21.481559231517178,0 78.68937665315151,21.481808823463695,0 78.68930307250223,21.4818624773438,0 78.68928357220342,21.481867853875183,0 78.68891015475435,21.481970817720807,0 78.68826929917009,21.481971062544563,0 78.68807814801762,21.48197113506406,0 78.68769465616204,21.48198361595442,0 78.68740797606951,21.48199301246529,0 78.68666228717103,21.48181807744778,0 78.68576656103511,21.481607921473536,0 78.68501289829403,21.48143115284222,0 78.68493896518467,21.481422187934847,0 78.6841158628695,21.481322374815722,0 78.68323317523003,21.481215324618063,0 78.68174399212464,21.48088675546047,0 78.68117610638045,21.480761399099244,0 78.68091013570962,21.480700008130373,0 78.67930393856861,21.480329069415667,0 78.676622985527,21.480459851655404,0 78.6748422994995,21.480525286565406,0 78.67482368215651,21.4805249432209,0 78.67368678982412,21.480503964648662,0 78.67305405824648,21.48043138973158,0 78.67300760169427,21.480426061479683,0 78.67245574939187,21.480362787522388,0 78.67236933957534,21.480352880017882,0 78.6723357125691,21.48034679507879,0 78.67183537685798,21.480256247101785,0 78.67153598777261,21.48020206493176,0 78.67099831754736,21.480104757673683,0 78.67093630549107,21.480093534379712,0 78.6708665837539,21.480015633695725,0 78.67082823838203,21.479972790759746,0 78.6704823514735,21.47958632742947,0 78.67018389410715,21.479252856983877,0 78.66987829918183,21.478911407897563,0 78.66950293902563,21.478492006918867,0 78.66933053901127,21.478337354091273,0 78.66894814461764,21.4779943206584,0 78.66850662820536,21.477519017352016,0 78.66848577361371,21.47749656754413,0 78.66835525219226,21.47743141814885,0 78.66779235460413,21.477150447525364,0 78.66771977483337,21.477143433370102,0 78.66745114508319,21.47711747239596,0 78.66738173102496,21.477110764016544,0 78.66712214196758,21.47708564997737,0 78.66603045356464,21.47739583258791,0 78.66498970628837,21.478101672518154,0 78.66427429713163,21.478586858717588,0 78.66371978847756,21.478954918501312,0 78.66352853168326,21.47902731968862,0 78.66286154784774,21.47927980891316,0 78.66251810572533,21.47940981802391,0 78.66004555920419,21.4807957432382,0 78.65930610321512,21.481380343793116,0 78.65713371568084,21.48196516876809,0 78.65595510080288,21.482181870266885,0 78.65546492213717,21.482223751857244,0 78.65519239801404,21.48224701537533,0 78.65437481680104,21.48209128118391,0 78.65394321309994,21.482009066846963,0 78.65244102383978,21.48255050548202,0 78.65154537870457,21.48287157347515,0 78.64949580319482,21.483606272043072,0 78.64928520315996,21.483681773671748,0 78.64903460492127,21.483771614283285,0 78.64899753784051,21.483784907759578,0 78.6488699028833,21.483826904446857,0 78.64837487790066,21.48398996346286,0 78.64729007115352,21.48434697570875,0 78.64692549251203,21.484467079863737,0 78.64592447545705,21.484796640004816,0 78.64557716054173,21.48491093485472,0 78.64426361032545,21.485281618364876,0 78.64362770915996,21.48546106478304,0 78.64348805500256,21.485500449280103,0 78.64342777538786,21.48551729697956,0 78.64329099819336,21.48548996414101,0 78.64208399382093,21.485248753981665,0 78.64185941308723,21.485203871828563,0 78.64169694394663,21.485102434401,0 78.6416837375102,21.485094189415413,0 78.64161398411673,21.485050644066202,0 78.64116598442939,21.484770959693307,0 78.64063436754228,21.4842948220455,0 78.64034558813208,21.48404900914483,0 78.6402593111519,21.48397556867332,0 78.64021144233953,21.483934801678824,0 78.6400127304945,21.483765762008193,0 78.63999874229997,21.483753735868657,0 78.6393630259271,21.483212646322723,0 78.63901630093099,21.482985349960426,0 78.63887539656635,21.482892973928543,0 78.63866957712054,21.482758053752438,0 78.6381509260282,21.482418075722805,0 78.63807328806864,21.48236717919421,0 78.63797622850002,21.4823035500869,0 78.6375361555935,21.482057182036314,0 78.63696803652627,21.481739127232515,0 78.63584990342977,21.481113186779943,0 78.63579266906645,21.48109693642582,0 78.63573543756613,21.481080505707016,0 78.63492546327673,21.480853418105067,0 78.63491873585807,21.480839869002846,0 78.63476362054789,21.480528775374598,0 78.6346104407675,21.48042023956691,0 78.63407956686885,21.480044053086537,0 78.63371693407508,21.47978708256581,0 78.63360158103987,21.479705347173145,0 78.63314466491458,21.479381590063284,0 78.63272145366243,21.479071121552664,0 78.63175786357942,21.478364275682733,0 78.6314933651902,21.478136324882332,0 78.63118005859418,21.477866417427883,0 78.62986269156288,21.47693567246304,0 78.6296887065176,21.476756422971526,0 78.6291693621751,21.47622135943846,0 78.62868401739539,21.47568020093206,0 78.62855802122051,21.475700772674994,0 78.62835316014915,21.475734221400504,0 78.62797832069343,21.475795423087657,0 78.62657533948752,21.476024443488296,0 78.6261649392488,21.476091481869677,0 78.62589918426491,21.476126261668888,0 78.62517123658965,21.476221381072076,0 78.6242885688385,21.476547346990536,0 78.62265094239737,21.477152142244304,0 78.62156400200692,21.4775457958041,0 78.62091761790772,21.477779936646,0 78.62023949651937,21.478120710306815,0 78.61997007542259,21.478256106616524,0 78.61990071947464,21.478321032944624,0 78.61985978374453,21.478570808869264,0 78.6197851638256,21.47902611729949,0 78.61966960694089,21.47973120188161,0 78.61955869212714,21.48024246480765,0 78.61936904600832,21.48111663253677,0 78.61918414551816,21.481571155378944,0 78.61913978427934,21.481611697761625,0 78.61859868039679,21.482108019502146,0 78.61807476009362,21.482588575054272,0 78.61619274885348,21.48369238804181,0 78.61521453477361,21.48431779041258,0 78.61388457467888,21.485168054170494,0 78.61378896617735,21.485229177672235,0 78.61337184751754,21.485416446824594,0 78.61210172914416,21.485986647644765,0 78.61163993159164,21.486328036599954,0 78.61148697584424,21.48644112107555,0 78.61122334505228,21.48663602936109,0 78.61056626455685,21.487427088528687,0 78.61041432281046,21.487610010307165,0 78.61004450583016,21.488172845565153,0 78.60930483306858,21.488757202704914,0 78.60877322026187,21.489060200786756,0 78.60857862112157,21.48906019119996,0 78.60842003901365,21.48906018301905,0 78.60824154283036,21.48906017277164,0 78.60770996382509,21.48899513323648,0 78.60666446410575,21.48867035886036,0 78.60435322010207,21.48834539592373,0 78.60301271314283,21.48808544256642,0 78.60255044918416,21.48784729666734,0 78.60243525796992,21.487665148622582,0 78.60218078744262,21.487262760150493,0 78.60188046847706,21.48652671387633,0 78.60183514981382,21.486464284358515,0 78.60175178078403,21.486349438912693,0 78.60148762281501,21.48598554584695,0 78.60129132784009,21.485759844417828,0 78.60110632012912,21.48554712108715,0 78.6009792408513,21.48540100282172,0 78.60085405280118,21.48540656359752,0 78.60000849850894,21.48544412311768,0 78.59904571968026,21.485695663309034,0 78.59901461895039,21.48570378867049,0 78.59900668596853,21.485709358760115,0 78.59845987341821,21.486093283287147,0 78.5977795657351,21.48683238926672,0 78.59736341455769,21.487200305543,0 78.59642091894297,21.48794429541182,0 78.59618455315258,21.488130876373333,0 78.59583971498114,21.488254321497436,0 78.59556388305556,21.48835306396369,0 78.59539867962116,21.488412202454473,0 78.59475142695644,21.48847701322818,0 78.59429829719102,21.488359124503678,0 78.59400193814683,21.488282021277985,0 78.59390401957012,21.488236144811506,0 78.59361466205094,21.488100573326218,0 78.59298512066995,21.487805614119484,0 78.59139038987371,21.487437346679002,0 78.58884811890765,21.487003831895137,0 78.58721875302211,21.486794629886916,0 78.58665250226113,21.486721922323845,0 78.58622186074105,21.486668769017932,0 78.58613213795623,21.486657694014127,0 78.58577426424846,21.48661352081481,0 78.58533516755216,21.486721664369124,0 78.58457117504189,21.487067814124984,0 78.58439315381946,21.48746771975641,0 78.58436114984531,21.487539612912286,0 78.5843399387776,21.487587261257325,0 78.58425614872048,21.488291502175713,0 78.58422410138029,21.48856137258942,0 78.58419355335421,21.48921577747773,0 78.5841727613954,21.489661177097446,0 78.58416520543197,21.489823036430824,0 78.5841566238624,21.490006876617812,0 78.58415438280386,21.49005496938618,0 78.58406974142108,21.49005112723562,0 78.58394703977696,21.490045511666988,0 78.58391973977187,21.490044261905318,0 78.5818974855554,21.489951786936793,0 78.5818860389854,21.48995126315029,0 78.5817737306075,21.48994611550067,0 78.58212024353298,21.490595546292706,0 78.58217840961328,21.49086200650023,0 78.5824871467348,21.49227631603737,0 78.58248849056822,21.492282566209084,0 78.58249050364374,21.49230083390774,0 78.58248375527658,21.49230568454902,0 78.58232081136029,21.492422800116355,0 78.58207048118118,21.492555426145948,0 78.58179142702892,21.49268452621758,0 78.58165962807355,21.492745500507542,0 78.58114960807816,21.493010705083456,0 78.58079583480945,21.493238316029405,0 78.58078987704242,21.493242148882242,0 78.58073943705224,21.493281126745174,0 78.58027994002344,21.493636198890904,0 78.5799304146336,21.4938745598153,0 78.57949120422404,21.494157127858827,0 78.57947447282905,21.494167482118637,0 78.57922733638408,21.49432043287285,0 78.57900067917916,21.49445454647613,0 78.57898112529294,21.49446611639388,0 78.57871666288153,21.49457207624471,0 78.57855178912334,21.494668970009098,0 78.57855142793039,21.494669181939695,0 78.57851666312527,21.494699087015952,0 78.57844179273131,21.49476349219205,0 78.57843437366685,21.49476987500511,0 78.57826940022144,21.495025988365096,0 78.57808254809484,21.495307657661886,0 78.57807605591707,21.49531744497922,0 78.57779212904528,21.495683883527356,0 78.57764593019425,21.495878147174395,0 78.57739603476085,21.496240203196525,0 78.57714126980657,21.49668642975497,0 78.57713945051876,21.496689631637537,0 78.57682515002874,21.49724282410083,0 78.57681053637454,21.49727839029984,0 78.57670953610973,21.497524211263023,0 78.5765360907167,21.497697310882888,0 78.5765177685134,21.4977155962722,0 78.57636264585155,21.497870410331117,0 78.5761083231259,21.498021839050452,0 78.57586765616463,21.49816527705868,0 78.57585409518929,21.498173359362898,0 78.5757992813215,21.498181254788506,0 78.57522711738144,21.49826366623367,0 78.57506812844115,21.498292146416723,0 78.5750485811115,21.498295654415497,0 78.57500552033869,21.498303335945558,0 78.5746016231551,21.498375929154736,0 78.57458233289313,21.498379396274977,0 78.57456860930333,21.498381863318848,0 78.57410663115108,21.49843031983178,0 78.57406309876652,21.49843359132571,0 78.57364652264141,21.498464897586523,0 78.57319104964083,21.498508080003802,0 78.57312876690823,21.49851398492549,0 78.5728083038536,21.498540386490177,0 78.57245946823039,21.49860213070158,0 78.57214040814118,21.49870961110686,0 78.57210591651652,21.498721229911684,0 78.57207580450638,21.498733954994297,0 78.57181365328547,21.49884474264028,0 78.57171983734689,21.498898682855458,0 78.57238119530423,21.49996660945003,0 78.57241834289462,21.5000265920877,0 78.57277952755526,21.500490180211123,0 78.57289705765488,21.50064103157089,0 78.57293082797038,21.50068437590954,0 78.5730039464102,21.500975666572607,0 78.57313095559333,21.501481646876144,0 78.57315124669763,21.501562481119358,0 78.57308168425612,21.501621397039447,0 78.57304991562262,21.501648303578417,0 78.57232632122593,21.502190808874868,0 78.57190601464407,21.50250592471093,0 78.57132784544366,21.502923041985877,0 78.57132780183075,21.502923073781318,0 78.57112401736092,21.50307009135518,0 78.57110009971743,21.503090056836903,0 78.56968558265463,21.504270833930132,0 78.5686767522681,21.505056277241515,0 78.56785136203622,21.505792107497765,0 78.56775947368274,21.506166890569688,0 78.56759020872457,21.50711059033281,0 78.56758926705582,21.507114714301373,0 78.56755676947431,21.507257094656453,0 78.567372753539,21.508063311634885,0 78.56712136840481,21.509088319619167,0 78.567052538485,21.509504489897047,0 78.56701979538279,21.509702468003653,0 78.56704278228825,21.509768576312247,0 78.56705028724757,21.509790159984796,0 78.56715483048146,21.510090822659556,0 78.56751342784938,21.510766776252296,0 78.56754542058324,21.510827081394368,0 78.56773145980506,21.511201900701725,0 78.5680565464294,21.51185685796266,0 78.56821627770898,21.512066668574757,0 78.5683679336003,21.51226587066312,0 78.56847610368857,21.512407952929102,0 78.5691467392358,21.512931983567015,0 78.56977863721698,21.51356442049499,0 78.57018375574799,21.514232894696136,0 78.5701563402969,21.51424891028993,0 78.57014645589234,21.514254684080868,0 78.57014515638322,21.514255442928494,0 78.56920903981951,21.51410611910394,0 78.56852380498225,21.513875519362962,0 78.56811370059508,21.51382118970561,0 78.56727874261779,21.51384803673712,0 78.56626061249075,21.51372579838161,0 78.56527621678998,21.51349509743027,0 78.56486707541445,21.513242663751026,0 78.5648661131774,21.513242070206008,0 78.56486450786613,21.513241738330613,0 78.56429669108178,21.513124461170058,0 78.56347157238312,21.513051898471517,0 78.56346456603102,21.513049485847954,0 78.56346427993661,21.513049387409936,0 78.56290702258708,21.512857486980828,0 78.56267055026458,21.51284391126205,0 78.56196585480929,21.51306486233021,0 78.56137710669711,21.513159551391293,0 78.56066282179812,21.513222484132896,0 78.56001619871294,21.513276398685345,0 78.55977967265729,21.513420829715262,0 78.5589298792257,21.514436516519694,0 78.55839391234792,21.515118195382275,0 78.5582334402496,21.5152389016063,0 78.55806044662542,21.515369025477348,0 78.55797385795418,21.5154341568647,0 78.55759743184899,21.515474634165557,0 78.55678528301107,21.515486743340812,0 78.55671432213862,21.51548780153637,0 78.55669177665159,21.51549557155919,0 78.55653089983718,21.515551016388773,0 78.55639084262819,21.515749651098233,0 78.55626214525466,21.515972606143194,0 78.55602864167015,21.516377126615886,0 78.55597648014263,21.517582906777168,0 78.55597501315692,21.517616813151648,0 78.5556377281,21.517706268183403,0 78.55488806458712,21.517905092483982,0 78.55458969761325,21.517984223273107,0 78.55393817793285,21.518069721704027,0 78.55277510022769,21.518069226692507,0 78.55206259226604,21.5180620047069,0 78.5514432849397,21.51805572388572,0 78.55137564235828,21.51805503813238,0 78.5507395758402,21.51896412576517,0 78.55070918238468,21.51900756569453,0 78.55010682748227,21.518555100050733,0 78.54973471159713,21.51827557778575,0 78.54916509488523,21.518505685577303,0 78.54896847172974,21.518760424743807,0 78.5489525800618,21.518781012794385,0 78.5484312455224,21.519056216649997,0 78.54818174593771,21.519161763301817,0 78.54797266517255,21.519250210392862,0 78.54783348332784,21.51962293047966,0 78.54782764923046,21.519638553899654,0 78.54751388359449,21.519873146776867,0 78.5470297889353,21.520186896802784,0 78.54664421335585,21.520436794035888,0 78.5464276064212,21.520577178712145,0 78.5463552176985,21.52060418115798,0 78.54547668250697,21.521055383323098,0 78.54476709485112,21.521267282687603,0 78.54387418704219,21.521424857193164,0 78.54380178031539,21.521551341320105,0 78.54351666747448,21.52212919506017,0 78.54303859968097,21.522616649736957,0 78.54259931269036,21.522887382614282,0 78.54163868684267,21.523261753589807,0 78.54089050778211,21.523590966125216,0 78.54066840361097,21.523717286646487,0 78.54066693557253,21.52371725309256,0 78.5398672199424,21.523698847059308,0 78.53874762150838,21.523657621288265,0 78.5382765970264,21.523620494515367,0 78.53705858098562,21.52352448272987,0 78.53649875862496,21.52348035118596,0 78.5353260068161,21.52342551533073,0 78.53283576632138,21.52336548153498,0 78.53160520687587,21.52322032419311,0 78.5307605893524,21.52326049547846,0 78.53011864801586,21.523418136846267,0 78.52868008049157,21.52398635962811,0 78.5274201176374,21.524536529756823,0 78.52606349003828,21.525154396478676,0 78.52514147019832,21.525474468510403,0 78.52487057243708,21.525557816167147,0 78.52386711710325,21.525866545478994,0 78.52276157861645,21.526272324731256,0 78.52163208547061,21.52651552012633,0 78.52048819929625,21.526699943654652,0 78.51956139001186,21.526857411087448,0 78.51813757672832,21.52690166512712,0 78.51746197123522,21.526901183441602,0 78.51678757643403,21.52697326122038,0 78.51674763439955,21.52697752993352,0 78.51581121368055,21.527175648275794,0 78.51482152947524,21.527509163317127,0 78.51345049493544,21.528018549933655,0 78.51164494226559,21.528690113300346,0 78.51115816187041,21.527854369352138,0 78.51109382686919,21.52776233699185,0 78.51034335751271,21.52668876871691,0 78.51035241186939,21.52648903426643,0 78.51035318218646,21.526472044242844,0 78.50989974260965,21.52628202843582,0 78.50925803130914,21.526024255121715,0 78.50790214314425,21.52570713348142,0 78.50726989663261,21.52563902577555,0 78.50682103762246,21.525679303865385,0 78.50619347394682,21.525927266295692,0 78.50542095841321,21.526337600818152,0 78.50472070973542,21.526793190956287,0 78.50438835796282,21.526047858514914,0 78.50437854234045,21.526008048920108,0 78.50416230899262,21.525131026697316,0 78.50401633204632,21.524658799927334,0 78.50397939206283,21.52453930224186,0 78.5035552985669,21.523766829314766,0 78.503531162547,21.523744226567107,0 78.50328059525677,21.5233421465611,0 78.50301074296733,21.52285419528136,0 78.5026201664055,21.522361730116373,0 78.50242734695595,21.52214934211801,0 78.50231175867019,21.52188287331333,0 78.50233156709798,21.521273193225703,0 78.50206636036852,21.521058974078777,0 78.50191191193962,21.520934218244047,0 78.5018735101707,21.520712966812695,0 78.50183522502233,21.520351647943503,0 78.50182090339857,21.520134231709886,0 78.5018161834891,21.520062579531835,0 78.50180331099209,21.52002635159112,0 78.50169581389602,21.519723820040834,0 78.5015416038362,21.51940312935103,0 78.50143575302303,21.519041782425745,0 78.50141408088811,21.51832061838452,0 78.50140696056592,21.51826981708832,0 78.50140532889725,21.518258055316586,0 78.50134470103995,21.517982718913213,0 78.50113280312351,21.51776361507238,0 78.50072998150601,21.517261646801746,0 78.5007085337301,21.517234919985288,0 78.50067177532016,21.517180759024654,0 78.50061256167417,21.517093511269096,0 78.5006073548472,21.517085838585142,0 78.50004918249122,21.517038417382633,0 78.50000012292524,21.517033619890277,0 78.49951928138302,21.516982383193632,0 78.49868644393632,21.516889271877393,0 78.49657817086737,21.517181765168345,0 78.49621393842804,21.517232294546314,0 78.49541549624232,21.51724920137061,0 78.49503368714943,21.517249428304176,0 78.4950272127045,21.51724203356138,0 78.49487725622123,21.51707074760589,0 78.49472092206632,21.516892069568836,0 78.49444281967679,21.51642092657709,0 78.49402088381801,21.515963751915393,0 78.49400925360412,21.515951150161136,0 78.49378480016615,21.515627638317806,0 78.49377244273542,21.515609827856352,0 78.4937401851394,21.515518987445212,0 78.49348454144761,21.514799055989435,0 78.49347775334573,21.51477600963689,0 78.49335479800241,21.514358581609653,0 78.49274693199413,21.513920131641385,0 78.49205813071801,21.513705821428008,0 78.49192534874885,21.51365830367544,0 78.49170523047954,21.513579531624323,0 78.49162863107397,21.513376828615904,0 78.49160084776597,21.513303308130208,0 78.49158321197915,21.513282890858026,0 78.49123605119955,21.5128809680889,0 78.49116343187028,21.512570772240593,0 78.49108125489828,21.5122197482424,0 78.49104898615727,21.51208191152147,0 78.4910518225421,21.512055779233815,0 78.49105542187353,21.512022619075363,0 78.49108738126328,21.511728201373394,0 78.4910176726237,21.51135444832651,0 78.49086121390054,21.510964492165566,0 78.49054316238572,21.510781507587257,0 78.49053177348164,21.510774955152176,0 78.49018393224681,21.510574830104733,0 78.4898712122786,21.51024996801857,0 78.48943710757003,21.5099089229114,0 78.48939088887421,21.509824243823545,0 78.48922029516363,21.509511691468525,0 78.48917669570316,21.50943181024514,0 78.48900252633034,21.509112732966425,0 78.4884293487619,21.50854423752236,0 78.48826846238597,21.508439068194743,0 78.48771752183441,21.508078922867877,0 78.48768925305622,21.508060444159426,0 78.48757837807435,21.508016521048216,0 78.48694427488401,21.507765456049547,0 78.48690540458605,21.507333651671292,0 78.48689372654322,21.50720392099933,0 78.48690110677835,21.507191004577088,0 78.48706512052698,21.506903949885984,0 78.48685458106037,21.505549121515614,0 78.48685203063074,21.505532711332272,0 78.48654339934143,21.50557149166415,0 78.48545015319058,21.50586480001862,0 78.48408751148789,21.506091921561744,0 78.48407919148161,21.506093241206123,0 78.48393302400312,21.50590684215959,0 78.48388810986397,21.505849565715,0 78.48386843855329,21.50577613590251,0 78.48376627515503,21.50539448824927,0 78.48360493856948,21.505378964435348,0 78.48359392489863,21.505377905621636,0 78.48326290476697,21.50534608867656,0 78.48177705312838,21.505377668886048,0 78.48162594438402,21.505384749544785,0 78.48111534356805,21.50540867424821,0 78.4802896729142,21.505481980469508,0 78.47938657676917,21.505562155945153,0 78.47908698931647,21.505574424720255,0 78.47758376495625,21.505704785667387,0 78.4775770396291,21.50570536921409,0 78.47733485994736,21.505705771065976,0 78.4766159305744,21.505706962937218,0 78.47595690614804,21.50570805287131,0 78.47589918634579,21.505708147728875,0 78.47575248876936,21.505708389025823,0 78.47570383215619,21.50570846881482,0 78.4756764177064,21.50566476626287,0 78.47558998379665,21.50552697453234,0 78.47551336439717,21.505404830176946,0 78.47545745335255,21.505315697744315,0 78.4754233819189,21.505232750752683,0 78.4753989094974,21.505169360160078,0 78.47539706430025,21.505164457579575,0 78.475336580019,21.50501321551886,0 78.47535574915699,21.50474679891471,0 78.4753597699349,21.50473985291368,0 78.47569306981464,21.504164045328377,0 78.47586640025135,21.50345692375283,0 78.4759305931768,21.503195272788492,0 78.47597215405112,21.503025869114868,0 78.47592012980287,21.502628965348645,0 78.47591853299348,21.502616783179416,0 78.47563768092242,21.501974571247356,0 78.4756160538613,21.50192521800885,0 78.47556598066127,21.501802393925622,0 78.47556235339394,21.501730066137753,0 78.47555399626256,21.50156340398482,0 78.47555134974299,21.50150431688895,0 78.4756138709047,21.501269433968197,0 78.47546379780485,21.50115313065822,0 78.47527919475844,21.50101006845899,0 78.47523700885417,21.500977375556886,0 78.47522496827332,21.500968044449746,0 78.47512926587352,21.50096441830831,0 78.47438414692343,21.500936184378837,0 78.47434470645352,21.500935136823685,0 78.47257912604711,21.500888460889275,0 78.47240829106086,21.500880396999364,0 78.47207748924458,21.50086478201839,0 78.47087819152644,21.500808166499297,0 78.4702245415572,21.500843512434383,0 78.46966657169807,21.500873681663517,0 78.4696632876392,21.50087390319617,0 78.46810152978536,21.501297410137752,0 78.46760584259576,21.501436844590916,0 78.46729201459897,21.501525122232078,0 78.46677371781219,21.50167091295054,0 78.46555037905533,21.50220416740835,0 78.46554176129615,21.502207923554018,0 78.46468648278478,21.503121500013425,0 78.4646587755489,21.503151095979764,0 78.46417148472776,21.503671593838803,0 78.46365096054392,21.50383441604665,0 78.4634158508941,21.503834540925144,0 78.46334666623297,21.503834577445918,0 78.46222770928648,21.503835083634552,0 78.46068283470956,21.503478343519415,0 78.46063116769378,21.503210921017192,0 78.46051591056015,21.502614364846675,0 78.46049128146466,21.502486889759748,0 78.4599259514804,21.50073089720343,0 78.4597593087683,21.5000051735519,0 78.45958221939662,21.499586531750406,0 78.4592832634318,21.49888587882703,0 78.45857077449814,21.49793272215851,0 78.45840933242012,21.497763055174502,0 78.45823480892967,21.49753884764321,0 78.45775132035872,21.496917713312683,0 78.45709329882898,21.49606776473012,0 78.45582733638443,21.496303716849635,0 78.45362780173322,21.496711771818834,0 78.45299685820166,21.496828817463225,0 78.4522817219781,21.496755970360173,0 78.45140684851168,21.496648811761137,0 78.45050855660395,21.496230438321586,0 78.45004515836747,21.495856713096945,0 78.44977587301837,21.495570909329675,0 78.44967340165053,21.49552640812288,0 78.44965456194086,21.49551822615861,0 78.44957007860383,21.49560368205885,0 78.44956883066503,21.495604944701224,0 78.44921121117095,21.49629070586374,0 78.44880547286888,21.49698611301669,0 78.44888891970452,21.497815664449195,0 78.44889185040381,21.49793358054246,0 78.44890977730637,21.49865500361366,0 78.44867792391722,21.499291717155142,0 78.44867702458788,21.499294187102432,0 78.44831223471607,21.49980395919873,0 78.44809494136277,21.500004863230846,0 78.44702013829297,21.50070547327895,0 78.44583300037806,21.501308294118715,0 78.44449674913882,21.501715252166875,0 78.44281335060104,21.50205729221517,0 78.44139025596628,21.502139132179938,0 78.43955060171288,21.50230241771509,0 78.43927279458802,21.502123725885024,0 78.43876798705112,21.501595309994705,0 78.43824830286812,21.501051315340472,0 78.4379007809559,21.50076077196993,0 78.43776419772142,21.50063823649525,0 78.43705441346323,21.500001216948522,0 78.4365012334782,21.499504676214737,0 78.43650068567763,21.49950418462111,0 78.43648941560164,21.49952896465881,0 78.43635424405797,21.49982616935295,0 78.43632436742003,21.499891858318666,0 78.4362746149878,21.500001250784273,0 78.43627341404802,21.500003759860807,0 78.43591234341602,21.500761119011965,0 78.43564232707125,21.50126700170329,0 78.43559692555496,21.501352061182434,0 78.43536071709578,21.501948191960604,0 78.43489316111682,21.503126983903247,0 78.43469548181285,21.503632789479568,0 78.43435323158523,21.50453154698396,0 78.43425693872797,21.504883801183702,0 78.43416052711395,21.505281285791312,0 78.43399668162915,21.505755468044523,0 78.43390999263328,21.506198063716056,0 78.43387154985051,21.50666767364005,0 78.43386210019564,21.507150910927,0 78.43389610514232,21.50759346578077,0 78.43398797604978,21.508207547877078,0 78.43406540803855,21.50862747776044,0 78.43414280614476,21.50903837849652,0 78.43432634171808,21.50955311204454,0 78.43444708541735,21.509869158503307,0 78.43448578205985,21.510099526849096,0 78.43448106800753,21.510280113143228,0 78.43443776723066,21.51048782380143,0 78.434312408738,21.51075882653903,0 78.43418217682382,21.5109666445403,0 78.43400420103971,21.51113763503775,0 78.43399885698798,21.51114276983523,0 78.43375284010618,21.51132352696635,0 78.43351645336004,21.51149973834194,0 78.43337027301358,21.5116017719467,0 78.4332538208411,21.511683055069163,0 78.43325106002352,21.51168498193652,0 78.43311266906787,21.511830300796607,0 78.43309192095057,21.51185208786631,0 78.43295206683574,21.512041790333015,0 78.43281213960121,21.512263091633237,0 78.43269642309801,21.512534149568793,0 78.4325748722427,21.51280098981535,0 78.43238783622961,21.51321158919908,0 78.43235319754818,21.513294401779344,0 78.43210825371912,21.51387999429641,0 78.43205043710219,21.51412837919163,0 78.43205055419106,21.514440042359933,0 78.43208924271859,21.514643235056884,0 78.43213270850019,21.514783212675344,0 78.43219552757348,21.514887013958493,0 78.4322969117185,21.515008923019245,0 78.432490023768,21.515148855513356,0 78.43267826690158,21.51522551456136,0 78.43312703083545,21.51535628994368,0 78.43417432656562,21.515523083940263,0 78.4353519170746,21.515698736064525,0 78.4362013451713,21.51579322818094,0 78.43667910757173,21.51586078909547,0 78.43704588395354,21.515946505802955,0 78.43741760128404,21.516163120593152,0 78.43768311712918,21.516361671709014,0 78.43793418513562,21.516591870112883,0 78.43810313602765,21.51679507748317,0 78.43833010250988,21.517156269664486,0 78.43842679587017,21.51738653546998,0 78.43845579372697,21.517576126643,0 78.43846068791386,21.517720657381986,0 78.43846069058671,21.517847055661715,0 78.43841255868293,21.51802778802544,0 78.43834506551013,21.51814069065375,0 78.4381135284847,21.518375576954746,0 78.43696335522323,21.519470665737988,0 78.43696055506219,21.51947333034413,0 78.43594709135141,21.520337986590356,0 78.43517073537244,21.52100033641042,0 78.43443477488218,21.521662666387705,0 78.43442780794979,21.521668931961685,0 78.433072164574,21.522820957286115,0 78.43252695776901,21.52326813947399,0 78.43125041250394,21.524387071701526,0 78.43124364696253,21.52439300149426,0 78.43080870010515,21.5248282466781,0 78.43075156993096,21.524885415045574,0 78.43060573393839,21.525088042747655,0 78.43045247178051,21.525300989434108,0 78.4301727329212,21.525784213185194,0 78.43008825761903,21.526026602649047,0 78.43001846978811,21.526226845979966,0 78.42986433867424,21.527012649769866,0 78.42982953219253,21.52733091239868,0 78.42979223219623,21.527671965839872,0 78.42979721180298,21.528200293953688,0 78.42988907438219,21.528534496495183,0 78.42996638686789,21.528719596402915,0 78.4301449563057,21.528913660045852,0 78.43041052006981,21.529148428320003,0 78.43091259670632,21.529486964723855,0 78.43134707377723,21.52970808301588,0 78.43196973836714,21.529960717775523,0 78.43273245877289,21.530249453998625,0 78.43311377714349,21.530497737727803,0 78.43361589921179,21.530845295652423,0 78.4339876673894,21.531219918641227,0 78.43414222171852,21.53144114625661,0 78.43435477540753,21.531892677160172,0 78.43455767077157,21.532366721818732,0 78.43473161851277,21.53291760345979,0 78.43477041207755,21.533274371790604,0 78.4347319316086,21.533712380198896,0 78.43464042715291,21.534087186694883,0 78.43451020901712,21.53445751477703,0 78.43425947167063,21.534931800535833,0 78.4339989863536,21.535329285484185,0 78.43366616548859,21.535762943604425,0 78.43245039536156,21.537221902586342,0 78.43138425409894,21.538446070726355,0 78.43076179783972,21.53907848671039,0 78.42995616166532,21.540040592215043,0 78.42939409835182,21.54066578006029,0 78.4293916719553,21.54066847883506,0 78.4286919654523,21.54121509853395,0 78.42775096115399,21.541829586095485,0 78.42714777058453,21.542150353126573,0 78.42632253054666,21.542498295934337,0 78.42567097529167,21.542661126372167,0 78.42532343138313,21.542805718804974,0 78.42506474357398,21.542958222996873,0 78.42506286726648,21.54295932889999,0 78.42481682530772,21.543203265093727,0 78.42473833823576,21.543330345500063,0 78.4246383085298,21.54349230351096,0 78.42448507396824,21.543828641890514,0 78.42434405797385,21.54413815888708,0 78.42423804575209,21.544436262245725,0 78.42421392763,21.544698162957324,0 78.42423599401812,21.544914311073335,0 78.42424296995686,21.54498264368033,0 78.42433479362383,21.54530772975328,0 78.42446527845559,21.545596667799042,0 78.4247743369873,21.546260423050537,0 78.42519457472744,21.547055092052755,0 78.42557136856624,21.54771429588204,0 78.42591429299421,21.548269601770738,0 78.42619915131769,21.548703029207168,0 78.42630063132653,21.548924256425998,0 78.42639770847343,21.54924180894729,0 78.42640692418212,21.549271954970315,0 78.426460104621,21.54950679215274,0 78.42646986209483,21.54976867522921,0 78.42644097388272,21.54996074160396,0 78.42641213374903,21.55015248179136,0 78.42627227121181,21.550613205026462,0 78.42615173571173,21.551132550222118,0 78.4261085564647,21.551796370803146,0 78.42611358186669,21.552446580710445,0 78.4261572973834,21.55304267541456,0 78.42620564930394,21.55325035241123,0 78.42626363862152,21.553480659196335,0 78.4264015056539,21.553762385208056,0 78.42647136034088,21.553905131088776,0 78.4266935314613,21.55434761227162,0 78.4268770846435,21.55478552363177,0 78.42704627689749,21.555255174414253,0 78.42723463298388,21.55573821140796,0 78.42737484011207,21.556198836710553,0 78.42752466763436,21.55665031152333,0 78.42764546087109,21.557002567649068,0 78.42775668141903,21.557530819107853,0 78.42788241044909,21.55824879996979,0 78.42792599035077,21.558573951462286,0 78.42794547347222,21.558984862568447,0 78.42788767004205,21.55942744289576,0 78.42778162769184,21.559874515201642,0 78.4277274101418,21.56005626422631,0 78.42769002160077,21.56018159914602,0 78.42751643846971,21.56066031063958,0 78.42730422631415,21.56110745704471,0 78.42716867643534,21.56134376855747,0 78.42702441110553,21.56159527070765,0 78.42663838529461,21.562227610844896,0 78.42613191563167,21.563252808307034,0 78.42576528418581,21.56401608624953,0 78.42564646548513,21.564458225454313,0 78.4255917282179,21.564661909064768,0 78.42543301284323,21.565139582297704,0 78.42538917802838,21.56527162133734,0 78.42525906926015,21.565921907391118,0 78.4251867460624,21.566382499241328,0 78.42517240106461,21.56675731409079,0 78.42531746864,21.567226954428254,0 78.42547688519763,21.567687517689727,0 78.42561223146969,21.568215781571453,0 78.42567514527346,21.568549900115624,0 78.42568973904184,21.56892019736729,0 78.42565121499062,21.569281457881694,0 78.42553545702458,21.569638273142353,0 78.42536182570753,21.569927293975606,0 78.42519208952157,21.570108233141106,0 78.42518809920958,21.570112487449396,0 78.42483573255474,21.570329406000827,0 78.42480339451117,21.57034271332016,0 78.42427580181425,21.57055981531856,0 78.42366757119997,21.570754173640132,0 78.42338752113668,21.57081590937251,0 78.42309316074292,21.57088079962234,0 78.42270692145975,21.570917073549776,0 78.42236411401873,21.570926212195577,0 78.42184270683434,21.570899269822018,0 78.42145166695522,21.57086323995696,0 78.42099304323354,21.570795647017032,0 78.4205682001084,21.570700859110357,0 78.42025435682474,21.570633249708028,0 78.42011293020127,21.570606451216573,0 78.41992122702872,21.570570125414935,0 78.41944329143642,21.570552155631493,0 78.41907157519275,21.57054774835904,0 78.41893669851943,21.57057032892741,0 78.41893633670497,21.57057038955156,0 78.41883022150435,21.570665257162407,0 78.4187143600624,21.570787238876417,0 78.41868060519846,21.570900110922477,0 78.41868065493979,21.571098824157293,0 78.41878213662133,21.57150513679981,0 78.41898510346897,21.572028945783238,0 78.41926045826764,21.57268370324048,0 78.41948273846998,21.573261620292065,0 78.41957931711438,21.573514464591835,0 78.4195939174155,21.57378545052824,0 78.41958922121738,21.574137661876946,0 78.41954111187856,21.574706601695205,0 78.4194929657802,21.575081433380138,0 78.41933866890584,21.575727273670083,0 78.41915056808453,21.57652661172821,0 78.41906867983691,21.57701882874277,0 78.41905450483772,21.578080066696497,0 78.41903059552276,21.578775506627363,0 78.41905758901159,21.579763079113384,0 78.41905990455088,21.579850238443438,0 78.41910838791898,21.58051854214033,0 78.419185826801,21.58134483874118,0 78.41922943083718,21.581602279535705,0 78.41939369486249,21.58204477566482,0 78.41963044689618,21.582776218213954,0 78.41977550554512,21.583245861938373,0 78.41986729535897,21.583692921713265,0 78.41987758838607,21.583758853001452,0 78.41997374825417,21.584374764319772,0 78.42006560650812,21.58483979153163,0 78.42022516481161,21.585313903762714,0 78.42051999028345,21.586429225117467,0 78.42058588689274,21.58675246666796,0 78.42067470272056,21.587187834228924,0 78.42086324131253,21.587851628232546,0 78.42105657823707,21.588533463057594,0 78.4212748768868,21.589459158655043,0 78.42129828075117,21.58955839968714,0 78.4213085107074,21.589629939823343,0 78.42138545830497,21.590168077594793,0 78.42149662425116,21.590736958631677,0 78.42159329871858,21.591039550631866,0 78.42174313029844,21.59130586070824,0 78.42188800119521,21.591536160614606,0 78.42213437207137,21.591856691290257,0 78.4224821525462,21.592321710141007,0 78.42267058701601,21.59263782135485,0 78.42286865428984,21.59302603782001,0 78.42315366252785,21.593378223128102,0 78.42365602617438,21.59390188111993,0 78.42398051940829,21.594266297943687,0 78.42430326756187,21.594628752143297,0 78.42527896568072,21.595757409480317,0 78.42583935951433,21.596515884681487,0 78.42639976331147,21.597432353944246,0 78.42680075894583,21.59800120303257,0 78.42706647194464,21.598430186144185,0 78.42718253519459,21.59872359635037,0 78.42720187921778,21.598890738887484,0 78.42720197094992,21.59909839219071,0 78.42718750396513,21.599206778510045,0 78.42716390005764,21.5992495014014,0 78.42711509892503,21.599337833264883,0 78.42695928824075,21.5995003557185,0 78.42694976157375,21.59951029245286,0 78.42694622494022,21.599513981944256,0 78.42672898168468,21.59966301857185,0 78.42641511280999,21.599789613914975,0 78.42585022400031,21.599911692822538,0 78.42546392428306,21.599952479726312,0 78.42505829561136,21.599961638865118,0 78.42441608970213,21.59990312200167,0 78.42388981592879,21.599867074047907,0 78.42330865764292,21.599785233056505,0 78.4231219272055,21.599758935895686,0 78.42241212687924,21.599668849762647,0 78.4217795657138,21.599660037702066,0 78.42124363094298,21.599700752722608,0 78.42066905272473,21.59981381477841,0 78.42012343583083,21.599926872828952,0 78.41945714617441,21.600067037697137,0 78.41839978344723,21.60036986787887,0 78.41775280403306,21.60059130835277,0 78.41701885994989,21.600898608642346,0 78.41698975551105,21.600912059953913,0 78.4165699285277,21.601106418612964,0 78.41604364353577,21.601522028596904,0 78.41562372255933,21.601847910360082,0 78.41561880129147,21.60185172952527,0 78.41526645980528,21.602208557702014,0 78.41479814953377,21.602854473128264,0 78.41456652930492,21.603224822523277,0 78.4142866595477,21.603735081032216,0 78.41403083742698,21.604168702094285,0 78.4138329014217,21.604430693530443,0 78.41334051842902,21.604936561406692,0 78.41266613681766,21.605527220735972,0 78.412659811884,21.60553275893775,0 78.41190659290827,21.606020660084237,0 78.41062235257347,21.60682467199946,0 78.40966148593928,21.607430034810356,0 78.40875633627107,21.607935474898483,0 78.408739296609,21.6079449897564,0 78.40800061513684,21.608374142748442,0 78.40744527283924,21.60861357931329,0 78.40714022443701,21.60871312581787,0 78.40691903637436,21.60878530503263,0 78.40647961180454,21.608853113357167,0 78.40595325100301,21.608853208039875,0 78.40553706492717,21.608825470758177,0 78.40534478030524,21.608812655754026,0 78.4048425243508,21.60874956465773,0 78.40373185788953,21.608469774909928,0 78.40253905360694,21.60816738795977,0 78.40130754212947,21.607837935229384,0 78.40066102037342,21.60773164479251,0 78.4001824509742,21.607652964378577,0 78.39970400962686,21.607580964530893,0 78.39916347714401,21.60749961912159,0 78.3987492036425,21.607476191472887,0 78.39836674223069,21.60745456237079,0 78.39775371365894,21.607396672748667,0 78.39755541462999,21.607377946121836,0 78.39691318169255,21.60734189128828,0 78.39680869293049,21.60735402125856,0 78.39629024726769,21.607414203639575,0 78.39576395770784,21.607432323206123,0 78.39509272549743,21.607608510234567,0 78.39462917075826,21.607789212824294,0 78.39396852168593,21.60817710535996,0 78.39396764738807,21.60817761879203,0 78.39341245321465,21.60866085828518,0 78.39303101139055,21.609053830737906,0 78.39285232409712,21.609338304692383,0 78.39280406496655,21.609509895095904,0 78.3927655019925,21.60986210976051,0 78.39275104354122,21.610345338845445,0 78.39278485414296,21.610715661262105,0 78.39286699937142,21.610991044470655,0 78.39292984242644,21.611465193752345,0 78.39294919131233,21.611812900291586,0 78.39293483140777,21.612269047224625,0 78.39290108578379,21.612702499898013,0 78.39283351516916,21.613014084787842,0 78.39281970382106,21.61306821732113,0 78.39277559192122,21.613239872598534,0 78.39269335592958,21.613409155329787,0 78.39265489353294,21.613488328739525,0 78.39243271029748,21.613732124678386,0 78.39213931730704,21.614002211099294,0 78.39213339569122,21.614007661671074,0 78.39169396594555,21.614219969691078,0 78.39117721703578,21.614436751125016,0 78.39064604265059,21.614585773957373,0 78.39016319322774,21.614694204216516,0 78.38963680820366,21.614748503410617,0 78.38888823667536,21.61479371392407,0 78.38817352318428,21.614829882564475,0 78.38778723236555,21.61485703567719,0 78.38742502165265,21.614838974181744,0 78.38689868467308,21.614793866463685,0 78.38601491345968,21.61465845212835,0 78.38528088381608,21.614550125432494,0 78.3845226997166,21.614464347770664,0 78.38389487938365,21.614414744403433,0 78.38326713734999,21.61430185284267,0 78.3827311108513,21.614216043157516,0 78.3823941350582,21.614131831286805,0 78.38238817679836,21.614130292928632,0 78.38216607539218,21.61403091794193,0 78.38187142743446,21.61389094583008,0 78.3815527884916,21.613823272447338,0 78.38119059782981,21.61380971227028,0 78.38089115556721,21.61382332127944,0 78.3807317732555,21.61382785202244,0 78.38060138116943,21.613782643226298,0 78.38044685763171,21.613710420578307,0 78.38032614987988,21.61367430186444,0 78.37993981881071,21.613687804120755,0 78.37955344054365,21.613687852238225,0 78.37905127455471,21.61367885196095,0 78.3785344994807,21.61366077191012,0 78.37812894040052,21.613669814292148,0 78.37797469857672,21.61369098202086,0 78.37776667201315,21.61371953145902,0 78.37738034053778,21.6137330280733,0 78.37699405955016,21.613733071597096,0 78.37655457385839,21.613701489420464,0 78.37493202723681,21.613556974642524,0 78.37381169507563,21.613493777306267,0 78.37288929092749,21.613462139071128,0 78.3726373259012,21.613445065950934,0 78.3725519198784,21.61310119254834,0 78.37238155918638,21.61241525914255,0 78.37244446734955,21.612015101293167,0 78.37251737382296,21.61155134731862,0 78.37301947678463,21.609976578686954,0 78.37376197101462,21.609022859571855,0 78.37382064602212,21.608947492140068,0 78.37462170634264,21.60791839816353,0 78.37462829270167,21.607909759127747,0 78.37478446915846,21.607704927154252,0 78.37516180850106,21.60720991936397,0 78.3751922767706,21.607169740158813,0 78.37622384115566,21.605809368692633,0 78.37656031733135,21.605300557106567,0 78.37792016819209,21.60324417152798,0 78.37820143866705,21.602110419678414,0 78.37827318346687,21.601821227310424,0 78.37819166289658,21.599788447511216,0 78.37818130916584,21.59952204644734,0 78.3781255514871,21.59808444112608,0 78.37813085926321,21.598080319953777,0 78.37820772072047,21.598020634552057,0 78.37839674970196,21.597873847766483,0 78.37899935836067,21.59740585060782,0 78.37940174575739,21.597093409419664,0 78.37940327777133,21.59709214663731,0 78.38054224620515,21.596153225352303,0 78.38054157450553,21.596121484148533,0 78.38054130722594,21.596108881924273,0 78.3804986311158,21.59409874044914,0 78.38049141455551,21.593759622047013,0 78.38048776746045,21.59358685694125,0 78.38049670595603,21.593582673495135,0 78.3809222530652,21.593383525104013,0 78.38183269080224,21.592952229725583,0 78.38183190949798,21.592948941274877,0 78.38161544597557,21.59203751546728,0 78.38052925582434,21.590081002783684,0 78.3801939881986,21.589368824911503,0 78.37993613672917,21.588820949726166,0 78.37958399221692,21.588072716915757,0 78.37932181038754,21.587515708074566,0 78.37873604910897,21.586018767186573,0 78.37861585839838,21.585711611197414,0 78.3786120707368,21.585696835076117,0 78.37834426742297,21.584669824908232,0 78.3783411767802,21.58466454025446,0 78.37796478388768,21.584012741070936,0 78.37796384763438,21.584011101092123,0 78.37796328197349,21.584010370704604,0 78.37796281594649,21.584009460085714,0 78.37780125182509,21.58372966222602,0 78.37738037470466,21.58336127472268,0 78.37717492567853,21.583181447870853,0 78.37716723116692,21.58317455548686,0 78.37716314343918,21.583171060227617,0 78.37716257348208,21.583170599446422,0 78.37695959843833,21.58299279791521,0 78.37583966162153,21.582127947804434,0 78.37575007816059,21.58205882443692,0 78.37476782201773,21.581300209000652,0 78.3747196441891,21.58126299951972,0 78.37461679083263,21.581175069059753,0 78.37347085942187,21.580195770891653,0 78.37276496076055,21.579865396564813,0 78.37179661583421,21.579412247566495,0 78.37086435955914,21.57897609547941,0 78.36954763122334,21.57822636655253,0 78.36823091363433,21.577476809554813,0 78.36694134501177,21.576790688114468,0 78.36565169141417,21.576104556692542,0 78.36435672364063,21.575654143216948,0 78.36401737313709,21.575536100430718,0 78.36306166716396,21.57520380970383,0 78.36251013264118,21.57507195249894,0 78.36175456679302,21.574891313370333,0 78.36116814517405,21.574751203047843,0 78.36044747146472,21.5745788986938,0 78.35925901244586,21.574358321926816,0 78.35894067131296,21.574299236109717,0 78.35793615137823,21.574153022316075,0 78.35693163464482,21.574006802767485,0 78.35611718758695,21.57368917586326,0 78.35580092223286,21.573522546208906,0 78.35576842558767,21.573505424131973,0 78.355419664561,21.57332167161369,0 78.35459552081412,21.574085704575182,0 78.35391803900208,21.5747030116175,0 78.35385270050973,21.574762559363275,0 78.35385113089862,21.57476399723936,0 78.35384472552867,21.57476982742445,0 78.35354749555613,21.57503191422894,0 78.35281135687991,21.57568100592872,0 78.35280740216291,21.575684493041127,0 78.35230243939598,21.576129738952442,0 78.35113476110939,21.57728569617267,0 78.35096506604003,21.57762593684061,0 78.35075693891058,21.578043232294938,0 78.35075459940488,21.57804792334335,0 78.35073828291726,21.578053162642927,0 78.3506078033302,21.57809506006357,0 78.35033081096346,21.57818399937609,0 78.34936818091822,21.578493135894163,0 78.34893589169768,21.57863199553421,0 78.34893545602327,21.57863213524977,0 78.34871066881804,21.579002672540135,0 78.3485478048734,21.580270789277797,0 78.34852790679035,21.58042572153941,0 78.34852040647007,21.58066452194408,0 78.34852032809697,21.58066700688611,0 78.34820798744566,21.580921041608402,0 78.34812568208233,21.580932979437545,0 78.34742060009549,21.5810352458127,0 78.34657648606165,21.58123259140787,0 78.34651756512346,21.58124636064343,0 78.34626241329464,21.58130598631639,0 78.346044503709,21.58135690925479,0 78.34568802117971,21.58144032167224,0 78.34568293285916,21.581441511912445,0 78.3454203281819,21.581757272458344,0 78.34489054884286,21.58314200743193,0 78.34459838539406,21.583839716129443,0 78.34453770814561,21.58399646503451,0 78.34452186690291,21.584037421339037,0 78.3441729171031,21.584939565874027,0 78.34407344064972,21.585196537245206,0 78.34398506789609,21.585323487822222,0 78.34397461503933,21.585338503121125,0 78.34395928705568,21.58538502291434,0 78.34375943211545,21.585991561914504,0 78.34336221807725,21.587197048799467,0 78.34275319654984,21.589045206801664,0 78.34275841640823,21.589050092285685,0 78.34278727459098,21.589885526958454,0 78.34284018211184,21.590757119563325,0 78.34289307094006,21.59166929999127,0 78.34294124472164,21.592229292965932,0 78.34298452606991,21.592793675664602,0 78.34338043365581,21.593254426119056,0 78.34392582432544,21.594098945362358,0 78.34380493704104,21.59497949087319,0 78.34346173815207,21.59662764428566,0 78.34327809254009,21.597575974587095,0 78.3431234054761,21.598302910973125,0 78.34303155839392,21.598908040955266,0 78.3430894431452,21.5991022262903,0 78.34314732905118,21.59929641163657,0 78.34357208065089,21.600086780768212,0 78.34422836672853,21.601875048769436,0 78.3445951452133,21.602886675361255,0 78.3447591912415,21.603780846927066,0 78.34484122011108,21.604254991322446,0 78.3449859283318,21.604706630883836,0 78.34526590746256,21.605397574879127,0 78.34592713976532,21.606991700207782,0 78.3459317213616,21.608030366749954,0 78.3458737555789,21.60829672423048,0 78.34577704495112,21.608811519563556,0 78.34580594518201,21.609457279332013,0 78.34584925400841,21.60999017852807,0 78.34601328927533,21.610604289043895,0 78.34610982119547,21.61124103531465,0 78.34614352556356,21.61166099449176,0 78.34617723015813,21.612080952846075,0 78.34621562735357,21.613146683677293,0 78.34617673241245,21.61452853637908,0 78.34619577007855,21.616172223074646,0 78.3460554635279,21.61715666102188,0 78.34599263561799,21.61750432623924,0 78.34550463043269,21.618759674577976,0 78.34537902333764,21.619184144716332,0 78.34529669910282,21.620276902220663,0 78.34532068349424,21.621157487347514,0 78.34535920416897,21.62178964438204,0 78.34557638507566,21.62229546488885,0 78.34606407327794,21.622878065892063,0 78.34815970140075,21.624851840682254,0 78.34934270491163,21.625962882055557,0 78.34965656919073,21.626256416595066,0 78.3503810873893,21.62573274720345,0 78.35110079187102,21.625200002440074,0 78.35188803447053,21.624838812076455,0 78.35265600093749,21.624617669262282,0 78.35341419870255,21.62459512217724,0 78.35447186365501,21.624577220703763,0 78.35515763941507,21.624726349354358,0 78.35632628592703,21.625083220087454,0 78.3568671904377,21.62525487464731,0 78.35749018830103,21.62526847492918,0 78.3580021144116,21.625182752962758,0 78.35828226339078,21.625047290156086,0 78.35869279110565,21.624749238914312,0 78.35999202063095,21.62360695004568,0 78.36099181403056,21.62274900758814,0 78.36202540653157,21.621760182128654,0 78.36253256785211,21.621367362565465,0 78.36303480646077,21.620974487017463,0 78.36383653333283,21.620369406354932,0 78.36444505550206,21.61978698284815,0 78.36495703278037,21.619226979250687,0 78.36550268530873,21.61986380159187,0 78.36600007001469,21.621186868151135,0 78.36669531443745,21.62309705769307,0 78.36704782872778,21.62392800302428,0 78.36731344382852,21.624686678332743,0 78.36732312809124,21.625056951396598,0 78.36722168100279,21.625363988786415,0 78.36684977934944,21.626041393523337,0 78.36685457451995,21.626258097710323,0 78.36694147477985,21.626465844052664,0 78.36740993711405,21.627043843112624,0 78.36813917739627,21.627969614593347,0 78.36857861647849,21.628610892360726,0 78.36870415407444,21.628687629174802,0 78.36952523313907,21.62889089233995,0 78.3706891691591,21.6290218367603,0 78.37141842140701,21.62915286146862,0 78.37172752372689,21.629207004408762,0 78.37286244571959,21.629392196233315,0 78.37368838693081,21.629712835819106,0 78.37462528942879,21.63032697424919,0 78.375006806087,21.630647599840785,0 78.37506476252747,21.630697279587665,0 78.37526764006303,21.630936551698785,0 78.37547536875283,21.631501039020005,0 78.37559604675718,21.63212422759628,0 78.37567333760805,21.632801526450645,0 78.37575551149212,21.633609846272456,0 78.37590040044947,21.63416979190925,0 78.3759486127156,21.6342194584121,0 78.37603560112329,21.634309855207,0 78.37617563083276,21.63437753767244,0 78.37713197025653,21.634680051602377,0 78.37841667288224,21.634793000406173,0 78.37962904841245,21.6350322622909,0 78.37970631891417,21.636585654319287,0 78.37974981017506,21.63804425512642,0 78.38253188111585,21.63819313520925,0 78.38355581181067,21.638229244209953,0 78.38569067872189,21.638278720281182,0 78.38671464605103,21.638287748838824,0 78.38874322547262,21.63820627275669,0 78.39147690727299,21.638029949453376,0 78.39269407314093,21.637993693304704,0 78.39391600837988,21.637961894945807,0 78.39440388297015,21.63849473682253,0 78.39526867951314,21.639578379027153,0 78.39673243296994,21.641501870122774,0 78.3972541589923,21.642143021554606,0 78.39806573403781,21.64296028168029,0 78.39877105410056,21.643773003433008,0 78.39877097421018,21.643775769177502,0 78.39871347986353,21.64576443395683,0 78.39850123306044,21.64772431243148,0 78.39734686254498,21.648013465681416,0 78.39628908188799,21.648212245451884,0 78.39508633559872,21.64844720886481,0 78.39418797798778,21.64880413383948,0 78.39362287060399,21.649233172055048,0 78.39302401241312,21.649797695495778,0 78.3923816600392,21.650569940372463,0 78.39172971529473,21.65159509077937,0 78.39186498839241,21.65227245457828,0 78.39158494807249,21.653211744227356,0 78.3913146424205,21.654683848736504,0 78.39103467306393,21.656237304083863,0 78.39075943846782,21.65785394891664,0 78.39063401528522,21.659158990392786,0 78.39051342643752,21.660865921137344,0 78.39043624680076,21.66149362201826,0 78.39037356661082,21.662699383273015,0 78.3902528947938,21.663792147160112,0 78.39064427602855,21.664613989643303,0 78.39105987111859,21.665896370348015,0 78.39137255910599,21.666656530707716,0 78.39170255550195,21.667458760537386,0 78.39214226620771,21.668194783743655,0 78.39233778980496,21.668731984000132,0 78.39254820823945,21.669310102563507,0 78.39282853209755,21.67010940461137,0 78.3932538164164,21.67123827519899,0 78.39356306334372,21.67179812519049,0 78.39424439876417,21.672868331961595,0 78.39520112866717,21.674231940268896,0 78.39577132026756,21.674954341446245,0 78.39631258488693,21.675934233487983,0 78.39674748543557,21.67677861618584,0 78.39718724245729,21.67756423764111,0 78.39788795746115,21.678462800947546,0 78.3982889883658,21.678887217144638,0 78.39848714797583,21.679094844440687,0 78.39915878460262,21.67971348041291,0 78.39995125202942,21.68045387348653,0 78.40085485824022,21.681189828325873,0 78.40118826271612,21.681370353461997,0 78.4013332023453,21.681379437796455,0 78.4026520764178,21.681117298167468,0 78.40553624909403,21.680498122643193,0 78.40729481421555,21.680127476997985,0 78.40815953495253,21.679928600845862,0 78.4094688158122,21.67963482394293,0 78.41113553388317,21.67939063761556,0 78.4117248489713,21.679124044495673,0 78.41229008710269,21.67898393207331,0 78.4125944740668,21.67901548452865,0 78.41314050144958,21.6793992336267,0 78.41344014953019,21.679701695676915,0 78.41373979898732,21.680004157184083,0 78.4145026500922,21.680710054052057,0 78.41515674937433,21.68131530757289,0 78.41526683678941,21.681417173436298,0 78.41621891113365,21.682306512620436,0 78.41737872601841,21.68342158869337,0 78.41883346802705,21.68469464972445,0 78.41886247045466,21.68485712812773,0 78.41889150624546,21.685019786363426,0 78.41899802583667,21.685810042882107,0 78.41925441658205,21.686880196555993,0 78.41951079810936,21.687828398242413,0 78.4198010016166,21.688650125300335,0 78.42005739894101,21.68976997981131,0 78.42025560917457,21.690158252249706,0 78.42046340185024,21.690338800264684,0 78.4214347159434,21.690830794627168,0 78.42293286461617,21.691778641214537,0 78.4236723768708,21.692360972436752,0 78.42483226432728,21.6933179653959,0 78.42553306292655,21.69392731068615,0 78.42647571982634,21.695123718717362,0 78.42681237713097,21.69555546600716,0 78.42716217097669,21.696004054632052,0 78.42768912668784,21.696748992702116,0 78.42799376538699,21.69748940312631,0 78.42811974464283,21.69842868899039,0 78.42820225628802,21.699214369156437,0 78.42840073815658,21.700334163660205,0 78.42852687945394,21.701697846711728,0 78.4286094573845,21.702759002170136,0 78.42855169113798,21.703481555012637,0 78.42824298328084,21.70486344290446,0 78.42797752059846,21.705658292188275,0 78.42773631740934,21.70670604281014,0 78.42736459239889,21.707722152421084,0 78.4271232233709,21.708494427266,0 78.42661617561764,21.709492557337533,0 78.42637967220337,21.71021969053929,0 78.4260127611275,21.711086744148716,0 78.42559754874083,21.71222030124161,0 78.42534656851198,21.713028738474605,0 78.42533211019787,21.71329062579705,0 78.42547723667413,21.71367438392395,0 78.42582057067759,21.714311020311065,0 78.42628477192503,21.715177912369203,0 78.4267829495479,21.716293114601708,0 78.42702963645817,21.716866521964178,0 78.42704412064062,21.716956872572034,0 78.42721369057917,21.717999892405825,0 78.42724272369303,21.71816697253869,0 78.4272423877448,21.71816714298891,0 78.4272718005122,21.718338563069423,0 78.42870198123694,21.71761558137525,0 78.42958619674629,21.71734434309239,0 78.43135482033331,21.7168922376797,0 78.43255313995155,21.71662084340736,0 78.43383370239884,21.716448776062084,0 78.4356023218387,21.71622690537161,0 78.43679103973284,21.716090953708388,0 78.43761739092257,21.71604548819635,0 78.43795086406392,21.71609054421432,0 78.43836169077997,21.716207732034306,0 78.43938152068134,21.716550552159298,0 78.44003881292107,21.716699369765916,0 78.44067675822194,21.71684356653464,0 78.4422570773171,21.717010013353335,0 78.4434749622291,21.717131469788495,0 78.44422878769798,21.717122127902464,0 78.44537895232841,21.71713969323556,0 78.44550946549396,21.717139600300293,0 78.44556265496243,21.717139562380698,0 78.44568829431213,21.717135058224162,0 78.44647596798546,21.717112063148903,0 78.44657259586266,21.717112046293792,0 78.44667892273759,21.717116547181256,0 78.44714421069314,21.717132965417154,0 78.44718155098936,21.717134332042143,0 78.44743764169742,21.717143319048656,0 78.44790638556539,21.717161120732406,0 78.44838482753669,21.717183530682064,0 78.44865072138543,21.717246644456516,0 78.44919041577835,21.71737876880169,0 78.45013926512964,21.717571109869528,0 78.45126536840539,21.717742182322716,0 78.45155042019982,21.71769236970072,0 78.45156012709555,21.717687775387674,0 78.45161815080034,21.717678799185876,0 78.45180164972287,21.717570326619448,0 78.45189832443066,21.717516094806747,0 78.45290788229282,21.716775038062266,0 78.45422687586118,21.716137653504568,0 78.45444914958824,21.716124008441327,0 78.45474394142926,21.716083217513084,0 78.45491303404685,21.716119281000996,0 78.45542051685798,21.71621835963118,0 78.45565740013801,21.716286041880316,0 78.45576370377582,21.7163175947088,0 78.45671107620684,21.716610591143688,0 78.45728627146731,21.71678196300755,0 78.45788076757721,21.71696227472603,0 78.45904554087495,21.717313898977,0 78.45933562281581,21.71749891683613,0 78.45954355556599,21.717625203148895,0 78.45977565072582,21.717900564281795,0 78.45980952998637,21.71796828396731,0 78.46000809441446,21.718735808693555,0 78.46016323118971,21.719553053205544,0 78.46017971582852,21.719642681883734,0 78.46031354287783,21.720370339761757,0 78.46067692362128,21.72193707689137,0 78.46070589082966,21.72192807663631,0 78.46088032511508,21.722704652371746,0 78.46108860092065,21.72347669460642,0 78.4615003266295,21.725029935697016,0 78.46196042988363,21.72670948854526,0 78.46208159991225,21.72714745711424,0 78.46240125464195,21.728303247942414,0 78.46242065705526,21.72837100385302,0 78.46290000235132,21.729973806764388,0 78.46302597859106,21.730447903910314,0 78.46313628682555,21.73086303713143,0 78.46336515903654,21.73185654589569,0 78.46354937707379,21.732759594923873,0 78.46380599423226,21.73354519965469,0 78.46416449487269,21.734827482972374,0 78.4643872088757,21.735513706212082,0 78.46466338715318,21.736633435893065,0 78.46488619465764,21.737396514428248,0 78.46519607927888,21.738245249152808,0 78.46563646130369,21.739148142546153,0 78.46612521973927,21.74011871744324,0 78.46657060969487,21.74126096748741,0 78.46663376854707,21.74171702996195,0 78.46662471546712,21.74270592199822,0 78.46650424789856,21.743211753262976,0 78.46637392252529,21.74352346119961,0 78.46569306328463,21.744639167219756,0 78.46470334444294,21.746455017433966,0 78.46344305268096,21.74853291247587,0 78.46282995000695,21.74974787613382,0 78.46305762575938,21.750646761627664,0 78.46292256640366,21.750920602952462,0 78.46287910082536,21.75100640315193,0 78.46268602561992,21.75147615016442,0 78.46252191118388,21.751887194087175,0 78.46236786381529,21.75298009341452,0 78.46225700856903,21.753445248271674,0 78.46225730844014,21.753951021252004,0 78.46221403419673,21.754298683777733,0 78.4621369537207,21.754723224089247,0 78.46213697894173,21.754754794429463,0 78.4621904415414,21.75531477073993,0 78.46225341389335,21.75549084498833,0 78.46231157551837,21.75570755234566,0 78.46243757902171,21.75624028701269,0 78.46251020463035,21.75648410988889,0 78.46252481290901,21.756642203261382,0 78.46252488561636,21.756804750525788,0 78.46247189706008,21.75709828463375,0 78.46232234481788,21.757527334140363,0 78.46203256461119,21.757915835274495,0 78.46163641251025,21.758376609708968,0 78.45994087566217,21.760283178863137,0 78.45963322977641,21.760654149404953,0 78.45937039800857,21.760971077636995,0 78.45920660347102,21.76116858476502,0 78.45920829811357,21.76133068884063,0 78.45922042573524,21.76249100709009,0 78.45922199001852,21.76264068343117,0 78.4594731503666,21.762691276245885,0 78.46118969499945,21.7630370348801,0 78.46326026090588,21.763477269657745,0 78.46352004105984,21.76353250052501,0 78.46364438893205,21.76370152113668,0 78.4642506138687,21.764525529104887,0 78.46484099811512,21.765627027265012,0 78.46496196938175,21.765798628401868,0 78.4651699245892,21.765938439860783,0 78.4653439903179,21.766001602808508,0 78.46589025688495,21.76589293270325,0 78.4660690229172,21.76579801423734,0 78.46621879369665,21.765671413613877,0 78.46730585179087,21.764713527948803,0 78.46875489219589,21.76282517179186,0 78.46893370364538,21.76279348306861,0 78.46905466569044,21.762915286123498,0 78.4706364534241,21.764490526079715,0 78.47070424526257,21.764558035590348,0 78.47069465863962,21.764852382836214,0 78.47067100761512,21.765578634175032,0 78.47055100353214,21.76681594171149,0 78.47037296310077,21.767976635036614,0 78.47061359475525,21.77036528001432,0 78.47064543221974,21.770681308954885,0 78.4706513326421,21.77072693039573,0 78.47067463697852,21.770907110266595,0 78.47088842915711,21.772573226118187,0 78.47146071312164,21.775309385207645,0 78.47183459922081,21.777693405010414,0 78.47177690197526,21.7782578728329,0 78.47132356217047,21.779779908942885,0 78.47120309495175,21.78040311019923,0 78.4714455901185,21.781500329111445,0 78.47150888700766,21.782304047478778,0 78.4714896983817,21.782403444743885,0 78.47145559453772,21.78246399625311,0 78.47144139976062,21.782489199968524,0 78.4712577893314,21.782719657060806,0 78.47107419184105,21.782931981739903,0 78.47078923080562,21.78336114588791,0 78.46981749261568,21.78515507054175,0 78.46969793850866,21.78537577509009,0 78.46994921773626,21.785343926791608,0 78.47066485702955,21.785253219232636,0 78.47159787410986,21.785198517228142,0 78.47253601832247,21.785423766376468,0 78.47443780374734,21.78622603207517,0 78.47462041225164,21.786303063671944,0 78.47478210652444,21.786141964625006,0 78.47609887331735,21.78483002605468,0 78.47666898676694,21.78423363434665,0 78.47768425552961,21.784044785698267,0 78.4779114066948,21.784002532111227,0 78.47807137230669,21.784017821783923,0 78.48145132516012,21.784340841014593,0 78.48183780330862,21.78437777156954,0 78.48499972768228,21.784679875390193,0 78.48505348657145,21.784675618963103,0 78.48544064592693,21.784644966822235,0 78.48678361811663,21.78453863126368,0 78.48687097011099,21.7845611070881,0 78.4872566364705,21.78466034026197,0 78.48853420090047,21.784989054481635,0 78.48977226496798,21.785385547436963,0 78.49227747942838,21.78628234043004,0 78.49439067610314,21.786732452815638,0 78.49562859989885,21.786988897934993,0 78.49535836591626,21.787661985906187,0 78.49653496657798,21.789629912526177,0 78.49711128852987,21.790744869809803,0 78.49721779674879,21.790902772416995,0 78.4974791463458,21.791232221864547,0 78.49787601966584,21.791742228412563,0 78.49822597365444,21.792151623586115,0 78.49838904884004,21.792342395560805,0 78.4981475493549,21.792311276943018,0 78.49656275140583,21.792107053036357,0 78.49650803500835,21.792100002143076,0 78.49617491044731,21.7921956782491,0 78.49578295257275,21.79230825051538,0 78.49517921875564,21.793031125890135,0 78.49513275016442,21.793077235984992,0 78.4948543395697,21.79335350634215,0 78.49367184189254,21.794526893724996,0 78.49153151780578,21.796733712368308,0 78.49135992118178,21.796910636215678,0 78.49135778182797,21.796912842261587,0 78.49118933669278,21.797091563756954,0 78.48963300111079,21.798742820624696,0 78.48916914096678,21.79914961501469,0 78.48883563855354,21.799276241470235,0 78.48687257954234,21.799390497162104,0 78.4866647276696,21.799535130905113,0 78.48625420305841,21.80006827555138,0 78.48572800382783,21.801197533075378,0 78.4856537909405,21.80134709659688,0 78.48551519552267,21.801626411459804,0 78.48547541597156,21.801706579419314,0 78.4854141997212,21.801829948968827,0 78.48490236530213,21.802814655109103,0 78.48390202195945,21.80481633040502,0 78.48389327985954,21.804833822847133,0 78.48365611851244,21.80503186486945,0 78.48335207777663,21.805285753519332,0 78.48235640647613,21.805864369139766,0 78.48111911978621,21.80670959218647,0 78.4793258678907,21.807753912506392,0 78.47757604164815,21.808671629425255,0 78.47650769781563,21.809137455677504,0 78.47496558070699,21.80974345987636,0 78.4730513316422,21.810733559980086,0 78.47249539968237,21.810946080077034,0 78.47174102782942,21.81104135032561,0 78.4703822672084,21.81107379252169,0 78.46738998092694,21.811032931495415,0 78.46721002185816,21.81103047285008,0 78.46716369026649,21.81130107403698,0 78.46706544200578,21.811874895324085,0 78.46715353635652,21.813527627146264,0 78.46752124753613,21.813744169015127,0 78.4678162678434,21.813888453668916,0 78.46820326222016,21.814091474242375,0 78.46837260321249,21.81423586247368,0 78.46877887296787,21.814298893337423,0 78.46890467189286,21.814339380711715,0 78.46897724037503,21.814380064196516,0 78.4694805258847,21.814899055692692,0 78.46967399897304,21.815002818828635,0 78.46987227783045,21.815074875269108,0 78.47017701953106,21.815137978148293,0 78.47067514880658,21.815151218088193,0 78.47111997595687,21.815128386368762,0 78.47122638921742,21.81512375789418,0 78.47128438867878,21.815137323759714,0 78.47134733939903,21.81519143913305,0 78.47140539479115,21.815268148634704,0 78.4724504400474,21.816017205461,0 78.47380991381151,21.816820151400613,0 78.47381479329214,21.816892364235468,0 78.47391166808053,21.817217434095554,0 78.4741879726547,21.81816101970693,0 78.47425115461112,21.818603567192554,0 78.47426108082398,21.818937698620573,0 78.47420812253371,21.819262819112332,0 78.47410187630169,21.81952481069177,0 78.47374922550259,21.820021786855335,0 78.47354635693928,21.820378618839616,0 78.47345947743578,21.82064504010501,0 78.47343547832963,21.820852819197604,0 78.47348399635237,21.82111471858883,0 78.47363916319105,21.821683561968445,0 78.47374570129992,21.82186412792512,0 78.47409419845133,21.822338002861596,0 78.47426350315409,21.82248698679383,0 78.47442331979491,21.822748721920963,0 78.47511511216396,21.823091493555225,0 78.47577782222753,21.8233665908582,0 78.47620369514954,21.823646289983255,0 78.4763729605559,21.823713903045025,0 78.47658579874302,21.823781495621862,0 78.47702109052257,21.82383540875678,0 78.47749026358998,21.823934488129275,0 78.47804169311998,21.82412377178278,0 78.4786707055949,21.824466630310525,0 78.4790238544,21.824719263589685,0 78.47914973069233,21.82481395838418,0 78.47919805848717,21.82485457685156,0 78.47951678360948,21.824835994608065,0 78.47958978193209,21.82483173768345,0 78.47990399676533,21.824811040017945,0 78.48007338602298,21.82479988224602,0 78.48230824859974,21.82552090174734,0 78.48442294300938,21.826081154390618,0 78.48458658038221,21.82612450599706,0 78.48480817305766,21.826228598735877,0 78.48518164734293,21.826404037225362,0 78.48610565551924,21.826814349239836,0 78.48789610926784,21.827515657803275,0 78.48795852645237,21.82754010530942,0 78.48800514835894,21.827733407563034,0 78.4880652347367,21.827982532589257,0 78.48877727388034,21.82932321700235,0 78.48958130001179,21.830853421887728,0 78.48988649106755,21.83143120790112,0 78.49063134549829,21.831530058726273,0 78.49184062569613,21.831741423751257,0 78.49387252810124,21.83193309045166,0 78.49397849178128,21.831943085582378,0 78.4942580642664,21.83205627670253,0 78.49501386509648,21.832362277887064,0 78.49579224616103,21.83270276678897,0 78.49580735259227,21.832709374309076,0 78.49585572260685,21.832838904976064,0 78.4960399919734,21.833332356144865,0 78.49620474632438,21.833684508130414,0 78.4963401961897,21.833797324080113,0 78.49776258157728,21.83424778203702,0 78.49815437339609,21.83433332556404,0 78.49867711408488,21.83444563973161,0 78.49887538768422,21.83433755155295,0 78.49963510195276,21.833904665624576,0 78.50052044745286,21.83349437790784,0 78.50118809958475,21.83331875863814,0 78.5023539105102,21.83301258702108,0 78.50312803904833,21.832706114153265,0 78.5041779273934,21.832241749636232,0 78.50491337199783,21.8318945678981,0 78.50581804442415,21.831515921486577,0 78.5062824519885,21.83133559808784,0 78.50709529320969,21.83094333300807,0 78.50753062667525,21.830848873728964,0 78.5085802753923,21.830768306245922,0 78.50944109428154,21.830786933972913,0 78.5097892819638,21.830805283245684,0 78.51007940454747,21.83094547852725,0 78.51007450806674,21.830986113856614,0 78.51014691912532,21.83110354217833,0 78.5104224332907,21.83141084025276,0 78.51063029525793,21.831537428259093,0 78.51080430270837,21.83164140802251,0 78.51107983492712,21.831790569833228,0 78.51141336725229,21.83198043566394,0 78.51168897870956,21.832052923118717,0 78.51196955677807,21.832034979247005,0 78.51211467582428,21.83202610030268,0 78.51229367767257,21.831967483037005,0 78.51272895981724,21.831877517469906,0 78.51321270542208,21.831764924992697,0 78.5134786942318,21.831737997383332,0 78.51357549943732,21.831747142956644,0 78.51368668930017,21.831783307156467,0 78.51388492712401,21.83181959222979,0 78.51405899613461,21.831900924957104,0 78.51426693540344,21.831959855971547,0 78.51442157735394,21.83205922182319,0 78.51455694378258,21.832163185009676,0 78.51484702026968,21.83231690124106,0 78.51549502500379,21.832421212006846,0 78.51595439521653,21.832511791197536,0 78.51762274865027,21.83276575205549,0 78.5182997953011,21.83285652936907,0 78.5189382466914,21.832802780315003,0 78.51957656937441,21.83298834679675,0 78.51990520496418,21.833273044647925,0 78.52019030831632,21.83358925438519,0 78.52062035071118,21.834149516010548,0 78.52116622079937,21.835061973594513,0 78.52156726828572,21.83568536841303,0 78.52182339310646,21.83585263839285,0 78.5221136300324,21.83586183130491,0 78.52266508476853,21.835672552893346,0 78.52328456961425,21.83514005488859,0 78.52332257968835,21.835079612042183,0 78.52358449310539,21.83505895103307,0 78.52366647240018,21.835370590563404,0 78.52403850196683,21.83598044046474,0 78.5244058871555,21.836310241507675,0 78.52485057904599,21.836595051211276,0 78.5253340007625,21.836943011674244,0 78.52610259731686,21.83761177441679,0 78.52639564261291,21.837931401835025,0 78.52661000185626,21.838239783946786,0 78.52672586343236,21.83851981352419,0 78.52682702697764,21.839188132263185,0 78.52686002101869,21.84037124236456,0 78.52690286556219,21.841405426794367,0 78.52703286153391,21.842281498967118,0 78.52721151012597,21.84281894976646,0 78.52725490659688,21.8429408735705,0 78.52767516266577,21.843817200047596,0 78.52839990335502,21.8449826650884,0 78.52854959501258,21.845253634528657,0 78.52871869163991,21.845596957312093,0 78.52932264835964,21.846667446316303,0 78.52967035027696,21.847403704315465,0 78.53011496334268,21.848000074673458,0 78.53042431798595,21.84835691194568,0 78.53098034974487,21.848759134188157,0 78.53130906961599,21.848962532891413,0 78.53178780918859,21.84915247819498,0 78.53207800293981,21.84926547925584,0 78.53303548690783,21.8496453635357,0 78.53366896514157,21.84990307950937,0 78.53429273788917,21.850138239528047,0 78.53501333716326,21.8503734164624,0 78.5358935757234,21.850572582432143,0 78.53656100405688,21.85071298084406,0 78.53740254959942,21.85090752871501,0 78.53860187304461,21.851292022405307,0 78.53933318258481,21.851414040928418,0 78.53944343374955,21.851432436396426,0 78.54025113214539,21.851550243199675,0 78.5413771281952,21.85170098917758,0 78.54168699704103,21.852896673062236,0 78.54182199843379,21.853686905793218,0 78.54202455280382,21.854716559030823,0 78.54224649343566,21.855687582699524,0 78.5425168083014,21.85662694884682,0 78.54272425463246,21.857652048510896,0 78.54286899491673,21.858338547815627,0 78.54280594377033,21.858609476416913,0 78.54270430933822,21.85875843928433,0 78.54234136253002,21.85897943738507,0 78.5416108112422,21.859236464481288,0 78.54110269042617,21.859593022649666,0 78.54075890404408,21.860175301289637,0 78.54032815610812,21.860409907248286,0 78.53978633950736,21.86057670340955,0 78.53939911500441,21.86085195094464,0 78.53939902975519,21.86104616944066,0 78.53945221432542,21.861122898013324,0 78.53955362946718,21.86139394444211,0 78.53963506285025,21.862843455318103,0 78.5399976436509,21.863101011491974,0 78.54039922380531,21.86308768112038,0 78.54113436373827,21.86324611102486,0 78.54136644831947,21.86346300598166,0 78.54207238154108,21.864059384108174,0 78.54275900076398,21.86461065325611,0 78.54360515778905,21.865270325132816,0 78.54428713280743,21.865636436476848,0 78.54459666448676,21.86565460814268,0 78.54541418217285,21.86566856118553,0 78.54612046477205,21.865709512382182,0 78.5470347095891,21.86578679548328,0 78.54758128444674,21.865922484234826,0 78.54789555300545,21.86633355052069,0 78.54809819207618,21.867209668890307,0 78.54827671584837,21.86815348632176,0 78.54824245106185,21.868988851286396,0 78.54814979097786,21.870379620062934,0 78.5481201296968,21.8714678839276,0 78.54824577242144,21.871806629559067,0 78.54856972513055,21.872199563524376,0 78.54912574098387,21.87282300329051,0 78.5492222431531,21.873211357289097,0 78.54903322954907,21.873825429619654,0 78.54886371078179,21.874263325799163,0 78.54853917918464,21.875021806229192,0 78.54806954349795,21.875658308908864,0 78.54776929515883,21.87615487086675,0 78.54776910359737,21.87652066525714,0 78.54772033919195,21.87732892464642,0 78.54773451199218,21.87797468161383,0 78.54748274780826,21.87831320413077,0 78.54675674939168,21.87883668895697,0 78.54590984033274,21.879341977190272,0 78.54468531093345,21.880176834108727,0 78.54313302348845,21.88163790369638,0 78.54309255869316,21.882022864037204,0 78.54294702524074,21.882767874814316,0 78.5426854364917,21.883350313450013,0 78.54230289059069,21.88390102522156,0 78.54153798608391,21.884699886433868,0 78.54149942504004,21.88516851577987,0 78.54150760738065,21.887084092682567,0 78.54144896165823,21.888041377404534,0 78.54131319555447,21.888677959014974,0 78.5407857770527,21.88875451028599,0 78.53950364047081,21.888708702892938,0 78.53929552367451,21.888798830242916,0 78.53923196344792,21.88984194844973,0 78.53923607004118,21.891106268888375,0 78.53917247058033,21.892357048371625,0 78.53915231908702,21.893594349015007,0 78.5391564936715,21.894754842189204,0 78.53911728528061,21.895567618593784,0 78.53913604463672,21.89653393913179,0 78.53911146721711,21.897157145228487,0 78.53931925139972,21.897622342414046,0 78.53924640673621,21.89817770307212,0 78.53851522519629,21.899021709235925,0 78.53826815253746,21.89950027229445,0 78.53911939044997,21.900182580044927,0 78.53988356985627,21.900711240263387,0 78.54084608956025,21.901366540208926,0 78.54153774502107,21.901836501240243,0 78.54178591346253,21.902162385310355,0 78.54179887185778,21.902215961648455,0 78.54132420535807,21.902965256302128,0 78.54037992887596,21.90422014659493,0 78.53947913226928,21.90549303371743,0 78.53900938597943,21.906170112572987,0 78.53859407104788,21.907073039440945,0 78.53815232991896,21.907072826871154,0 78.53815213586824,21.907312152437523,0 78.53794881047176,21.907456541723466,0 78.53748912366797,21.907564666959306,0 78.53747938289227,21.90756245549852,0 78.53746974177018,21.90756015295453,0 78.53746905341113,21.90755996219049,0 78.53746846368168,21.907559772381838,0 78.53746797258167,21.907559583528656,0 78.53746689277605,21.907559112828725,0 78.53746610885905,21.907558644995085,0 78.53746306874896,21.907557050730038,0 78.53746238346149,21.90755658385179,0 78.53746179475593,21.907556302005094,0 78.53746091118552,21.907555925254044,0 78.53746002659135,21.907555640541066,0 78.53745855124376,21.90755525805745,0 78.53745717452577,21.907554876529268,0 78.53745451664784,21.907554390542455,0 78.53745215261073,21.907554091497996,0 78.53744387796912,21.907553090861168,0 78.53744181084451,21.907552702644796,0 78.53744033447323,21.907552412199085,0 78.53743807213729,21.9075518379957,0 78.53743699130798,21.90755145933365,0 78.53743591047868,21.907551080671524,0 78.53740202974656,21.90753749755121,0 78.53736815000771,21.907523914432872,0 78.5373342692519,21.90751042334509,0 78.53730038854077,21.90749684020221,0 78.53727632569118,21.90748749432852,0 78.53723997720732,21.90747407135973,0 78.53720362971713,21.90746064839183,0 78.53717946517955,21.90745157766145,0 78.53715529965893,21.907442506917643,0 78.53713103547446,21.907433527262015,0 78.53710687094681,21.907424456520108,0 78.5370730643319,21.907413083195625,0 78.53703915905554,21.907401800955643,0 78.5370330665634,21.907399716865115,0 78.53702255725534,21.907395656968454,0 78.53700674449188,21.907389520625298,0 78.53699888691325,21.907386498949972,0 78.5369908280175,21.907383751467385,0 78.53698660128175,21.907382422758626,0 78.53697922558501,21.907380418279484,0 78.53696801153576,21.907377640221572,0 78.5369624050234,21.907376205173303,0 78.53695689816475,21.907374679042512,0 78.53694234812892,21.90737030384031,0 78.53692062682742,21.90736328179995,0 78.536909814468,21.90735986329455,0 78.53689890044498,21.90735662789912,0 78.53689713023745,21.907356150504636,0 78.5368954566108,21.907355858142022,0 78.53689220696269,21.907355366410595,0 78.53688944841296,21.907355063534233,0 78.53688442241194,21.907354646636293,0 78.5368806775685,21.907354334201766,0 78.5368779190188,21.90735403132512,0 78.53687585087482,21.907353735139115,0 78.53687427587761,21.90735344373212,0 78.53687201354764,21.90735286952022,0 78.53686985189547,21.907352112188114,0 78.53685776964777,21.907347576796933,0 78.53684568740087,21.90734304140478,0 78.53671743463035,21.90731814211394,0 78.53658918289477,21.90729324272403,0 78.53642445042749,21.907257956360993,0 78.5362602316785,21.907220834759656,0 78.53617334189933,21.90720195093922,0 78.53608604020648,21.907184627890263,0 78.53601639853551,21.90717585239872,0 78.53591080355413,21.90717142359691,0 78.53580541302362,21.907166351447596,0 78.53572070263715,21.907155496675333,0 78.53559397599798,21.907135398644808,0 78.53553043299267,21.907128154849584,0 78.53546664246026,21.90712551102499,0 78.53535179713815,21.9071278956988,0 78.53517938636112,21.90713561193854,0 78.5350069745673,21.907143328892168,0 78.53491495355267,21.90714234483169,0 78.53486888243454,21.907142910283728,0 78.53482305800976,21.907147804370574,0 78.53478765541514,21.90715583716817,0 78.5347283354957,21.907176801620203,0 78.53455690282702,21.90725604884466,0 78.53446249774774,21.907291952610368,0 78.53436808953877,21.907328132431818,0 78.53429258511427,21.907358696691,0 78.53421804339777,21.90739129439497,0 78.53410101014914,21.907448425434865,0 78.53398571826193,21.907508610879237,0 78.53387682896633,21.90756959571693,0 78.53376784300328,21.907630394523682,0 78.53371549150336,21.90765455497151,0 78.5336345477807,21.907686262708648,0 78.53355495707561,21.907720560889235,0 78.53347495140048,21.907765439599203,0 78.53339513778639,21.90781078129455,0 78.53328170581591,21.907863344300015,0 78.533167697379,21.90791452090154,0 78.53313739451164,21.907934017739496,0 78.53309479074119,21.907968582061756,0 78.53307204533236,21.907982629432865,0 78.53304669751316,21.907991219761143,0 78.53297673823911,21.908002046010246,0 78.53287146227196,21.908013174303015,0 78.53276600752608,21.908022643000148,0 78.53266422568507,21.90803003113561,0 78.53261337896456,21.908034139363185,0 78.53256270377757,21.908040642489702,0 78.53253758090035,21.908046750543075,0 78.53250141769803,21.908060942637388,0 78.53246592841847,21.90807670609042,0 78.53239602760178,21.908108796656954,0 78.53232554726988,21.908139868109625,0 78.5322683224024,21.90815864282668,0 78.53220939099286,21.90817132484071,0 78.53210773947136,21.9081846969927,0 78.53200618348646,21.908198345229142,0 78.53189964972258,21.9082160880773,0 78.53179320839308,21.908234384037904,0 78.53167468689955,21.908256795731358,0 78.53155606466943,21.90827939136917,0 78.53145716847065,21.908293342172122,0 78.53135764251023,21.908301855028956,0 78.53127414806016,21.908305738196102,0 78.53114876879188,21.908306175329834,0 78.53102374192044,21.90830164611362,0 78.53093911337261,21.908292262220808,0 78.53085437900761,21.908283521587155,0 78.53078671469613,21.908283231343134,0 78.53068507437324,21.908286753507188,0 78.53058346080046,21.908287881693187,0 78.53043823337148,21.908281406475556,0 78.53029306564162,21.90826959199135,0 78.53017634139661,21.908254741463182,0 78.53006087380945,21.908233366746774,0 78.52996892444278,21.908208262864008,0 78.52987696996543,21.90818361911579,0 78.5297489231888,21.908157979511518,0 78.52962056507889,21.90813381045583,0 78.52949945828446,21.90811394520671,0 78.52937865878397,21.908092978276855,0 78.52933468859888,21.90808205650092,0 78.5292697105156,21.908062001409792,0 78.5292044221479,21.908043231940827,0 78.52906442100755,21.90801057261594,0 78.52892380555564,21.907979839264147,0 78.52878148668545,21.907951482431855,0 78.52863835303417,21.90792551169469,0 78.52853691380948,21.907911084078524,0 78.52843520832646,21.90790282101859,0 78.52837603774853,21.907901507901745,0 78.52828701298829,21.907905979846184,0 78.52819802298117,21.907916158136015,0 78.52806836217265,21.907937907040196,0 78.5280045749728,21.907952473083796,0 78.52794154170495,21.90797026905412,0 78.52784229320166,21.908006857877034,0 78.52779315536235,21.908025800883713,0 78.52774305701107,21.908042342179225,0 78.52766566673509,21.90806487566247,0 78.52758817877876,21.9080874090745,0 78.52741159299204,21.908150581656027,0 78.52723491041272,21.908213661962957,0 78.52718837498098,21.908229132335034,0 78.52714710812477,21.90824106421431,0 78.52707400614035,21.908259405940875,0 78.52685250167697,21.908308240396423,0 78.52663144171161,21.908361406048158,0 78.526520181746,21.908387106252327,0 78.52640725533102,21.908411870550037,0 78.52633608695558,21.90842489200569,0 78.5262736526599,21.90843321126052,0 78.52621904525911,21.908438385207965,0 78.52617116837621,21.90844160069961,0 78.52608738605876,21.9084447408858,0 78.52596171276872,21.90844507879527,0 78.52583626154137,21.90844311848639,0 78.52571377331388,21.908440909941362,0 78.52562187589449,21.908437620228987,0 78.52555297478618,21.90843317339786,0 78.52550144079132,21.90842825180941,0 78.52546282635599,21.908423456381477,0 78.52540512615822,21.90841424032573,0 78.52534755560445,21.908402172943607,0 78.52527416860654,21.90838433519622,0 78.5251656739481,21.90835694966266,0 78.5250572758997,21.908329749091028,0 78.52485136285242,21.908281161028945,0 78.52474845929221,21.90825659126572,0 78.52464597093642,21.908230185448144,0 78.52456672107667,21.908207411516575,0 78.52449811397784,21.908185569986298,0 78.52437922326482,21.908144090977878,0 78.52420271796892,21.908076919588403,0 78.52402681806427,21.908008557286287,0 78.52380189334224,21.907922594506317,0 78.5235768702847,21.907836630430566,0 78.52340993651433,21.907865926981096,0 78.52324290408734,21.907895130335266,0 78.52313506756747,21.907914602256454,0 78.52297364342166,21.907945148847244,0 78.52281221304402,21.907976155446065,0 78.52261350504484,21.90801517440285,0 78.52251433637628,21.908035743230172,0 78.52241535458211,21.908057235223314,0 78.52237411217263,21.908066956885477,0 78.52230267908483,21.908085956975885,0 78.52224953383691,21.90810154523341,0 78.52217014411357,21.908126358463246,0 78.52209104301787,21.908151817893557,0 78.52204301921878,21.908168101469155,0 78.5219598111205,21.908199136483265,0 78.52183538563916,21.90824642863043,0 78.5217725041677,21.90826818067219,0 78.52174072913387,21.90827799485693,0 78.52170866746047,21.908287070764025,0 78.52143293811527,21.90835957592576,0 78.52115692091716,21.908431248416434,0 78.52095657801178,21.908483964371012,0 78.52085616406542,21.908509951681474,0 78.52075526936557,21.908534828717595,0 78.52073895293442,21.908538442828796,0 78.52070821577917,21.908543757529525,0 78.52068105002921,21.908547265333763,0 78.52065725323726,21.908549425420883,0 78.52061530026069,21.908552051938837,0 78.52055214283509,21.908554378617854,0 78.52048907879895,21.908557259394936,0 78.52016728254097,21.908577118617387,0 78.52000639941829,21.908585667856972,0 78.51984543215116,21.908592927426447,0 78.51978010685087,21.908595140481733,0 78.51966566686777,21.9085965046855,0 78.5195798638448,21.908595111091586,0 78.5195154801545,21.908592454713446,0 78.51941898863609,21.908585433329723,0 78.51937090587022,21.908580544411397,0 78.51932283654332,21.908574550111265,0 78.51923371313295,21.90856143364232,0 78.51916735360581,21.908550289307552,0 78.51906832871465,21.908531736833286,0 78.51896972220783,21.908511072211162,0 78.51873258168764,21.908458947769226,0 78.51849553993466,21.90840691597164,0 78.51846160864199,21.908546866235948,0 78.51843252570433,21.908677956579613,0 78.51836456715996,21.908948835461384,0 78.51829660933234,21.909219713438997,0 78.51835369428925,21.91059705263604,0 78.51848335069407,21.9119246614796,0 78.51852127874487,21.91283684875431,0 78.51854508077858,21.913396652592546,0 78.51868924221462,21.91472431427968,0 78.51875636711048,21.91560496436021,0 78.51893004319659,21.916309464772176,0 78.51927322385514,21.916932875052566,0 78.51978074479197,21.9177414407413,0 78.5201142091468,21.91838739818552,0 78.52077151338577,21.919430867097205,0 78.52107607546772,21.91994582877978,0 78.5212983797379,21.920415617871512,0 78.52150095700065,21.92135043145674,0 78.52147126741438,21.922262538044812,0 78.52164967259084,21.923057476606164,0 78.52164955374573,21.923278670570316,0 78.52157192919739,21.92354052860252,0 78.52156945996393,21.92362859607504,0 78.52156698974065,21.92371666354171,0 78.52156370089986,21.92376348511791,0 78.5215588686885,21.92379841636303,0 78.52154792543544,21.923850409778748,0 78.5215329440861,21.923901810443144,0 78.52150738997597,21.92397234671382,0 78.52147957851305,21.92404175629338,0 78.52143506120359,21.924140458841762,0 78.52141270337462,21.924189854245906,0 78.52139240457628,21.924240375317517,0 78.52137930323606,21.92428249745223,0 78.52137193834717,21.924314551306008,0 78.52136389494558,21.92436307434204,0 78.52135841311545,21.924411899530153,0 78.52134692635417,21.924547283904502,0 78.52133879334683,21.924682794098686,0 78.52133448999517,21.92479348768444,0 78.52133383842776,21.92490412498793,0 78.5213356496029,21.924944829254642,0 78.52134127736201,21.925005821653148,0 78.52134819054683,21.92506664162251,0 78.52135351736983,21.92510176533626,0 78.52136387763609,21.92515424261295,0 78.52137236467627,21.925206702467502,0 78.52137470843071,21.925243913176015,0 78.52137399707412,21.925272073175655,0 78.52136868942598,21.92531418052192,0 78.52136391685728,21.925335028889737,0 78.52135766671599,21.925355678690803,0 78.52133265104449,21.92542207805836,0 78.52130440083906,21.925486604770924,0 78.52126841429777,21.92556357437212,0 78.52123164374721,21.925640076045507,0 78.52119380568192,21.92571500242683,0 78.5211541037089,21.925788990057967,0 78.52112736038508,21.925833556889845,0 78.5210843021354,21.925898950164875,0 78.52104271519693,21.925965095152957,0 78.5209904548286,21.926059211437252,0 78.52094094092557,21.926154642375465,0 78.52090809685225,21.92622409468695,0 78.52087790472619,21.92629458550983,0 78.5208683453764,21.92631998943214,0 78.52085491038854,21.926365515032657,0 78.52083726355114,21.92643456298909,0 78.5208272112127,21.926468707653836,0 78.52081479764644,21.926502275973824,0 78.52079841864008,21.926537555298765,0 78.52076972832614,21.92658854552143,0 78.52073731023226,21.926637659162225,0 78.52071007524654,21.926673200326015,0 78.52066658415774,21.92672441373096,0 78.52064547511405,21.926750441806046,0 78.52062593194414,21.92677758888702,0 78.52058646677325,21.926839244170534,0 78.52053124331535,21.92693360653952,0 78.52048053045927,21.92703040728334,0 78.52045031697817,21.92709399324866,0 78.52040819225599,21.92719032583201,0 78.520369015413,21.9272876989132,0 78.52036003843426,21.927313936965234,0 78.52034796662625,21.927360948687802,0 78.52033148135445,21.92743194195539,0 78.5203206344841,21.927466538144355,0 78.52030595393545,21.927499901049384,0 78.52027324906591,21.92755692710196,0 78.52023809151515,21.92761273339703,0 78.5201683027024,21.92772140555701,0 78.52009763224973,21.927829423787426,0 78.52006336732741,21.92787603389551,0 78.52000795344901,21.92794342389489,0 78.5199813222594,21.92797795741297,0 78.51995713540269,21.92801444883562,0 78.51993908628084,21.9280490664647,0 78.51992812901432,21.928075929435696,0 78.51991464363223,21.92811703614921,0 78.5199038133727,21.92815890435952,0 78.51987483851542,21.928287674963503,0 78.51984547109386,21.928416257624654,0 78.51982190940271,21.928511206319627,0 78.5197969687675,21.92860586535135,0 78.51977784223313,21.928666062974276,0 78.51974467751587,21.92875511844264,0 78.51972868442655,21.92879988161477,0 78.51971456039588,21.928845124274734,0 78.5196934249694,21.928926013246063,0 78.5196757338175,21.92900767237597,0 78.51965147069565,21.929138605394904,0 78.519627107883,21.929269538362192,0 78.5196078106789,21.92937115641024,0 78.51958821750752,21.929472771559734,0 78.51956155957588,21.929597330649308,0 78.51952997764538,21.929721012103908,0 78.51951634771422,21.929766167562864,0 78.51949172485773,21.929832570640517,0 78.5194775464051,21.9298651090692,0 78.51946209175472,21.929897083610207,0 78.519396712514,21.93002577253271,0 78.5193312344885,21.930154461388323,0 78.519326350018,21.930158923901693,0 78.51930712688977,21.93018386482448,0 78.51929741718453,21.930196289218735,0 78.51928760987813,21.9302086196857,0 78.51927810887665,21.930220032664216,0 78.5192635147009,21.930236918647974,0 78.51924892057163,21.93025371258172,0 78.51916416622815,21.930350731544927,0 78.51907931312331,21.930447748577443,0 78.51905663005701,21.930473208756165,0 78.519015884518,21.930516992745577,0 78.51898444581144,21.9305490866319,0 78.51893586979511,21.930596108492733,0 78.51888563029225,21.93064182441428,0 78.51885843216982,21.930665307248134,0 78.51880993489442,21.930705333186534,0 78.51877271015697,21.930734332655167,0 78.51871589853504,21.93077667120743,0 78.51865801624155,21.930817801676543,0 78.5185975722452,21.930858539717295,0 78.51850593519964,21.930918394084237,0 78.51846060371238,21.93094878581189,0 78.51841595229794,21.930980197660755,0 78.51828981392762,21.931072391772513,0 78.51816406375397,21.9311651409691,0 78.51804000279473,21.931256895024113,0 78.51797831135086,21.931303234668555,0 78.51791710784953,21.931350132294135,0 78.51789122092971,21.931370958407225,0 78.51786920403487,21.931389888546978,0 78.5178317234963,21.93142403912229,0 78.51777735670359,21.931477079047898,0 78.51772337828064,21.931530583014204,0 78.51767858326436,21.931574696040887,0 78.51764545245172,21.93160806082944,0 78.5175965360291,21.93165894501873,0 78.51757256585636,21.931684851685024,0 78.51754908376303,21.931711132256936,0 78.51753248718549,21.931730575810178,0 78.51751857899848,21.931747836573326,0 78.51749494939726,21.931778534052924,0 78.51747781389216,21.931802022476365,0 78.51745274715088,21.931837676499757,0 78.51742797323509,21.931873608621927,0 78.51739959711375,21.93191401670701,0 78.51737843573346,21.931944553385883,0 78.51736337594,21.931967693981697,0 78.51735271891725,21.93198535577073,0 78.51734526638285,21.931998813836863,0 78.51733506938405,21.93201942479709,0 78.51732614857409,21.93204060058288,0 78.517280081397,21.93216248355188,0 78.51723401414489,21.932284365593873,0 78.51720975409607,21.932327207350472,0 78.51718559164112,21.93237014211181,0 78.51717281001355,21.93239247662148,0 78.51716968859196,21.932398060975313,0 78.51716535016982,21.932406578954996,0 78.51716322976343,21.932410884448647,0 78.51716130561472,21.93241528391877,0 78.51715167863959,21.932437833503585,0 78.51714195196446,21.932460475078734,0 78.51708967794336,21.93257281507245,0 78.51706398169593,21.9326292660017,0 78.51705182306834,21.932657589825574,0 78.51704015455127,21.932686195530334,0 78.51702337918337,21.93273021444088,0 78.51699596328805,21.932807911860056,0 78.51691892404791,21.933042804197942,0 78.51690917237586,21.933067653782928,0 78.51689951933832,21.933092505256823,0 78.51689536363457,21.933102313716784,0 78.51689122246856,21.933110833629303,0 78.51688346245435,21.933125301203724,0 78.51687147714948,21.933147000094007,0 78.51686582821307,21.93315799052847,0 78.5168606704418,21.933169169885478,0 78.51685864035393,21.933174212658166,0 78.51685518660808,21.93318301546957,0 78.51685274427126,21.933189619031427,0 78.51684937463452,21.933199711359116,0 78.51684610364585,21.93320980465568,0 78.51684548579203,21.93321209981984,0 78.51684497074082,21.93321402779649,0 78.51684341104816,21.933221100273965,0 78.51684299776093,21.933222753102232,0 78.51684258758915,21.933224129813155,0 78.51684197491731,21.933225965702235,0 78.51684126256869,21.93322789174111,0 78.51683639969997,21.93323916604341,0 78.51683163547912,21.933250441314595,0 78.51681943615259,21.933361057732238,0 78.51680723779201,21.933471674164615,0 78.51680450985603,21.93349484471897,0 78.51680171651303,21.93351506813252,0 78.51679885463737,21.93353262144286,0 78.51679581934908,21.93354805591565,0 78.51679290659494,21.933561374457714,0 78.51678682355323,21.933584604108027,0 78.51678120261991,21.933601854170877,0 78.51677652041357,21.933614603037267,0 78.51676831487285,21.933633576650575,0 78.51675873134968,21.9336522615012,0 78.51675380408138,21.933660497543215,0 78.51674868782297,21.933667995334236,0 78.51674367955995,21.933674665741897,0 78.5167335799618,21.933686625000973,0 78.51672419271478,21.93369665822073,0 78.51670693430188,21.933713517824096,0 78.51668090232542,21.933738484555658,0 78.51666852236428,21.933751433953894,0 78.51666262521404,21.93375818767714,0 78.51665702193317,21.933765128385495,0 78.51664280089246,21.93378376767604,0 78.51663247905141,21.933797933930048,0 78.51662486020155,21.933808628860792,0 78.51661392049587,21.93382509027772,0 78.51660869622616,21.933833415447694,0 78.51660366821527,21.933841834594748,0 78.51660044289271,21.93384787816746,0 78.51659781154184,21.93385374347617,0 78.51659567654187,21.933859338433216,0 78.51659229959756,21.933870075032484,0 78.51658982399748,21.9338796238446,0 78.5165821406925,21.933913514573405,0 78.51657977724282,21.933921867845886,0 78.51657773466846,21.933928015086387,0 78.51657418014703,21.933937001924225,0 78.5165720586579,21.93394139945202,0 78.516569740909,21.9339457030025,0 78.51655877729519,21.933964281316644,0 78.51654882925388,21.933980292225336,0 78.51653056140945,21.934007911668182,0 78.51651602770512,21.93402811271678,0 78.51650471206773,21.93404291354654,0 78.51648690528172,21.93406464635649,0 78.51646802164738,21.934085633111195,0 78.516425287636,21.934130593606294,0 78.5163930436947,21.93416396780558,0 78.51634394521126,21.934213285040318,0 78.51629357667316,21.934261576318548,0 78.51621011672937,21.934339644414155,0 78.51616775231469,21.93437798092135,0 78.51614613134402,21.93439673063727,0 78.51612412095359,21.934415017197395,0 78.51608538574769,21.934446577692533,0 78.51604664952629,21.934478139088874,0 78.51599821960674,21.93451199757678,0 78.5159497896518,21.934545856970153,0 78.51593507624278,21.934555745753503,0 78.51591997238953,21.934565262500797,0 78.51588918425169,21.934583186614606,0 78.51582605441227,21.934616992627863,0 78.51578425689776,21.93464005533043,0 78.51576091313639,21.934654093543593,0 78.51572951015135,21.934674127798072,0 78.51569859519849,21.934694628010654,0 78.51567830956029,21.934708696270665,0 78.51565184532613,21.93472813470883,0 78.51563701451646,21.934739679199357,0 78.51562048274248,21.93475332502474,0 78.51559358226406,21.93477653318986,0 78.51556697564673,21.934799928338016,0 78.51551464086707,21.93484755662202,0 78.51548004144826,21.934879710844754,0 78.51539238120871,21.934962706976055,0 78.51530569597615,21.935046633140995,0 78.51527665510822,21.935075896391115,0 78.51524859242129,21.935105904728612,0 78.51523030762772,21.935126251964434,0 78.5152063186721,21.935153723886373,0 78.51517491732601,21.93519106333678,0 78.51516340725625,21.935205586017123,0 78.51515238730512,21.935220390584636,0 78.51514536743102,21.9352304469941,0 78.51513633400492,21.93524407353109,0 78.51512487688277,21.93526255485418,0 78.51511873653807,21.935273356306347,0 78.51511188691595,21.93528580859382,0 78.5150755492477,21.935367100027324,0 78.51503921153457,21.93544839145539,0 78.51502226903679,21.93548964708814,0 78.51500912618094,21.93552643058353,0 78.51498885612999,21.93559158726288,0 78.51496051392252,21.935689986453298,0 78.5149548610716,21.935707849204864,0 78.5149426272297,21.935744948162768,0 78.51492764934515,21.935786960427976,0 78.51487432188281,21.935922394842756,0 78.5148208956702,21.936057827357224,0 78.51479574703451,21.93611805742793,0 78.5147698122889,21.936178003616558,0 78.51475121334727,21.93621740195492,0 78.51473991276471,21.936239567697466,0 78.51472621232756,21.936264562448233,0 78.51470941938656,21.936292564413446,0 78.51461970783242,21.936434728719036,0 78.51453009374892,21.936576893942057,0 78.51432924655417,21.936565437929023,0 78.514128398354,21.936554073688146,0 78.51409762961055,21.9365528504408,0 78.5140668473957,21.93655273164831,0 78.51400535237535,21.936555256211815,0 78.5139644661149,21.936558720870554,0 78.51390993057507,21.936565272008075,0 78.51383738334516,21.9365766165379,0 78.51374118250061,21.936594448766773,0 78.51365178648862,21.936612531091093,0 78.51356287531681,21.936631447501153,0 78.51338544241564,21.936669559227262,0 78.51326677682844,21.936693429367054,0 78.51302473948317,21.936738452672536,0 78.51278270294821,21.936783476521263,0 78.51264327247024,21.936811375948857,0 78.51243478338232,21.936856176442785,0 78.51222610204792,21.936900515430132,0 78.5121563558391,21.93691400941503,0 78.51214551476211,21.93691610626761,0 78.51212231907141,21.93691986899407,0 78.51209488594357,21.936924318997832,0 78.51208452809561,21.936925999020534,0 78.51207399485882,21.93692731003682,0 78.51205335819542,21.93692987647015,0 78.51202270206196,21.936933689938535,0 78.51197844302762,21.93693639823988,0 78.51180100834448,21.936920907671958,0 78.51174674911522,21.936906429283393,0 78.51167037196223,21.93687807918433,0 78.511667636691,21.93687706453489,0 78.51165954375726,21.936873723458415,0 78.51159201913822,21.936845850858703,0 78.51151824008069,21.936813296615686,0 78.5114288237049,21.936771627175492,0 78.51142112319744,21.93676804786436,0 78.51139060335657,21.93675346829516,0 78.51126862907552,21.936695198858732,0 78.51126693983616,21.93669442739956,0 78.51126107254511,21.93669162648188,0 78.51118048861912,21.93665465657041,0 78.51117017107993,21.93665025245553,0 78.511098599338,21.936619698834907,0 78.5109481488302,21.936557738861346,0 78.5109101303844,21.936543280399743,0 78.51088143693417,21.936532964060664,0 78.5108378898724,21.936518819261043,0 78.5107937280296,21.936506601425535,0 78.51069455791237,21.936481690547858,0 78.51059538783274,21.936456779605315,0 78.51055184977699,21.936450551989054,0 78.51050788902872,21.936446712557384,0 78.51047849728633,21.936445870352145,0 78.51043941584287,21.9364468656022,0 78.51041719439057,21.93644876354762,0 78.51039209531343,21.93645219794564,0 78.5103292177179,21.936463452996907,0 78.51026624350064,21.93647461409901,0 78.51020089857501,21.93648593588574,0 78.51013555565741,21.936497166535215,0 78.51001037246283,21.936521430063326,0 78.50988528678329,21.936545877629197,0 78.50980155720016,21.936560148434047,0 78.50977220982807,21.93656409310365,0 78.5097428739325,21.936567025336284,0 78.50968383679825,21.936570217663746,0 78.50964426936112,21.93657056356572,0 78.50959150151894,21.936569030235024,0 78.50952101086445,21.936564376378115,0 78.50942679650214,21.936554885846338,0 78.5093015613895,21.936540211334716,0 78.50923041261962,21.936532605261128,0 78.50915808416343,21.9365247113591,0 78.50908587008357,21.936515345759478,0 78.50894145656083,21.93649532682833,0 78.50884509702601,21.93648360556367,0 78.50879000644417,21.936478182937314,0 78.50872237470503,21.936473649908443,0 78.50865451644022,21.936471691077937,0 78.50860923040416,21.936471704084212,0 78.50854873128382,21.93647331576673,0 78.50846816630957,21.936478228037828,0 78.50842224136692,21.93648237690555,0 78.50839448074257,21.93648560058421,0 78.50836700359447,21.936489839602498,0 78.5083125183987,21.93650062441628,0 78.50827650497249,21.936509473621506,0 78.50822859915802,21.93652289986392,0 78.50817978869253,21.936537882916674,0 78.50813175286844,21.936554069329876,0 78.50810034363246,21.93656581751442,0 78.50805929836672,21.93658336258135,0 78.5080363794382,21.936594550287765,0 78.50801066687566,21.936608563924743,0 78.50795911486496,21.936639076189863,0 78.5079086375558,21.93667051863165,0 78.50780963190569,21.936735448735405,0 78.50774440372707,21.936779909368546,0 78.50770173020072,21.936810509284616,0 78.50765993198716,21.936842221513327,0 78.50757720877957,21.936906852132545,0 78.50752147912578,21.936949013259213,0 78.50748885603316,21.936972071416957,0 78.507450684462,21.936997100738918,0 78.50740539424929,21.937023531563412,0 78.50731822963276,21.93707090488486,0 78.50723106593995,21.937118278166825,0 78.50696637354852,21.937210653787165,0 78.5068841134054,21.937228301005504,0 78.50647706383906,21.937308364892647,0 78.50622848787313,21.937355091083198,0 78.50591848387299,21.937387530555633,0 78.505681122697,21.937411765875467,0 78.50546135799604,21.93743243868184,0 78.50525375400704,21.937451671298877,0 78.50511622012876,21.93746441281122,0 78.50498786086537,21.937497454512933,0 78.50485458857105,21.93753184477631,0 78.50481639934178,21.937532519712516,0 78.50468710799325,21.93753456159833,0 78.50458111021041,21.93753623480105,0 78.50456874622317,21.937535241574913,0 78.50436135220687,21.93751292846697,0 78.50415230079253,21.93749043572867,0 78.504105928282,21.937484365035115,0 78.50396844582231,21.937450791263142,0 78.50389591121164,21.93743307846984,0 78.50386214839862,21.937422798012804,0 78.5038183187633,21.93740716638025,0 78.50376491285546,21.93738729393946,0 78.50365409468841,21.937336949374913,0 78.50351171084246,21.937259965743735,0 78.50337620852132,21.937176514660283,0 78.50328887379268,21.937117380785836,0 78.50317527341744,21.93703405455001,0 78.50303593321775,21.936923777779782,0 78.50289998401088,21.936810405737816,0 78.50263157068603,21.936580748429197,0 78.5024499665091,21.93643037869623,0 78.50234337350648,21.936347029293344,0 78.50220972823031,21.936247946258874,0 78.50207297462805,21.936153251574776,0 78.50197914174825,21.936093040878166,0 78.50184996998317,21.936017014293537,0 78.50179748877945,21.935990443606947,0 78.50174358563736,21.935967356676663,0 78.50163226572725,21.935926578817757,0 78.50157584181902,21.935908253391634,0 78.50151909049784,21.935892686181436,0 78.50140482802497,21.935867711475225,0 78.50135369037669,21.935861681934103,0 78.50130158087553,21.935863097822054,0 78.50126679188514,21.935868367575946,0 78.5012208669942,21.93588107485971,0 78.50118417214202,21.935897740741677,0 78.50115264384958,21.93591988789779,0 78.50113359175818,21.935938016653026,0 78.50110948636457,21.93596677391516,0 78.50108730675376,21.935999691597864,0 78.50107163701321,21.93603276686534,0 78.50106595933627,21.936054802398655,0 78.50106582183032,21.936084164838107,0 78.50107883730891,21.93613685524075,0 78.50110053518644,21.93618944680411,0 78.50111898383662,21.936224241471987,0 78.50115888806494,21.9362895324776,0 78.50120031085262,21.93635152568277,0 78.50128349559691,21.936471648427705,0 78.50133642712002,21.936554005802368,0 78.50140406505267,21.93667056836566,0 78.50146505471463,21.936790378715827,0 78.50150069633021,21.93687477457906,0 78.50151201815707,21.936911615628627,0 78.50151869715613,21.936948869934692,0 78.50152198641958,21.937023831854425,0 78.50151994209402,21.937073426295076,0 78.50151141207165,21.93714661404414,0 78.50149361299391,21.93721934161932,0 78.50147619165513,21.937267587751016,0 78.50145657582691,21.937309275663353,0 78.50143216801871,21.937347234957333,0 78.5014120725166,21.937370416135888,0 78.50137929292109,21.93739844303619,0 78.50135176185006,21.937416027441426,0 78.50132367972458,21.937430108488073,0 78.5012652328078,21.937450792814083,0 78.50122436168867,21.937461525179852,0 78.50114988070136,21.937477999221095,0 78.50107537561479,21.937487846335408,0 78.50102593752216,21.937488460205476,0 78.50095114274005,21.937480537888053,0 78.50087674475613,21.937463690660564,0 78.50082749562316,21.937447737411855,0 78.50071060618943,21.93740211698181,0 78.50059960138887,21.93735084781501,0 78.50052752614246,21.93731202362244,0 78.50041265206579,21.93724543566487,0 78.50030196983572,21.937174562919278,0 78.50023241882707,21.937122139394713,0 78.50019380653072,21.937090551098407,0 78.50015509665168,21.93705886977371,0 78.50000836686668,21.93692527242742,0 78.49992341478715,21.936831101337955,0 78.4998731739088,21.936782603002083,0 78.49977768709037,21.93666930697918,0 78.49969646382186,21.93658481408736,0 78.49965705746575,21.936530156590333,0 78.49956956634979,21.93639613760416,0 78.49942981682226,21.93616871852903,0 78.49935649364413,21.93608874536338,0 78.49924121096477,21.935992501476168,0 78.4986762939814,21.935658319010265,0 78.49811598116615,21.935757636009665,0 78.49786927639227,21.935848154067948,0 78.49765149883751,21.935902507894998,0 78.49741922629063,21.93593885864795,0 78.49719654823093,21.935929924091614,0 78.49645596917418,21.93585370102699,0 78.49616071558938,21.935858494100746,0 78.4959188265546,21.935890237273437,0 78.49585592061634,21.93590387839107,0 78.49574459055508,21.935976225920214,0 78.49549806024753,21.93630147108253,0 78.49539671845635,21.936613157564757,0 78.4952614231141,21.9369519364958,0 78.49500968805677,21.93684375492108,0 78.49484502229329,21.936739938676528,0 78.49463677558677,21.936582114025583,0 78.49451564504068,21.936433165932364,0 78.49420562574417,21.936090225020298,0 78.49391019050945,21.93587823326499,0 78.49353249606824,21.935621052455357,0 78.4932952734179,21.935503806951946,0 78.49290299517598,21.9353054837725,0 78.49253016595682,21.935088942903693,0 78.49235104277197,21.934998787097904,0 78.49202200023593,21.935093812400154,0 78.49122420388252,21.93600653635138,0 78.4901891496254,21.93693299337883,0 78.4895604176838,21.93753847735004,0 78.48915409635553,21.93774649890529,0 78.48825405491479,21.938040617626818,0 78.48604750367117,21.938633694541533,0 78.48474577364422,21.93902290541229,0 78.4845038977602,21.93918110791278,0 78.48429604582888,21.939528907802156,0 78.48423327350991,21.93972765951116,0 78.48431116509492,21.94022882883913,0 78.4845195760669,21.94059442902741,0 78.48479078665605,21.940801962345315,0 78.48614172787464,21.941573268360962,0 78.48642758733732,21.94188008431341,0 78.48653428061574,21.94224576610832,0 78.48661202273163,21.942597903491,0 78.48650577310197,21.942905117659055,0 78.48601249465324,21.943465367421883,0 78.4854128841623,21.944210769341282,0 78.48460037104697,21.944978979497442,0 78.48370060370333,21.945697615124395,0 78.48274818726432,21.947138685210064,0 78.4819987874709,21.948231905548088,0 78.48075643469605,21.9504498191319,0 78.47961410788666,21.950405465251396,0 78.47849120944862,21.950532606012366,0 78.47779913449801,21.950718114028206,0 78.47764922778016,21.950898865542772,0 78.47740767536338,21.951571811635013,0 78.47727750782019,21.95227183888707,0 78.47698737126207,21.952691982761856,0 78.47668740424932,21.952904359295502,0 78.47632924204,21.953003936776383,0 78.47580168192398,21.95305844906206,0 78.47496427307719,21.953045396641656,0 78.47433498477203,21.95301418917371,0 78.47284891551868,21.952947349954787,0 78.47117884702651,21.952835462857887,0 78.46987690128363,21.952989724294852,0 78.46876370794544,21.95322974735401,0 78.46831371733617,21.953469306113462,0 78.46804278546868,21.95369521546493,0 78.46792674752515,21.95388946362102,0 78.46791239365848,21.95415589929276,0 78.46807709390539,21.954349957575285,0 78.4682998822205,21.954521407140444,0 78.46885679477526,21.95482815265252,0 78.4704642158444,21.955441388460045,0 78.47157312665632,21.955987061648383,0 78.47173780081766,21.956158563359093,0 78.47193158949277,21.9564654898581,0 78.47206742259216,21.95681767200685,0 78.47216444869748,21.957138165203414,0 78.47211648886997,21.9578516327941,0 78.47195246909521,21.958651007413895,0 78.47169621619734,21.959116315218175,0 78.47150759845324,21.95938282940433,0 78.47053034442705,21.960241356786835,0 78.46892889436292,21.961465995625073,0 78.46723544845493,21.962681585391792,0 78.4662677419806,21.963368506067628,0 78.46617576790428,21.96336858556728,0 78.46607884069425,21.963328019284265,0 78.46590442963182,21.963111306920798,0 78.46581245763963,21.962975885281807,0 78.46566179938849,21.9621361302363,0 78.46554000967568,21.960962152811003,0 78.46562676897324,21.960343432181958,0 78.46592609275089,21.959115095393393,0 78.46592533864836,21.957936549225817,0 78.46565876698968,21.95732252666335,0 78.46502421767016,21.95665008717301,0 78.46400721166401,21.955892015949296,0 78.46331488258149,21.95569820338077,0 78.4621432333396,21.955364745536787,0 78.46121385865847,21.95533355818372,0 78.45992638398559,21.95567290655562,0 78.45821347873208,21.956653737258975,0 78.45644712880387,21.957494452167786,0 78.45590504793815,21.957716005162627,0 78.45476737847846,21.957522388073137,0 78.4542250157598,21.95718849093143,0 78.45341624993927,21.95634898682903,0 78.45197258424051,21.954245457027135,0 78.45131399435228,21.95374457416165,0 78.45059746858746,21.953437784105255,0 78.44936296817802,21.953158445277438,0 78.44807546174384,21.953298951795297,0 78.44744622588773,21.953439217141113,0 78.44711718598336,21.953719354197087,0 78.44675459469445,21.954500736546752,0 78.44657605250798,21.95553936138801,0 78.44630587829623,21.95735920859419,0 78.44606901312864,21.958005093703793,0 78.44573541633136,21.958786404623527,0 78.4449903573997,21.959739484634294,0 78.44426949459378,21.960439759635474,0 78.44351937504057,21.960859984012956,0 78.44285629470068,21.961113106160216,0 78.44231889864783,21.961027574241836,0 78.44156836352434,21.96060790142995,0 78.4410888689716,21.96007531268429,0 78.44102174678444,21.959957254769666,0 78.44078853056142,21.959547057522325,0 78.44063820063958,21.958901418050903,0 78.44078772956861,21.957867285113398,0 78.44075832244567,21.95696873922349,0 78.44045774076237,21.956128977706264,0 78.43991533654584,21.955569225922574,0 78.43949414430442,21.95528945749131,0 78.43832251616296,21.954951211945755,0 78.43667661945236,21.954590653073407,0 78.43610044329995,21.954333480239665,0 78.43571310873224,21.95400397533123,0 78.4347829523495,21.952265794766895,0 78.43397404978064,21.950920453463297,0 78.43352364930655,21.950419442385805,0 78.43274420973495,21.950081077047503,0 78.431751827665,21.949801436017268,0 78.43157762321064,21.949796958414947,0 78.43092919596467,21.949777194102136,0 78.43015936028573,21.949914874229034,0 78.4286301033641,21.950642385757185,0 78.42612821383688,21.952241699992307,0 78.42514092371445,21.952887740661136,0 78.42412005674962,21.95420199790289,0 78.42387816804123,21.95464914808517,0 78.42402846747356,21.95538059498065,0 78.42412053405127,21.955660564923516,0 78.42469196575507,21.956188735220373,0 78.42585875270045,21.956888248376544,0 78.42640110036061,21.95730803949813,0 78.42663852450944,21.958066534797155,0 78.42685181365368,21.958739355166614,0 78.42678618327696,21.95889332017595,0 78.42667281491094,21.95915927343834,0 78.42622280605721,21.959606470488307,0 78.42558882215718,21.95994082608064,0 78.42490143405163,21.959913962897424,0 78.42457220314701,21.959801172300644,0 78.42289202509217,21.95834772309669,0 78.42223828786048,21.957869223564483,0 78.42150719411552,21.957341124811897,0 78.41964796037587,21.95599604806526,0 78.4188007004219,21.95528280113584,0 78.41775010214575,21.954723172508494,0 78.41642736087485,21.95421860739126,0 78.41607024004158,21.954082379030943,0 78.4149905705748,21.953463974070388,0 78.41432735815087,21.95299003604668,0 78.41369783958909,21.952177420972,0 78.41291822006987,21.951170562843945,0 78.41264706190037,21.95052491647592,0 78.41252582232023,21.94985212495369,0 78.41225911398055,21.94808662453143,0 78.41223000532189,21.94757184152771,0 78.41271346463792,21.945751999043882,0 78.41280056125963,21.94530489953775,0 78.41274220941749,21.944605062675073,0 78.41252907741166,21.943706517978594,0 78.41200853311358,21.94249131567134,0 78.41195272043518,21.942361020450463,0 78.41118758750515,21.940920655732832,0 78.41020943008259,21.93911472006398,0 78.40972999341919,21.937949735931813,0 78.40914410308024,21.936997096702473,0 78.40877619502349,21.93673529473922,0 78.40847127385528,21.936608918200793,0 78.40794414938362,21.93659083099418,0 78.4076484488704,21.936663302109483,0 78.40701456147949,21.936970421471262,0 78.40620132647074,21.93757471594136,0 78.40514177002593,21.938316424651585,0 78.40444973127278,21.938722980068153,0 78.40350596009503,21.93911600940833,0 78.40247031279378,21.93943681406456,0 78.40121676416035,21.93971240945064,0 78.4005053302631,21.939870571179735,0 78.39798375699543,21.94022319512271,0 78.39660426109883,21.94025044396844,0 78.3957621039386,21.940083542256755,0 78.39548136179953,21.93995711993402,0 78.39536028547317,21.939812601983295,0 78.39485201381804,21.93926630810106,0 78.39468740304576,21.93898638002817,0 78.394508317672,21.938300074806637,0 78.39446946971067,21.93793431004924,0 78.39443069756966,21.93758658802665,0 78.39447420671141,21.936859569228854,0 78.3945951592006,21.936520909555412,0 78.39483707712675,21.936141558923165,0 78.39537419658616,21.935567987446795,0 78.39666627419791,21.9344931097273,0 78.39710183772388,21.93405054736822,0 78.39779383561256,21.933282817618817,0 78.39795832607729,21.9330299493253,0 78.39816635433155,21.932402249778917,0 78.39851464912664,21.931322962766494,0 78.39860163438489,21.930523685031396,0 78.39849978788679,21.92964315086526,0 78.39826249075715,21.928600091958405,0 78.39802046561182,21.92798603130453,0 78.39763309813695,21.92692039263334,0 78.3962824351007,21.924554437559312,0 78.39583233297874,21.92408038397312,0 78.39523217613828,21.923687580113576,0 78.3940318714005,21.923209139035137,0 78.39280268196279,21.922987937936217,0 78.39192185177495,21.922911274193552,0 78.3902425347284,21.923083103143192,0 78.38925045964511,21.923277339622143,0 78.3887423478852,21.923643161647473,0 78.38826328783358,21.924343066615943,0 78.38748428875232,21.925463019310442,0 78.38715372521347,21.926185666775627,0 78.38679230643078,21.926975758713585,0 78.38646338209018,21.92814985256076,0 78.38652151917181,21.92893557580573,0 78.38661347240695,21.929409700189826,0 78.38703455699944,21.930028269349823,0 78.3878767063178,21.93062426881705,0 78.38859304668117,21.93123834469073,0 78.3892852280576,21.93199686428093,0 78.38979347082996,21.93263807982401,0 78.39001131091354,21.933089611190198,0 78.39014217746175,21.934069417489365,0 78.39014217363642,21.934521020635298,0 78.39001153387846,21.934828092027747,0 78.38979864733766,21.93518031245734,0 78.38961959554005,21.935388004440608,0 78.38896136560726,21.93590733469155,0 78.38829838120066,21.936435725426854,0 78.38811929677753,21.936702144522865,0 78.38786766448673,21.937099606070092,0 78.38771773303267,21.937587258882576,0 78.38734024595944,21.938246551946786,0 78.38708377183234,21.93849944066882,0 78.38639648423998,21.938779485517674,0 78.38318762205635,21.939393770343937,0 78.38294561708955,21.939520236766928,0 78.38311022040259,21.94003951214023,0 78.38315862089742,21.940251748532013,0 78.38316040440678,21.940259960129566,0 78.38323117667174,21.940585935351326,0 78.38325458918574,21.940622270762372,0 78.38432515565898,21.942283655885777,0 78.38483829943334,21.9433222390959,0 78.38503194974898,21.943895673564214,0 78.38512399598126,21.94452334583555,0 78.38527401074305,21.94504264808094,0 78.38560329552988,21.94575607074311,0 78.38627609127184,21.94648301146892,0 78.38698288043526,21.947142193890993,0 78.38734106795617,21.94768857167438,0 78.38768480990562,21.948487844329065,0 78.38769936427013,21.948709107892014,0 78.38764795902344,21.94919155593963,0 78.38761227768211,21.949526428301883,0 78.38761228386562,21.94955238674314,0 78.38761230596808,21.94965281551761,0 78.38750590716006,21.95041147675755,0 78.38717687090023,21.952145446321882,0 78.38671778635334,21.95380741516609,0 78.38645588441189,21.95475552552755,0 78.38551222891564,21.958146682287627,0 78.38499230488712,21.96025556893685,0 78.38491215368734,21.9605806698676,0 78.38490801351594,21.960615881318176,0 78.3848686256835,21.960950899488427,0 78.3846411613343,21.961858590535588,0 78.38453959004536,21.962784289587418,0 78.3846413077464,21.963637691700136,0 78.38489965616328,21.964480893467936,0 78.38491247422724,21.96452272994141,0 78.38498117099854,21.964843071624983,0 78.38514003396023,21.965583859773762,0 78.38564843129983,21.966301780398684,0 78.38623423945072,21.966920372425655,0 78.38747843242236,21.96795433714507,0 78.3877350122429,21.968107857007475,0 78.38894134964755,21.968625029192257,0 78.38917774897526,21.968726374557505,0 78.3892171843898,21.968880799672803,0 78.38951676323705,21.970053891403303,0 78.38955964504413,21.97032948435762,0 78.3896087991033,21.97064539114418,0 78.38956519821477,21.970966007065655,0 78.38917314231767,21.971792421385743,0 78.38872305264039,21.97250591165387,0 78.38861652282742,21.972871698234076,0 78.38865049600123,21.973336743907893,0 78.38892403544774,21.974284585302716,0 78.3890286286898,21.974647008049487,0 78.38923168788006,21.975350617090356,0 78.38960930743693,21.976082137951856,0 78.39086229154925,21.978410806341493,0 78.39105025544441,21.97876012907591,0 78.39106160629905,21.97877423731981,0 78.39130415593537,21.979075717087184,0 78.39190936828764,21.97971235484877,0 78.39202558179694,21.979789167833097,0 78.39319246356884,21.98044374339206,0 78.3946547141038,21.981247353191993,0 78.39625734417389,21.982041852447573,0 78.39811656887574,21.98279118694417,0 78.39894643042705,21.983228484084226,0 78.39911883768737,21.983319332415565,0 78.39920119200129,21.983563869733516,0 78.39954147128715,21.984574262043196,0 78.39958873262763,21.98471459229144,0 78.39974368951609,21.984795859276343,0 78.39976242285141,21.984805565824406,0 78.39991798024428,21.98488616793059,0 78.40072176786707,21.98518851119496,0 78.40075144464065,21.985199311995363,0 78.40092026457204,21.985260756517523,0 78.40092291111046,21.98543209604813,0 78.40093986725687,21.986529644590526,0 78.40094967795832,21.987256602765527,0 78.40097431960827,21.989360839363506,0 78.40095021619628,21.990254885245417,0 78.4009508190499,21.990284993781053,0 78.40095805228431,21.990646380919816,0 78.40095997769181,21.990742597314856,0 78.40096993412956,21.991830869281284,0 78.40097968888007,21.992603026637628,0 78.40099452508906,21.994296329109773,0 78.4009946421479,21.99448145054116,0 78.40099946492957,21.994571806393687,0 78.40100912694486,21.99466202936401,0 78.40049108174271,21.994802176717446,0 78.39960508645653,21.994955823788402,0 78.3991644953945,21.995041646509808,0 78.39846724369238,21.99502367317564,0 78.39778938728693,21.994928944227038,0 78.39736810099443,21.99492908014571,0 78.39734389419273,21.99518187964656,0 78.39737303858281,21.995317415525655,0 78.39754741296024,21.99601721727868,0 78.39782842136695,21.996852548276852,0 78.39825469515415,21.99834714485763,0 78.39856962572304,21.999453381834588,0 78.39887989479934,22.00060366183143,0 78.39888170908188,22.000610387132827,0 78.39889281951015,22.000651576245033,0 78.39975649806854,22.002536786999137,0 78.40094323854555,22.004889182269046,0 78.40078836406204,22.005180460464388,0 78.39838243291234,22.009039311372916,0 78.39672914969483,22.011681146670327,0 78.39613562123245,22.012532692119276,0 78.39634915184372,22.01276713468945,0 78.39634922941731,22.01313296073416,0 78.39617496436485,22.0134986862637,0 78.39585056362334,22.013887027897834,0 78.39560850166146,22.014153534638666,0 78.39529436575219,22.014427991237994,0 78.39458720980873,22.01501143064669,0 78.39387589059879,22.01559630294488,0 78.39355319558078,22.015722344312348,0 78.39344497562995,22.015764515150344,0 78.39276247919386,22.015615322599302,0 78.39158285768019,22.015204119672177,0 78.39106920336022,22.015210994391996,0 78.39061939547702,22.015408619370163,0 78.39020559332748,22.01580040011814,0 78.38944358698569,22.016306954948718,0 78.38912465346884,22.016409700591016,0 78.3886396274374,22.016456368063682,0 78.387802580302,22.01638943309777,0 78.3870455851519,22.016378888821073,0 78.38667647801385,22.016471219078696,0 78.38636755854591,22.016728343712245,0 78.38612393786828,22.017165128319085,0 78.38604573608632,22.01760491319093,0 78.38609736154498,22.018143588520545,0 78.38627109755625,22.01897854804473,0 78.38623046338562,22.01926939250236,0 78.38602579993109,22.019443702737274,0 78.3858077454287,22.01952283300527,0 78.38552168629889,22.019534589186364,0 78.38515107564761,22.019533098603457,0 78.38439945095973,22.01962257032756,0 78.38415459046739,22.019728565733864,0 78.38383038667806,22.020043531094327,0 78.38353006547906,22.020353814456907,0 78.38333769062572,22.020604774523616,0 78.38302471216805,22.021222016175038,0 78.38274566187138,22.021708015214656,0 78.38259835099876,22.02179086690595,0 78.38236564472967,22.02182490385624,0 78.38180954969117,22.021728852336846,0 78.38111267484742,22.021563408822026,0 78.38025232634678,22.021427792680488,0 78.37967535887495,22.021449625241907,0 78.37898758300064,22.02160851670587,0 78.37858346358222,22.02185473126758,0 78.37841070299469,22.022124408869917,0 78.37834707879257,22.022345888917126,0 78.37835696394754,22.022617525684417,0 78.37839359003112,22.023189368843497,0 78.37846493385956,22.023629521724153,0 78.37860774898797,22.02417781930421,0 78.37861128900683,22.02483048594445,0 78.3786114035688,22.02521779221813,0 78.37839586476808,22.0255226685303,0 78.37748054920371,22.02613679803145,0 78.37718752433,22.02649570614354,0 78.37709066254436,22.026847974616633,0 78.37711973427943,22.027060199037667,0 78.37733533898684,22.02735819534677,0 78.37762826314354,22.027735268799614,0 78.37775418864254,22.02791585181846,0 78.37780265968794,22.028060347299608,0 78.37777362529462,22.02820483922313,0 78.37768397713423,22.028308727816345,0 78.37754355023795,22.02839900033364,0 78.37633769687982,22.02872868267799,0 78.37474672610094,22.028886767498676,0 78.37369337702133,22.028963443323374,0 78.37364652589784,22.02896715518298,0 78.37343661491451,22.028983786336266,0 78.37252852770774,22.02917791529435,0 78.37227918222929,22.029308895669494,0 78.3720200776293,22.0295979212914,0 78.37190864265195,22.029929778101057,0 78.37188930449368,22.030342991841692,0 78.37199333737466,22.03068839994819,0 78.37285788793578,22.031571224348376,0 78.37369570104414,22.03251718293522,0 78.3737950140677,22.032630099173982,0 78.37469824853311,22.033476692064877,0 78.37506391949033,22.033959865524885,0 78.37541027000967,22.034456638696977,0 78.37567658137449,22.034671044401538,0 78.3762166830011,22.034822386702494,0 78.37665011220592,22.035000659752317,0 78.37683657814284,22.035140652939052,0 78.37693103837096,22.0353190590519,0 78.37696740673225,22.035540291097362,0 78.376902025514,22.03572544947747,0 78.37626270924228,22.036251495408845,0 78.37573958167256,22.036723368796338,0 78.37561371944733,22.036840768624582,0 78.37550954001512,22.036881442604468,0 78.37542482125846,22.03688145241674,0 78.37529398503357,22.036834018354515,0 78.37517539125291,22.036666951436665,0 78.3750348591582,22.03613409482137,0 78.37489929199243,22.03592643219684,0 78.37478550635487,22.03583379800393,0 78.37459176086534,22.035795444576745,0 78.37407835387894,22.035840554451237,0 78.37388222610086,22.035811287914502,0 78.37371753191636,22.035707426726248,0 78.37369572447986,22.035698354768236,0 78.37368133325458,22.035692550481546,0 78.37308550517346,22.03545225865437,0 78.37288205957684,22.035431934331662,0 78.37279489045399,22.035454470642993,0 78.37272222289143,22.03548609146737,0 78.37258664179863,22.035630632314763,0 78.37218456040488,22.036118250445192,0 78.37194241551569,22.03631245807984,0 78.37179466336009,22.036339496204764,0 78.37160828405631,22.036328282458634,0 78.37105855489958,22.036260498665598,0 78.37064203946012,22.036199579572802,0 78.37039495323867,22.036210816476512,0 78.36993725424313,22.03635759030327,0 78.3698113211688,22.03636884336872,0 78.36962493611196,22.036278551913878,0 78.36935850636061,22.036066251298802,0 78.36923021141213,22.036021140767897,0 78.3690848264051,22.03603245947214,0 78.36864899974117,22.03611143592177,0 78.36821547876855,22.03611596264506,0 78.36783286011688,22.03603689876986,0 78.36756650319116,22.035811062772595,0 78.36745515495639,22.035625933208184,0 78.36743088752871,22.03514734905596,0 78.36725655171232,22.034842510066404,0 78.36711127090553,22.034702488804243,0 78.36685218676377,22.03456703792139,0 78.36657128800823,22.034510610061066,0 78.36595857431666,22.03444286327816,0 78.36540407508143,22.034386330031257,0 78.3651376760544,22.034291485341054,0 78.36499964788842,22.034171884648323,0 78.364880980077,22.033900877090076,0 78.36475269288016,22.033363540871687,0 78.3644427330423,22.032842005966472,0 78.3641763756749,22.032672686779577,0 78.36390762530783,22.032568793122874,0 78.36374537183225,22.032523586445265,0 78.36354193243139,22.032519083009436,0 78.36338697495827,22.032546126864315,0 78.36325860480018,22.032586806488496,0 78.36314720485723,22.032668081901114,0 78.36303829345464,22.032882497341873,0 78.36276449532845,22.03365915300216,0 78.36260230274009,22.033799162018877,0 78.36242062647348,22.033814960871403,0 78.36176922468802,22.03364330718965,0 78.36129944417694,22.033492030389496,0 78.36122193653094,22.03352359318641,0 78.3611735859778,22.033631971612735,0 78.36097243494679,22.034480846895505,0 78.36072299852114,22.034672748146757,0 78.36050260238801,22.034729182109178,0 78.35978829073117,22.034803639378396,0 78.35896487200552,22.034751620750104,0 78.3584391069253,22.034859714162515,0 78.35828439903939,22.034891521253357,0 78.35746828514304,22.035203010582812,0 78.3565649678447,22.03539709674602,0 78.35633736136919,22.035516688063606,0 78.3561459730361,22.03570866098501,0 78.35599580248797,22.03595244881228,0 78.3559498005219,22.036227840065692,0 78.35596423066046,22.037063221860084,0 78.35589627331446,22.037593830052014,0 78.3557751695308,22.037952819843817,0 78.35572671533428,22.03801369432496,0 78.35503654278962,22.038232643439255,0 78.35487423892923,22.038325235000354,0 78.35479670918575,22.038492301401842,0 78.35477251490045,22.03865028265631,0 78.35480635644095,22.039117651560296,0 78.35523474066308,22.040944196893363,0 78.35537511779312,22.041885710255244,0 78.35530239525906,22.04214985673484,0 78.35503115335835,22.042456858446798,0 78.35435537984948,22.04291963514985,0 78.353977534626,22.043183774086174,0 78.35386855615243,22.04337793039521,0 78.35386849795097,22.043445683434534,0 78.35395323211387,22.043547223825712,0 78.35422450471084,22.043782066697805,0 78.35455619064761,22.044168263409684,0 78.3548128553598,22.044836532745514,0 78.35490486709091,22.045051012753987,0 78.35512029688458,22.045242992793025,0 78.35544243162003,22.045351349750117,0 78.35568705309805,22.04536496519648,0 78.35596312052355,22.045303988289326,0 78.35610841863695,22.045229529222777,0 78.35620286283533,22.045107661601627,0 78.35635549971815,22.04479384415412,0 78.35648632763021,22.044565770094287,0 78.35664131625607,22.04443489300582,0 78.35680599590552,22.044373900966022,0 78.35701187939416,22.04437392915505,0 78.35720314837985,22.044468801200484,0 78.35780135956588,22.04502874262672,0 78.35849386410958,22.045692625810467,0 78.35894668958355,22.046342948932647,0 78.35920329438136,22.046923203665553,0 78.35921789706723,22.047121835670684,0 78.35915247161624,22.047347584617242,0 78.35908216444656,22.047458210253964,0 78.35894167508417,22.047519191401307,0 78.35874556240701,22.047519179950136,0 78.35834110661362,22.047399441482174,0 78.35745954667394,22.047268443460396,0 78.35719314037087,22.0472909569536,0 78.35704301563015,22.04735643437539,0 78.35690493728607,22.0474851015742,0 78.35681527168279,22.047690609997996,0 78.35682494704179,22.04794341040368,0 78.3569241838624,22.048417566495687,0 78.3568005897702,22.048832963829824,0 78.35662859429486,22.04919416459601,0 78.35621925864733,22.04967733800081,0 78.35587286412347,22.050275621260855,0 78.35580258042744,22.050431353095114,0 78.35582919270826,22.0508377968053,0 78.3558630597269,22.0510748422284,0 78.35589932631463,22.05130961330054,0 78.35575400366488,22.051519579093217,0 78.35543184310275,22.051885313886697,0 78.35538099704722,22.052097504136682,0 78.35536158316143,22.05218106451232,0 78.35517271322566,22.05228036432087,0 78.35504429258113,22.05232324636652,0 78.35480448220768,22.052334537399172,0 78.35460588052561,22.052327680514402,0 78.35403432541726,22.05225536273893,0 78.35365173898391,22.052131154901083,0 78.35337073829612,22.052056659275333,0 78.35293487468678,22.05184211388076,0 78.35278466257046,22.051787912957227,0 78.35248683237677,22.051740480757367,0 78.35222287243971,22.051740365679777,0 78.35174325225515,22.051778679926045,0 78.35153736662038,22.051848700006666,0 78.35137512636427,22.051981885887077,0 78.35103112802175,22.05236339193299,0 78.35093913192243,22.052415321161124,0 78.35088098119867,22.052422051115897,0 78.35081319668718,22.05240170358117,0 78.3507357087669,22.052336234852458,0 78.3506921096638,22.05221433566142,0 78.35058078199523,22.051611438754072,0 78.35053237158203,22.051503112214714,0 78.35045489888566,22.051428622065675,0 78.35014491660556,22.0512795132871,0 78.3499294033687,22.051243376931403,0 78.3496193716262,22.051216242224445,0 78.34921245901151,22.051087430865323,0 78.34898964028952,22.05103547091931,0 78.34886621544469,22.05104222437092,0 78.3484980556441,22.051114425747166,0 78.34838900626214,22.051116733110426,0 78.34779333134391,22.05092924068598,0 78.34767219390267,22.050911163118634,0 78.34704974114145,22.051125479085666,0 78.34680998723552,22.05114808088643,0 78.346608906726,22.05110289116385,0 78.34580975114653,22.050637639986864,0 78.34553368114146,22.05057211313295,0 78.34538597824432,22.050585594197216,0 78.34524063914765,22.05066234329563,0 78.34529871287286,22.05099880128638,0 78.34531313561268,22.05124935363855,0 78.3452476720859,22.05203277637775,0 78.34528137284381,22.052610801132495,0 78.34545326309048,22.05299011561023,0 78.34590848040747,22.053588495042888,0 78.34632486896122,22.05443978803823,0 78.34667107198278,22.055202951323132,0 78.3467267790134,22.055421920140013,0 78.34672669704528,22.055546103626604,0 78.346666184648,22.055607028024614,0 78.34640218084878,22.05568828076595,0 78.34622052727488,22.055715383786268,0 78.34604852795559,22.055697299789145,0 78.3456392508888,22.05554368973108,0 78.3455206369302,22.055521035268736,0 78.34544304239115,22.055534638617534,0 78.34539953174183,22.05557070941828,0 78.3453679806363,22.055629463927808,0 78.34536794802396,22.055679082652354,0 78.34540912234935,22.055742316501814,0 78.34585712376683,22.05606748398464,0 78.34623010081293,22.056406190913346,0 78.34635839521043,22.056577808025004,0 78.34644313169399,22.056828484873794,0 78.34652778847845,22.05720325417326,0 78.34663438994956,22.057325198774848,0 78.34671426516822,22.05736584073581,0 78.34676752323321,22.057363569569457,0 78.34680632236261,22.057325237462805,0 78.34683300907724,22.057221413091785,0 78.3468790534713,22.05693690856279,0 78.34693722863778,22.05682633937098,0 78.3470171007723,22.056749516762643,0 78.34716001788723,22.05667734199069,0 78.34731264985528,22.05667284241147,0 78.34755240905275,22.056713482165378,0 78.347840559227,22.056903230733095,0 78.34796413307838,22.05704993885086,0 78.34799550909288,22.057217089118083,0 78.34803666822273,22.057682150296454,0 78.34801480476582,22.05782662524085,0 78.34806562607068,22.057939582052168,0 78.34815524378448,22.058061524082206,0 78.3481818692809,22.058205975756344,0 78.34816009368765,22.05831206434342,0 78.34807281022728,22.0584520491195,0 78.34804619568197,22.05854234322892,0 78.34804372102111,22.05862139233747,0 78.34813813560608,22.058935234454324,0 78.34816716767017,22.059147466686696,0 78.3481526164392,22.05922877821132,0 78.34812109693152,22.059253565038976,0 78.34803392247146,22.059267065980407,0 78.34789830459624,22.059237690630923,0 78.34766341589574,22.059099983662406,0 78.34758345478743,22.05906606134045,0 78.34754231563147,22.059070583512884,0 78.34738968351792,22.059208289440196,0 78.34728306581228,22.0592444072627,0 78.34714263422053,22.059244344490295,0 78.3470166612886,22.05926469297947,0 78.34695847693256,22.059305298678915,0 78.34691971646956,22.05936397476644,0 78.34680102362022,22.059716176611,0 78.34672342473331,22.05992613817486,0 78.34670405225039,22.059950966454394,0 78.34665323388734,22.05995547364765,0 78.34658052366797,22.059926140852355,0 78.3463432854276,22.059716142027227,0 78.3462124398231,22.059652848665007,0 78.34607443514084,22.05963255911337,0 78.34599935178693,22.059634775319918,0 78.34585396493492,22.059675346854473,0 78.34572081180255,22.059677664747362,0 78.3454035417142,22.05961205394504,0 78.345112911505,22.059501442551117,0 78.34485618102491,22.05942010837878,0 78.34475928839694,22.059413247746726,0 78.34463087233297,22.05944709974886,0 78.34455340111654,22.05948997881111,0 78.3444201190898,22.059643543287418,0 78.34434747998287,22.059749625690177,0 78.34435232514511,22.059819642352558,0 78.34442254505261,22.05992121393961,0 78.34456054563529,22.059973172271015,0 78.3446501784989,22.060070261519037,0 78.34470585138189,22.060189900777516,0 78.34476873450018,22.06057603228654,0 78.34491643714188,22.060955359026963,0 78.34508825172459,22.06147469284701,0 78.34522379471228,22.061863000769836,0 78.34522618756827,22.06190822749331,0 78.34515110424924,22.062043649576434,0 78.34501302497158,22.06233488022875,0 78.34497174030776,22.06251550464878,0 78.34499343554378,22.063113746139937,0 78.34505868655772,22.063829469182174,0 78.34504897493179,22.064161412729067,0 78.34500289414089,22.06433066187223,0 78.34485750376635,22.064621904720855,0 78.34463705419635,22.06491315395611,0 78.34434147939648,22.06517043973175,0 78.34403618655861,22.065509089322315,0 78.3439004688494,22.065698714179703,0 78.34385931805878,22.065915427099917,0 78.34380357059557,22.066075732703457,0 78.34371385149237,22.066220200565386,0 78.34327297828813,22.066603944556523,0 78.3431518429566,22.066827421354972,0 78.3431445138394,22.066883863674825,0 78.34326309485236,22.067669584898873,0 78.34333321392339,22.068069237896978,0 78.34375458882491,22.068245356977677,0 78.34428751216824,22.068394526616945,0 78.34461927347861,22.068518754386556,0 78.34491236991774,22.068568452569586,0 78.3451110327036,22.06862724251843,0 78.34537254765623,22.06875364533117,0 78.34581089017422,22.069017951371215,0 78.3462928398316,22.069372489285357,0 78.3464842370979,22.06945154243474,0 78.34682081647355,22.06972697676294,0 78.34695160401527,22.06993700819694,0 78.3467820243632,22.07028239547248,0 78.34663173031383,22.07062559918358,0 78.34660498889853,22.071165132051565,0 78.34660727845838,22.07176795025843,0 78.3464958131315,22.07225113852532,0 78.34762900718164,22.072415812326078,0 78.3477770278998,22.073066413237033,0 78.34768969680721,22.073680495807118,0 78.34729718654866,22.074136493825073,0 78.34592590156154,22.075328283997308,0 78.34490337776923,22.076736994254933,0 78.34445267116315,22.0777574001082,0 78.34399215508299,22.078999097422095,0 78.3435509710945,22.08016395333603,0 78.343255276314,22.081148311660918,0 78.34309996957802,22.08220039777068,0 78.34289145835031,22.082936326422114,0 78.3424843193617,22.0838123083625,0 78.34202865035924,22.084792058174326,0 78.34168446707913,22.085640835015205,0 78.34132099672735,22.086092353113543,0 78.34018214486115,22.087026860278076,0 78.3393195697751,22.087983909919917,0 78.33898993576184,22.088453469767995,0 78.33829679256482,22.08950084310019,0 78.33792352852228,22.09026395573329,0 78.33772958361547,22.09080570533808,0 78.33774409579368,22.09104052222619,0 78.33803953174183,22.091510229482434,0 78.33880005219535,22.092314154131373,0 78.33946367163516,22.093063802460104,0 78.340044871669,22.093809044908127,0 78.34040324104228,22.094748293051293,0 78.34064039259128,22.095579238317374,0 78.34095027454268,22.096572635885064,0 78.34097437378836,22.09736285593399,0 78.34078532594884,22.097696980762002,0 78.33994193085144,22.098577288526137,0 78.33981593903972,22.09886174819396,0 78.33978200206552,22.09903785218848,0 78.3398643061522,22.09923207832055,0 78.34002896972719,22.099326957755483,0 78.34040695240579,22.09945796311896,0 78.34080425186116,22.099616060418565,0 78.34129347804,22.100004483180697,0 78.34211709912091,22.100659398717017,0 78.34320712926466,22.101449792919432,0 78.34408895677224,22.101955739839536,0 78.34459767948776,22.102186117181525,0 78.34532445533291,22.10246168545829,0 78.34587682597406,22.102764341377643,0 78.3464485527701,22.10301279983453,0 78.34683127151652,22.103247591175684,0 78.34781493429414,22.103568393976055,0 78.34884696014468,22.103798857363163,0 78.34954955586312,22.103979596828843,0 78.34966102820906,22.104047371558366,0 78.34964632473661,22.10446276526965,0 78.3495445497422,22.104991085224256,0 78.34925361085148,22.105839915917265,0 78.34887063574587,22.106693264826514,0 78.3484925231458,22.107560198798932,0 78.34809023629529,22.108345763957793,0 78.34761027985074,22.10910884680697,0 78.34729531163795,22.10944740498263,0 78.34691727636073,22.1096866777962,0 78.34618549540535,22.1098129918026,0 78.34533263128179,22.109677358576125,0 78.34442654270548,22.109437940484813,0 78.34271122451916,22.10882343960009,0 78.34130613871434,22.108380698340103,0 78.34007047249442,22.107978560617116,0 78.3384278828807,22.107607937040896,0 78.33667387933984,22.107228245896554,0 78.33550124141988,22.10698409340391,0 78.33459511313832,22.106929745759192,0 78.33379553456693,22.106988234433807,0 78.33254042776754,22.107100798912217,0 78.3319686345395,22.107231570071843,0 78.3307620530933,22.107303505160896,0 78.33060692186878,22.107429939264403,0 78.32898386189629,22.106458651002086,0 78.32606730085162,22.104832211079433,0 78.32289881652014,22.103250885086126,0 78.3216585763078,22.102573104380316,0 78.31652339264605,22.09996148516032,0 78.31536530840309,22.099884332414,0 78.31309760616016,22.09998729282038,0 78.30663086473575,22.09581250829185,0 78.3047708447054,22.09464213086874,0 78.30277036548898,22.09335894715133,0 78.3020001533729,22.093015390811868,0 78.30050331933317,22.092197388961683,0 78.29931638301453,22.09196660315861,0 78.2942626528979,22.092275802259298,0 78.29328869122047,22.092433281337716,0 78.2907255831096,22.09235075491521,0 78.28998925236633,22.092025287372923,0 78.2892627683861,22.091550792953747,0 78.28852183702006,22.090949826266712,0 78.28735931063748,22.090470571614727,0 78.28608520608832,22.09018539170376,0 78.28033878187694,22.090258979723423,0 78.27774170566515,22.09030712182176,0 78.27685993819317,22.090333716447546,0 78.27627824559333,22.090617809555376,0 78.27516979988566,22.09610339594074,0 78.27552671725763,22.09842008491771,0 78.27553928350295,22.09850697478651,0 78.27569064010332,22.099553546488842,0 78.275219934724,22.100560186773002,0 78.27462389553656,22.10235102815642,0 78.27408849203128,22.10395964529927,0 78.2737407796989,22.10571594594909,0 78.27301841535402,22.10624155272239,0 78.27272757704685,22.106451349795496,0 78.27258075128861,22.108368103579206,0 78.27265923738489,22.110490423742732,0 78.27268785485401,22.111063822387738,0 78.27261677172588,22.112224252737587,0 78.27222602722266,22.11307290812249,0 78.2717041590083,22.114373091836274,0 78.27161113231779,22.11578864723083,0 78.27352715676808,22.116487447231236,0 78.27404306281751,22.116857984853016,0 78.27435312401461,22.116991419161522,0 78.2757362114866,22.117595087782345,0 78.27667183613048,22.120600648726676,0 78.27706341160936,22.122097773065825,0 78.27785939847165,22.123859295962244,0 78.278130323509,22.124552556510796,0 78.27822892946094,22.125600220280045,0 78.27807539501066,22.126925430167542,0 78.27779157715567,22.127342915184915,0 78.27738178767784,22.127812268130253,0 78.2770931040781,22.128171053795768,0 78.27694754238686,22.12854122818385,0 78.27697622905791,22.129035735177,0 78.27710921055066,22.12954155713846,0 78.27748177138281,22.130381617614695,0 78.27764869586392,22.13078582304306,0 78.27743752354075,22.131246298918228,0 78.2772432782799,22.131817347879423,0 78.27709970262724,22.132758781452097,0 78.27707244839556,22.13364602770917,0 78.27565972790295,22.133554901346294,0 78.27487940789044,22.133486716914085,0 78.27168320420081,22.133283787206228,0 78.26948051431089,22.133115266781108,0 78.26816237138766,22.132956382076426,0 78.26612921628077,22.133000203800158,0 78.2642579036828,22.133024865398692,0 78.2664795085219,22.135085665593213,0 78.26709335086615,22.13759043634721,0 78.26687757528038,22.139483863740164,0 78.26652860408387,22.14143007662767,0 78.26655665641233,22.142516591791765,0 78.26670947504047,22.14614806187595,0 78.26661307976673,22.1466845395884,0 78.26644808043126,22.147041134977798,0 78.26610850358809,22.147334417584997,0 78.2657368251924,22.14755406604936,0 78.26569635453669,22.147577982305,0 78.26478473322315,22.148046984317226,0 78.26359652540916,22.148849935578472,0 78.26285923026302,22.149549331662424,0 78.2625874839586,22.149928449827428,0 78.26249511422952,22.15019482808207,0 78.26247551713911,22.150488278709172,0 78.26266417699591,22.15104833736769,0 78.2630804118109,22.151834258337004,0 78.26377727706267,22.153288728580673,0 78.26467744086771,22.155050342847915,0 78.26518582173533,22.155917686223003,0 78.26558763370384,22.1565184843174,0 78.26670605841802,22.158347954298385,0 78.26760652928006,22.159852245737998,0 78.26785327086351,22.16052970003776,0 78.26780926629029,22.160936017684175,0 78.26766848934335,22.16121593033854,0 78.26735803836675,22.161464072508817,0 78.2666307866061,22.161698417930513,0 78.2656708066929,22.161833242492406,0 78.26496304118871,22.161819144057482,0 78.26406643667298,22.161660547966967,0 78.26289828127494,22.16150619386897,0 78.26254928178122,22.16149242864395,0 78.26210799531444,22.161641103427772,0 78.26166656753557,22.161979515737478,0 78.26076419866116,22.162823203990094,0 78.25954662716782,22.16386091850113,0 78.25914384064608,22.164429554870885,0 78.25888631927572,22.16515636739306,0 78.25885682196851,22.16564404941369,0 78.25891936314517,22.166271712205614,0 78.258982058815,22.166619507237016,0 78.25915613898812,22.167184010222826,0 78.25952869341404,22.168001572708942,0 78.2600460859435,22.169681674815994,0 78.26023432654203,22.170751945449947,0 78.26037905123547,22.171555839866915,0 78.26065056056783,22.17330036136686,0 78.26065877916524,22.17335316656001,0 78.26088028443509,22.17524078232398,0 78.26104930681092,22.1761213688714,0 78.26119435497766,22.17661814782346,0 78.26140236746494,22.177115005066764,0 78.26162033255343,22.177368011455144,0 78.26192090930066,22.177481110714982,0 78.26242028290366,22.17741374803342,0 78.26321074292918,22.177071052073902,0 78.26338335369495,22.177001307730425,0 78.26508156582139,22.17613986405308,0 78.26565667083277,22.175944026778268,0 78.26619697152657,22.175974905948614,0 78.2666131515339,22.17617222860389,0 78.26670961909892,22.17649425945172,0 78.26667620779959,22.177017232491767,0 78.26635383025096,22.177544301444833,0 78.26564926224553,22.178711310871687,0 78.26398367552521,22.180706541842536,0 78.26336237039479,22.18161368722919,0 78.26306129835089,22.182209559892225,0 78.2629010125874,22.18253454233151,0 78.26282800682097,22.182882161481718,0 78.26290040259734,22.183297643724217,0 78.2630552990637,22.183708640724955,0 78.2632925012855,22.18411514998141,0 78.26394169152283,22.18474779711815,0 78.2644505238026,22.185118386515878,0 78.26497878582595,22.185335452839375,0 78.2658513695908,22.185543757485053,0 78.26674828312936,22.185616635741624,0 78.2680427375092,22.18570777686688,0 78.26877474438899,22.18587984076085,0 78.26915276188986,22.18609683010895,0 78.26920098308318,22.186458082959398,0 78.26906972459687,22.186868931834837,0 78.26847797753283,22.187162010139268,0 78.26770219936425,22.187197690368734,0 78.26592761054019,22.187277714078025,0 78.26432269112011,22.187339869521665,0 78.2632705567832,22.18737981402684,0 78.26221346541871,22.18755521133447,0 78.26161687861456,22.187816722304717,0 78.26135962606337,22.188155136428417,0 78.26132054126309,22.188493755275342,0 78.26148974962774,22.189108009930692,0 78.26197369968114,22.19022366407201,0 78.26223017415339,22.190937244059214,0 78.26260736015409,22.19216573730734,0 78.2628249942212,22.192856683747475,0 78.26290212431229,22.193430201665834,0 78.2628097758108,22.193782387608397,0 78.26247491536624,22.19407563147804,0 78.26195576462354,22.194526763587806,0 78.26174711021328,22.19474789624434,0 78.26165950337908,22.195100045064006,0 78.26170759239298,22.195596817866694,0 78.26183338276476,22.195944604223296,0 78.26222572272691,22.19645508941489,0 78.26248255297853,22.196717104445817,0 78.26302537841673,22.1970696779444,0 78.26388327556819,22.197399901983648,0 78.26431952977855,22.19758083865116,0 78.26497405269542,22.197725794371834,0 78.26553632926299,22.19802868323936,0 78.26578820842676,22.198254638658373,0 78.26588022868573,22.198503067744088,0 78.26586519909483,22.199071938518646,0 78.26569023088963,22.199609148800608,0 78.26539392429541,22.200313351931115,0 78.26507322835245,22.201089821192678,0 78.26475232016139,22.20224098571899,0 78.26448508766336,22.202958778427163,0 78.26410151984368,22.203531985913063,0 78.26353385520521,22.203978610267388,0 78.2627043009319,22.20450637275043,0 78.26205906770959,22.204844571991917,0 78.26153990375947,22.205196460594557,0 78.26130218313384,22.205431069245627,0 78.26120492565123,22.20571995264771,0 78.261238778319,22.205896091186375,0 78.26140818526515,22.20617616115554,0 78.2616842286787,22.206646002417177,0 78.26177134226559,22.20692144495709,0 78.26172745854637,22.207151744796143,0 78.26155753646414,22.207417974000528,0 78.26098990991488,22.20781496843545,0 78.26071804261076,22.20814888983894,0 78.26061593165952,22.208483012324173,0 78.260659357425,22.208794594476746,0 78.26078040524904,22.20903848214148,0 78.26111490588674,22.20915611553298,0 78.2625309125441,22.20913453929618,0 78.26344732543278,22.20920287266249,0 78.26418905940521,22.20945627094365,0 78.26504204978558,22.210111602374365,0 78.2657980829561,22.210712604586508,0 78.26686426548649,22.21151702630064,0 78.26721309445827,22.211928218332535,0 78.26739220344709,22.212321172039363,0 78.26760978092888,22.213260503642154,0 78.26753653202758,22.213933296754707,0 78.26744408133563,22.21433050708829,0 78.2670993949233,22.21484055387341,0 78.26671612525108,22.21507507105389,0 78.26612906518524,22.215422424856303,0 78.26582816930785,22.21571570027914,0 78.2657066269933,22.216054299674987,0 78.26577917715164,22.216370357816796,0 78.26597290733294,22.216682096817852,0 78.26629750567733,22.217057109433014,0 78.26675301026035,22.21754501726783,0 78.26749935899971,22.218209333708135,0 78.26798375395374,22.218846252532767,0 78.26850702998578,22.219519428322833,0 78.26874437012773,22.219944072183928,0 78.26883142442155,22.22025569204793,0 78.26874860005448,22.220725192808622,0 78.26862219178804,22.22111796568477,0 78.26835526284447,22.22142931077058,0 78.26806905920233,22.221582637537814,0 78.26750153059339,22.221654581346215,0 78.26704088024948,22.22157749897491,0 78.26652707120554,22.221243038200665,0 78.2659163967362,22.22076393818365,0 78.26521830551059,22.220420365135517,0 78.26487397406413,22.22041559038184,0 78.2643646660678,22.220519123191945,0 78.26403954443671,22.220871038441715,0 78.26382565976859,22.221417287884577,0 78.26367484928295,22.222076394929402,0 78.26374249330888,22.22237453827449,0 78.26399451311516,22.222623056499106,0 78.2646052396763,22.222993712799582,0 78.26541496099541,22.223301282006346,0 78.26600631831296,22.223604228229004,0 78.26644254734819,22.22403345696649,0 78.26655849767833,22.224530274764874,0 78.26659193011135,22.22522565141443,0 78.26657165935208,22.22634087034178,0 78.26661986339724,22.22677891251156,0 78.26668262591919,22.227162803145976,0 78.26688610906689,22.227411313289,0 78.26718659815812,22.2276598283415,0 78.26789461427998,22.227786695135645,0 78.26909243893026,22.227940979229572,0 78.26958205696567,22.22818520736676,0 78.26998918221878,22.2285963253191,0 78.27019248692416,22.229084104784363,0 78.27034721474948,22.229693774218966,0 78.27051653884604,22.230321562838252,0 78.27071978296156,22.230926723143288,0 78.27085051777637,22.23123387082566,0 78.27109756291185,22.231554590835255,0 78.27150954921571,22.231920649468314,0 78.27192642320051,22.23229118095421,0 78.27251779437941,22.232702462151714,0 78.27335171812265,22.23319061995526,0 78.27334679438535,22.233181541541605,0 78.27356994389875,22.23319973737598,0 78.27377839600898,22.233267664629146,0 78.27456391534764,22.233647364123563,0 78.27509717504259,22.233891520750714,0 78.27527659634723,22.234031661178303,0 78.27548971827602,22.234316267799745,0 78.275576897599,22.234515015789864,0 78.27569797620194,22.23476791517776,0 78.27574144824354,22.235011736602857,0 78.27589628834166,22.235517553982113,0 78.27605599417363,22.23601440447962,0 78.27628866199177,22.23627188896631,0 78.27630110612716,22.23628137885572,0 78.27660863133401,22.236515912405046,0 78.27685095177925,22.236723791570387,0 78.27690906015967,22.236877371973293,0 78.27720468716718,22.237288399591936,0 78.27747112281786,22.237685928383176,0 78.27771837173452,22.237880235958098,0 78.27820806373482,22.23807011979146,0 78.27851844527565,22.238178695539155,0 78.27870266204815,22.238323306571807,0 78.27909030684681,22.2388067266611,0 78.27940528976201,22.23928103305852,0 78.27984641940118,22.239683121699564,0 78.28035552556382,22.23995432841955,0 78.28077255874975,22.24004486914086,0 78.28101014105378,22.24011726025008,0 78.28135937212176,22.240144517863595,0 78.28167952632407,22.24014925714879,0 78.28214994040263,22.240181110138344,0 78.28239731381103,22.24025351813821,0 78.28274158677927,22.240402701754558,0 78.28299855469267,22.24049768121068,0 78.28342040101643,22.240651425921016,0 78.28363387239575,22.240669589098673,0 78.28419164782133,22.24066090570552,0 78.28463781818186,22.240724331072883,0 78.28489971292166,22.240828385387868,0 78.2851663190794,22.24097300071334,0 78.28584509817769,22.241452060026006,0 78.28616504287866,22.24174568647646,0 78.28629097761304,22.24203021071553,0 78.28636347464342,22.242377931899917,0 78.28632437467198,22.242910728610788,0 78.286333889383,22.243181691054332,0 78.28656616073229,22.24399458269589,0 78.28688124018586,22.244441717236064,0 78.28712832926253,22.244771526895608,0 78.2871621700356,22.244974728606977,0 78.28756453720281,22.245394861345677,0 78.28779221320158,22.245787792204933,0 78.28799564752919,22.24625750610674,0 78.28805359455012,22.246826478183085,0 78.2880625890685,22.247842517528877,0 78.28800876964382,22.248700322362787,0 78.28798422951125,22.249201523388084,0 78.28810539536047,22.24935968002928,0 78.28834770353464,22.249617163807297,0 78.28859979858194,22.24980690570544,0 78.28923515366954,22.25003301724239,0 78.29043302615358,22.250345206782868,0 78.29147227330465,22.250545797800516,0 78.29150351452837,22.25056472624648,0 78.29154507694005,22.250582442708403,0 78.29175219531896,22.250684810985195,0 78.29266387092792,22.251231649708014,0 78.29310499486188,22.251724016516143,0 78.29315326597523,22.252080759886383,0 78.29301229079292,22.25253222330536,0 78.29291517312491,22.252866337344006,0 78.29296349470152,22.253150811106593,0 78.29322030690547,22.253625079816416,0 78.29342858872364,22.254157999191325,0 78.29328272849769,22.254627544830523,0 78.29304969699363,22.255115073510183,0 78.2919335251474,22.25590013842445,0 78.29119080432869,22.25685255026786,0 78.2899479925328,22.258427750563342,0 78.28957895939882,22.259050639916804,0 78.28949115526629,22.259867924914488,0 78.28928186221813,22.260983142512472,0 78.2890580950528,22.26199443906364,0 78.28846585514857,22.262689468844115,0 78.28800453077166,22.26344784569735,0 78.28786381149355,22.263551577797667,0 78.28697606400786,22.263447261148357,0 78.28464774405256,22.263224709593736,0 78.28187769349081,22.263281869298964,0 78.27673031948564,22.26379813871677,0 78.27381449409197,22.264198186399206,0 78.26724069984232,22.264934566277848,0 78.26564013338773,22.264468433610038,0 78.26366628976875,22.263807794677167,0 78.26242952747208,22.26347736148745,0 78.26251310024449,22.264809859406153,0 78.26253969391226,22.265233860156453,0 78.26257250313819,22.26669237567276,0 78.26248876763391,22.26820497832995,0 78.26259483722332,22.26903138285687,0 78.26206563015991,22.269554781158167,0 78.26153137007233,22.27029493484126,0 78.26102105326498,22.27145951062218,0 78.26098662084712,22.272064541880525,0 78.26065631689842,22.272588102600995,0 78.26014653740917,22.27308446711464,0 78.25958293899713,22.274095504977893,0 78.25951467111517,22.274528904370197,0 78.25962108134101,22.274903732335336,0 78.26009596535053,22.27559950235567,0 78.26031365760656,22.276340190368,0 78.26011922866421,22.276769011159146,0 78.25965773208678,22.27753172452567,0 78.25939509946059,22.27829920927274,0 78.25890878941436,22.279775334253504,0 78.25836908279591,22.28115215012113,0 78.25800409510937,22.28245234973123,0 78.25748837435947,22.284203873767556,0 78.25702173623063,22.285201476942945,0 78.25728789456653,22.286136346103962,0 78.25778125778997,22.28791568739576,0 78.25786322466978,22.28852988716272,0 78.25793019489953,22.289722000262987,0 78.25783635785888,22.291677064808184,0 78.25791744292768,22.293415482467122,0 78.25801875948824,22.294070323032226,0 78.25840105503103,22.295276193512212,0 78.25894308825366,22.29701503425397,0 78.25948525044356,22.298640909487872,0 78.25971204621352,22.300144669861485,0 78.25959496210073,22.300952870309857,0 78.2591528842324,22.301580199083926,0 78.25786063240797,22.303389927718328,0 78.25660246392994,22.305037081046198,0 78.25616519840499,22.30558316226969,0 78.25533492020614,22.306196620003302,0 78.25498017530012,22.306801374661262,0 78.25429435636737,22.308647617166375,0 78.25361846775306,22.310281757304384,0 78.25329241924179,22.311338063244005,0 78.25298620997017,22.3118480846847,0 78.25192773996214,22.312488448081805,0 78.251073113241,22.313119924982313,0 78.25076701154978,22.31362092113474,0 78.25021277306239,22.314690606408917,0 78.24980943072997,22.31532250289355,0 78.24899352864097,22.31603074098442,0 78.24870439350218,22.316344832577744,0 78.24862457999484,22.316613039251013,0 78.24858087173578,22.316662803124167,0 78.24853726362073,22.316712475156894,0 78.24848880641,22.31676218407573,0 78.2484451982147,22.31681185700431,0 78.24839664100779,22.316861564739728,0 78.24835303275688,22.316911236723122,0 78.24830453674197,22.316956433863247,0 78.24826092718219,22.31700619879514,0 78.24821246876871,22.317055907619682,0 78.24816876144797,22.317105578409148,0 78.24812515301718,22.3171552512521,0 78.2480766954865,22.317204960047444,0 78.24803308476818,22.317254724906952,0 78.24798937731319,22.317304395648435,0 78.24794091967588,22.31735410440319,0 78.2478973110761,22.31740377718523,0 78.24785370023585,22.31745354107629,0 78.24780514355626,22.317503248645632,0 78.24776153485548,22.317552921391442,0 78.24771307703992,22.31760263007802,0 78.24766457957153,22.317647826093108,0 78.24761123519231,22.317692966921996,0 78.24755785091035,22.317733688060446,0 78.24750450547008,22.31777882884174,0 78.24745122006829,22.317819550168423,0 78.2473929482055,22.317855703405183,0 78.24733962410988,22.317891912968395,0 78.24727660424644,22.3179280112056,0 78.24721833105643,22.31796425642929,0 78.24716012038111,22.317995898088977,0 78.24709706080935,22.318027484515774,0 78.24703406128418,22.318054652400384,0 78.24697100043505,22.318086329907505,0 78.24690790191946,22.318113496594894,0 78.24684480363177,22.31814057027159,0 78.24678174367256,22.318172248632898,0 78.24671870442894,22.31819490372981,0 78.24665560605068,22.318221978249,0 78.24659260634064,22.318249145952,0 78.2465246588155,22.318276255413064,0 78.246461560116,22.318303421916426,0 78.24639852075396,22.318326076881142,0 78.24633542200426,22.318353243332457,0 78.24626757330836,22.318380353825077,0 78.24620443591655,22.31840300849575,0 78.24614139769373,22.31842557130165,0 78.24607344873993,22.318452773535295,0 78.24601041146009,22.318475336298555,0 78.24594252280976,22.31849802789317,0 78.24587453742065,22.318520626270306,0 78.24581149785271,22.318543280992504,0 78.24574361135406,22.318565880457395,0 78.24568047403716,22.31858844192654,0 78.24561258527115,22.318611133374294,0 78.24554954783584,22.318633695947007,0 78.24548644777276,22.318660862036296,0 78.24541856116949,22.31868346043589,0 78.2453554610554,22.31871062647112,0 78.24529240047445,22.318742303298606,0 78.24523907566856,22.318778420990782,0 78.24519546433896,22.318828185074434,0 78.24516631815168,22.318891374424478,0 78.24514217916962,22.318950109598124,0 78.2451228289031,22.31901332040166,0 78.24510347861802,22.31907653120427,0 78.24509382536043,22.319139762321917,0 78.24508417309526,22.319202992531405,0 78.24507445943237,22.319270734232614,0 78.2450648061465,22.319333965353092,0 78.24506000200014,22.319397160607163,0 78.24505038725981,22.319464902537906,0 78.2450407349374,22.31952813367298,0 78.24503593077233,22.319591328930958,0 78.245026315993,22.319659071785765,0 78.24501666266764,22.319722301991995,0 78.24500700932062,22.319785533119692,0 78.24499729656408,22.31985327484242,0 78.24499249236617,22.31991647010684,0 78.24498283900552,22.319979700317145,0 78.24497807211071,22.320047499366552,0 78.2449732688858,22.32011069464651,0 78.24496850321374,22.320178401646313,0 78.24496369900234,22.320241595997118,0 78.24495889354144,22.320304883322503,0 78.24495897802926,22.320372554474254,0 78.24495902174856,22.32043580593853,0 78.24495910402698,22.320503568214345,0 78.24495914897894,22.320566727629096,0 78.24496398249114,22.320634453829268,0 78.24496412516338,22.32069770552605,0 78.24496901808457,22.32076092113373,0 78.24497395054719,22.320828648485307,0 78.24497884349033,22.320891863175348,0 78.24498852524198,22.32095955350673,0 78.24499351811247,22.321022770278113,0 78.2450032602713,22.321085950027154,0 78.24501304075754,22.321153732652352,0 78.24501793371935,22.32121694826945,0 78.2450276759044,22.321280128021566,0 78.24503741910054,22.321343306865558,0 78.24505204784516,22.321411054537137,0 78.24506179105047,22.321474234303206,0 78.2450715332881,22.321537413138174,0 78.24508622245943,22.321600650225758,0 78.24509590530828,22.32166834058002,0 78.24511059451837,22.32173157674783,0 78.2451203377757,22.321794756517853,0 78.24513492806045,22.321857992460295,0 78.24514951837166,22.321921227482328,0 78.24516420984538,22.321984372530224,0 78.24517873978802,22.32205211905953,0 78.24519343007049,22.32211535524001,0 78.24521286967786,22.32217855531088,0 78.24522746228405,22.322241698291766,0 78.24524205267029,22.322304934234623,0 78.24526159225792,22.322368135461762,0 78.24528103194795,22.322431334609416,0 78.24529562238114,22.322494570551655,0 78.24531512346333,22.322553260042497,0 78.2453345632067,22.32261645918769,0 78.24535400394582,22.322679659263944,0 78.24537354266627,22.32274285955362,0 78.24539298344294,22.322806059627897,0 78.24541727252613,22.322869223810862,0 78.24544162301018,22.322927876494255,0 78.24546591090723,22.32299113272521,0 78.24549026143568,22.3230497854035,0 78.24551455061089,22.323112949576718,0 78.24554374923991,22.323171658419902,0 78.24557294788282,22.323230368179246,0 78.24560689592741,22.323289039971066,0 78.24563609585677,22.323347657668037,0 78.24567010432807,22.32340181885927,0 78.24570415237781,22.323460492711384,0 78.2457382004703,22.3235191656366,0 78.24577220901594,22.32357332772899,0 78.24580615822794,22.323631999495277,0 78.2458402657713,22.32368616272083,0 78.24587421504299,22.32374483447437,0 78.24591307277241,22.323799052710424,0 78.2459471200569,22.323857725584777,0 78.24598597908174,22.323911851751635,0 78.24601998784395,22.323966012875925,0 78.24605888551653,22.324024650762517,0 78.2460977434176,22.32407886803645,0 78.24613175348868,22.324132938006755,0 78.24617071039266,22.32418715641017,0 78.24620956960746,22.32424128252635,0 78.24624842787723,22.324295407701747,0 78.24628728593696,22.324349624932598,0 78.24632614524806,22.32440375102225,0 78.24636500361413,22.324457876171067,0 78.24640881003651,22.324512059531074,0 78.24644762986966,22.3245616729238,0 78.24649133741988,22.324615855116324,0 78.24653019690646,22.32466998023851,0 78.24657396388733,22.32471965088581,0 78.24661767154244,22.32477383304512,0 78.24665659146274,22.324823447546272,0 78.24670029819718,22.324877629672407,0 78.24674396859128,22.324927207087438,0 78.24678773672854,22.32497687768924,0 78.24683140618701,22.32502645599,0 78.24688002374896,22.32507609064265,0 78.24692369304601,22.325125760062463,0 78.24697231066733,22.325175395607932,0 78.24701607798454,22.325225066136927,0 78.24706465706944,22.32527018899596,0 78.24711317708719,22.325319731300674,0 78.24716660338913,22.325364910236715,0 78.24721518257766,22.325410033049817,0 78.24726857253206,22.325450609092123,0 78.24732206147341,22.325491185340823,0 78.2473754505168,22.3255317604147,0 78.24743368872845,22.325572391591322,0 78.24749198728261,22.325608512152588,0 78.2475502870873,22.325644541559534,0 78.2476084857744,22.325680660920533,0 78.24766678565551,22.325716689363066,0 78.24772989507771,22.325748262144888,0 78.24778815514611,22.325779870855726,0 78.247851264869,22.325811351523324,0 78.24791443467312,22.32583841363532,0 78.24797754421357,22.325869986315407,0 78.24804061513001,22.325897047230605,0 78.24810378402513,22.32592410925299,0 78.24816685622396,22.32595107806326,0 78.24823002616056,22.325978140045027,0 78.24829309718123,22.32600520085617,0 78.24835626715767,22.32603226370634,0 78.24841933724102,22.326059324454064,0 78.24848735667724,22.32608635035443,0 78.24855042780305,22.326113411059513,0 78.2486135991271,22.32614038082998,0 78.24870433509048,22.326324295897045,0 78.24886288195091,22.326488149236585,0 78.24911957144074,22.32700761893383,0 78.2493037290932,22.327319280805906,0 78.24958518686488,22.327414325459603,0 78.25047826496753,22.327320237107394,0 78.25117725487321,22.32717630437958,0 78.25169137486048,22.327537897345422,0 78.25218147473579,22.327660203948934,0 78.25263769241765,22.32767402926443,0 78.25307450755632,22.32760660932345,0 78.253579417008,22.327471567528757,0 78.25390923657038,22.327643393476325,0 78.25446704255113,22.328032089027644,0 78.25484535353463,22.328330421661107,0 78.25492289902168,22.328452384592325,0 78.25618349306784,22.32995242179362,0 78.25744411696736,22.33145244844282,0 78.25880667480178,22.333006668858296,0 78.25928676128657,22.333490112303686,0 78.26017439000798,22.334226820614525,0 78.26081962848592,22.3346155760444,0 78.26172696894153,22.334986438126112,0 78.26285738048874,22.335551630086222,0 78.26348782432365,22.33618418678253,0 78.2643894935088,22.33755298808373,0 78.26537838733925,22.33924235354183,0 78.26602310011323,22.340294895249468,0 78.2666047459,22.341297639759905,0 78.26696818226148,22.34211973471402,0 78.2675207012922,22.343208227984736,0 78.2676904665896,22.343325806810835,0 78.26938869702236,22.34421185717796,0 78.27062111976537,22.344817747493643,0 78.27319255062741,22.34631842667342,0 78.27561862596022,22.34771521142256,0 78.27715672622301,22.348578545277075,0 78.2786220780375,22.349315454514883,0 78.27964594923269,22.349808142676157,0 78.27989826554791,22.350070181002884,0 78.2800966999536,22.350923700456935,0 78.28037218984848,22.35262614073554,0 78.28042467812084,22.354057578084685,0 78.27998666989049,22.35562864082678,0 78.27935435848829,22.35751568783294,0 78.27885314097216,22.359307918353814,0 78.27870126804478,22.361330699523677,0 78.27885527240049,22.36327694889353,0 78.27931056731022,22.36480337891719,0 78.2798821170946,22.366704652434425,0 78.28015760284966,22.368538025700527,0 78.28013693834627,22.370452465182733,0 78.27999494342767,22.372258544804126,0 78.27977034493043,22.374037447055464,0 78.27937095717888,22.375911039816312,0 78.27913238490108,22.37693591917228,0 78.27902008856414,22.377911134127373,0 78.27908195040517,22.379812154984293,0 78.27924564528612,22.381753831355873,0 78.2794144270712,22.383451673375966,0 78.27966087315728,22.385221752500065,0 78.27976654031409,22.38692412736695,0 78.27960053034256,22.388219876905385,0 78.27926432021592,22.390043926277855,0 78.27898142620128,22.391863425069698,0 78.27866947282808,22.39356548147369,0 78.2782409598332,22.395389404362053,0 78.27808996399015,22.396120752453818,0 78.27789002195291,22.39734430497352,0 78.27764187143099,22.39810723349518,0 78.27747186789009,22.398174906199316,0 78.2760487121117,22.398765561122737,0 78.27481010516783,22.399220841971996,0 78.27320228255017,22.40005059264532,0 78.27164285419154,22.40094818161345,0 78.27054974801109,22.401742158424096,0 78.27015127906772,22.40208959619862,0 78.27112628907531,22.403440347451674,0 78.27209153344401,22.40493995202485,0 78.27356112220376,22.407370145989987,0 78.27417714620721,22.408390950971523,0 78.2747980709338,22.409303443377038,0 78.27564693080267,22.410721784772907,0 78.27627772032697,22.411390396055115,0 78.2769278259235,22.41226224031609,0 78.27818953612945,22.41359954364526,0 78.27898061421075,22.414363140058164,0 78.28086359444194,22.416301239266847,0 78.28169833690163,22.417105459733452,0 78.2823778257468,22.417719908149103,0 78.28397488187711,22.418881241030935,0 78.28476607802529,22.419549977120553,0 78.2848534639834,22.419599671270635,0 78.29140572963045,22.418063439498418,0 78.29331459119953,22.417621919101084,0 78.29558790406496,22.41684197011836,0 78.29989203197819,22.41417541645346,0 78.30138318616272,22.413729110681587,0 78.30269931718408,22.413675537414324,0 78.30492334372309,22.413924800260357,0 78.30575355585988,22.414430895054405,0 78.30803494320043,22.416558535599894,0 78.30928725566109,22.417922633640426,0 78.3114280983702,22.419968922845538,0 78.31275336717955,22.42127893149039,0 78.31522934193404,22.423325214563302,0 78.31692364295733,22.424784299948584,0 78.31719567698485,22.424761816737202,0 78.33167864122686,22.423596816628297,0 78.3415091687313,22.420899019830646,0 78.34806087747207,22.41969464647853,0 78.35862878428092,22.418761314023282,0 78.36724901896521,22.417569935803275,0 78.36854569588131,22.41768738401916,0 78.3693810199353,22.417430013039052,0 78.37008040344692,22.41715460289501,0 78.37096424830433,22.41709597127652,0 78.37251831095473,22.417371381993046,0 78.37342638929186,22.41815258528175,0 78.37410633647596,22.418716997378404,0 78.3756118108607,22.41936713312187,0 78.37741364663826,22.419525180190842,0 78.37832178960754,22.419800612644096,0 78.37954563059445,22.42036501676172,0 78.38050722669598,22.420522973887582,0 78.38172135763955,22.420351339207624,0 78.38390681811235,22.41977325194475,0 78.38635921002924,22.419068708212162,0 78.38718964547435,22.418707424240985,0 78.38769468097897,22.418377753231468,0 78.38849594772798,22.417754580629943,0 78.38904475082126,22.417867491481168,0 78.38927305886952,22.41790352277992,0 78.38979752482996,22.41792603556699,0 78.39022484089622,22.417876345060872,0 78.39060856823556,22.41776349040141,0 78.39086590774396,22.41752407775912,0 78.39123496560322,22.417081547573197,0 78.39143889672052,22.41667519627867,0 78.39157479320828,22.41630946351518,0 78.39171069007868,22.415943637699243,0 78.3918175003952,22.415744979543764,0 78.39194382390642,22.415618526423692,0 78.39242938662427,22.41562303213528,0 78.39264311762292,22.415595928468626,0 78.39293930242806,22.415442365627403,0 78.39332293627675,22.41501333449335,0 78.39365301607796,22.414299884123,0 78.39376957993913,22.413830273301414,0 78.39380350213904,22.41351870034439,0 78.39382283876516,22.41330649938565,0 78.39281751288958,22.41272869297949,0 78.39242901147409,22.412489426755723,0 78.39215704949825,22.412259129046774,0 78.39195299521747,22.411893472687435,0 78.39183646436791,22.411577357409403,0 78.39182667288023,22.411189087157435,0 78.39184604325231,22.410990422006186,0 78.39194798954978,22.410760131968473,0 78.39216656687695,22.410466538272285,0 78.39242874371314,22.41018657179828,0 78.39284147658545,22.409870453624993,0 78.39319595157177,22.409694307623646,0 78.3942156702396,22.409305898666165,0 78.39593469169533,22.40858321462465,0 78.39683779045592,22.408239958252615,0 78.39736223707149,22.408090918967794,0 78.39807615277529,22.408181052137905,0 78.39885800753227,22.408221629385174,0 78.39954752535557,22.408185362645042,0 78.39977575489657,22.408153705844317,0 78.40051867024332,22.40785559986906,0 78.40107704987301,22.407286607580446,0 78.40158192247215,22.406622770594396,0 78.40175184085317,22.40641952321546,0 78.40206738167807,22.405999605901815,0 78.40272281748535,22.40532216104102,0 78.40317921082074,22.404897648948722,0 78.40402892751669,22.404283379740445,0 78.40431046195899,22.40405303937965,0 78.40451440068142,22.4038363371537,0 78.4047231004824,22.40344797504657,0 78.40484934257864,22.403122825287184,0 78.40495606495385,22.40264417398761,0 78.40502394153,22.40239584032304,0 78.40516961249008,22.40213386983874,0 78.40539286486464,22.401948765284367,0 78.40596099444538,22.401632591042006,0 78.4061940051086,22.401483494742692,0 78.40644901178202,22.40126489767829,0 78.40668918732736,22.40105901266278,0 78.40684462623612,22.4009460200436,0 78.40724269126285,22.400462880212814,0 78.40748535351409,22.40014668624361,0 78.40807767591609,22.39962286446729,0 78.40851459608702,22.3992659892212,0 78.40890769438701,22.39840807120245,0 78.40912115694657,22.397739770436175,0 78.40938311651226,22.396452813646068,0 78.40947516650866,22.395802573476274,0 78.40951395124465,22.395445844036864,0 78.40961099196667,22.39522460710671,0 78.40968860596386,22.395021396662216,0 78.4098585199679,22.39484069800219,0 78.4102323402704,22.394533609759577,0 78.41102854268857,22.394045798163635,0 78.41202383433442,22.3935669744724,0 78.41225682474408,22.393417869290005,0 78.4124461382143,22.39323718797441,0 78.41259654932892,22.392876010719384,0 78.4126449286292,22.392045132863633,0 78.41269817649277,22.391327183617975,0 78.41280485960738,22.390979451497735,0 78.41331931750663,22.390094346529462,0 78.41389197472732,22.38908730506914,0 78.41412973828088,22.388518321351214,0 78.41419748884358,22.38796744552926,0 78.41419732621078,22.38706443177129,0 78.41423595690989,22.3864818553261,0 78.41427473202155,22.386206422842925,0 78.4143669405083,22.385998759233573,0 78.41449793488175,22.385768392453425,0 78.41468241317676,22.38556068156455,0 78.41535234906732,22.385176671608118,0 78.41648348071742,22.384747485402055,0 78.4166963585636,22.38463382358582,0 78.41677962235269,22.384589366899977,0 78.41705140116636,22.384349972635142,0 78.41729411434716,22.383984140385767,0 78.41741057723608,22.383817054259946,0 78.41772602807457,22.383428688079476,0 78.4181580102865,22.38312154505505,0 78.41855127622912,22.382954308956943,0 78.41920178753277,22.382791597696016,0 78.42002714721299,22.382750763693043,0 78.42120221593798,22.382854249645675,0 78.42174597001139,22.38285862457451,0 78.42211497087213,22.382741120226985,0 78.42263910815406,22.38234359138277,0 78.42310999481658,22.38211767598489,0 78.4234110495309,22.38202726666475,0 78.4234158454342,22.382026079184786,0 78.42417810144939,22.38183738828468,0 78.425037428992,22.38177846686038,0 78.42568315538271,22.38182338484142,0 78.42598421332109,22.381963325741918,0 78.42688267935183,22.3826357335072,0 78.42777148776125,22.383272129362705,0 78.4283104470873,22.383511297622697,0 78.428742680074,22.38366014342532,0 78.42930109729186,22.383754778532577,0 78.42964097659697,22.383745594794174,0 78.43004387680446,22.383632565578754,0 78.43022828030215,22.383519666125,0 78.43045638216232,22.38322160880069,0 78.43061145396751,22.38249909444564,0 78.43079564970677,22.381708843799128,0 78.43099457088869,22.38128434910499,0 78.43129061652677,22.381049416363776,0 78.43177121119538,22.38089575683109,0 78.43203340479486,22.38094984360451,0 78.43233453276358,22.38112577188645,0 78.4332669794648,22.381748591344333,0 78.43361177017506,22.381924508311506,0 78.43382542854799,22.381956085961885,0 78.43402936783846,22.381955983638445,0 78.43428656725258,22.381856537171345,0 78.43486420185174,22.38137776249199,0 78.43559707243324,22.380889816957826,0 78.43616983265827,22.380528374330492,0 78.43655812614432,22.380352111001482,0 78.43669409394543,22.380306927042145,0 78.43694173455205,22.380311322761617,0 78.43712626140055,22.38041965667335,0 78.43723803974753,22.3806679219662,0 78.43717983813413,22.38091627511157,0 78.43680626956957,22.381426624949032,0 78.43642779454515,22.381991244180565,0 78.43638911240429,22.38227119369144,0 78.43643780185289,22.382546613007012,0 78.43660294970684,22.382785853805824,0 78.43677288345148,22.382889618365787,0 78.43706421435243,22.382916652965253,0 78.43732151446729,22.38286682774709,0 78.43793317080909,22.38257308173862,0 78.43843320447141,22.38243295033273,0 78.439122605744,22.382310788268587,0 78.43956437202117,22.38217511745548,0 78.43991378958803,22.381913096456753,0 78.44073877264412,22.380937466463127,0 78.44103960152943,22.380648336324622,0 78.44116580545762,22.380616673882503,0 78.44177266813264,22.380399740808908,0 78.44209785082955,22.380160299428677,0 78.44253457745121,22.37968142897832,0 78.44289848988882,22.379414855038064,0 78.44325766590785,22.379130279350985,0 78.4434664312511,22.37909854274339,0 78.44369945316701,22.379116587356275,0 78.44407821743725,22.379224789553113,0 78.44452983064409,22.379459320719224,0 78.44499115814139,22.37962618765234,0 78.44556408060353,22.379490463913136,0 78.44639409841378,22.37918759965947,0 78.44719498931788,22.378794390401975,0 78.44772411704541,22.378694852532544,0 78.4480396951162,22.378721838306014,0 78.44847676774424,22.378947370170383,0 78.44877795489032,22.379245256373707,0 78.44900638455793,22.379651498910686,0 78.44903574750134,22.379981127669208,0 78.4490213294761,22.380337837340296,0 78.44877393544084,22.38078947886268,0 78.44845366299592,22.381141861436923,0 78.44782284050748,22.381819378450338,0 78.44750267195003,22.382329749137643,0 78.44752226857801,22.38267290538167,0 78.44761960149842,22.383047699975155,0 78.44778966129428,22.38324177354538,0 78.44847922189888,22.383557447744895,0 78.44910078874447,22.38373781990819,0 78.44978073554213,22.38401297207963,0 78.45020314986849,22.384098496638178,0 78.45064010167118,22.3840848268163,0 78.4510867967291,22.384025866021027,0 78.45189747906386,22.383777186133404,0 78.45239743377891,22.38360082531658,0 78.45308192389162,22.38330702585475,0 78.4535381021,22.38303133285488,0 78.45381950309144,22.382683515229694,0 78.45405725172333,22.3822679494099,0 78.45411026120387,22.381617750699068,0 78.45400781207577,22.38082758648659,0 78.4538959161075,22.380385161468887,0 78.45344867255002,22.379401082434264,0 78.45331747557763,22.379134770182112,0 78.45321520951829,22.378665190338562,0 78.45320526976849,22.37824074649683,0 78.45326337254029,22.37801494326121,0 78.45336037222299,22.37779819148143,0 78.45385042093937,22.377242588272146,0 78.4546124017604,22.376754480363708,0 78.45517070380016,22.376672984231032,0 78.45598641403332,22.376749336274244,0 78.45711778496681,22.377055753995677,0 78.45822977350164,22.377402935950247,0 78.45874450105889,22.37759230833082,0 78.46048783195913,22.378088046675302,0 78.46094433778906,22.37836327204076,0 78.46203217723954,22.378796081373544,0 78.46266824787782,22.37897184849051,0 78.46325581920145,22.37907088918705,0 78.46377531046346,22.379066119962662,0 78.46412965835151,22.37895296963675,0 78.46480418104395,22.378483074667102,0 78.46528937905654,22.377999658460475,0 78.46562411879802,22.377556977693082,0 78.4657890817797,22.377376260395007,0 78.46591039295436,22.377254209000938,0 78.46616756448283,22.377145778113434,0 78.4667015365899,22.377027994888547,0 78.46729876421716,22.376978058896874,0 78.46788127517475,22.376950620260114,0 78.46845902726625,22.376864484440272,0 78.4687162367656,22.376701729064322,0 78.46947798760512,22.375965328791768,0 78.46992433567385,22.37557670524854,0 78.47018152070163,22.37544110799744,0 78.47043391505602,22.375359689518064,0 78.47068646493979,22.37540919263919,0 78.4708711236195,22.37571165882553,0 78.47097380360846,22.376736584749697,0 78.47123171728083,22.377540180023054,0 78.471504126461,22.378289508638844,0 78.47132476283545,22.378686999190524,0 78.47080576911289,22.3794638830524,0 78.4701994954585,22.38038986362278,0 78.46983599640708,22.38126157915386,0 78.46980223247085,22.381618279124524,0 78.4699530155487,22.382024626094967,0 78.4702495036623,22.382466877532558,0 78.47058954184584,22.382715026867963,0 78.47093926095046,22.38292257935681,0 78.47171622262466,22.383125233061502,0 78.47242994109038,22.383088695625705,0 78.47361911456541,22.382681582551935,0 78.47439584165886,22.382428297765713,0 78.47526475476987,22.38229231097508,0 78.47570652409233,22.382170069090563,0 78.47632297018845,22.381907796370612,0 78.47787115656237,22.38109409527256,0 78.4788854457096,22.3804838312456,0 78.48095788873418,22.379516266555765,0 78.48150155210907,22.379407549945775,0 78.48257449933791,22.379388743700225,0 78.48313777347099,22.37942448885204,0 78.48353106631505,22.3795461793707,0 78.48399745499232,22.37993863723585,0 78.48423565685289,22.380245581029513,0 78.48460527676947,22.381139301273784,0 78.48474651056085,22.381699106628048,0 78.48478562410288,22.38201520027333,0 78.48472279443277,22.382371888751116,0 78.48468425042415,22.382674499527003,0 78.48480125025709,22.38328396506356,0 78.48494721637525,22.38371731649431,0 78.48522426574317,22.384141574028543,0 78.48570073358336,22.384854617187425,0 78.48598727755262,22.385048613888568,0 78.48672548597088,22.385300980777718,0 78.48753652193355,22.385539707709142,0 78.48822120529705,22.38565214196783,0 78.48955681561523,22.386057577991465,0 78.49038244509845,22.386327923123666,0 78.49179569096013,22.38681899910154,0 78.49238845870725,22.38721139986153,0 78.492587575511,22.387355810399182,0 78.49260598318153,22.38736766125635,0 78.49264591616621,22.387396348130967,0 78.49272859150969,22.38756786553363,0 78.49274826986407,22.387888458742687,0 78.49272927317828,22.388326423329808,0 78.4926668223644,22.389116669833765,0 78.4928134328989,22.390254436534946,0 78.49305679426428,22.390985762398678,0 78.49344603194994,22.39192909904531,0 78.49410236807037,22.392926555792656,0 78.49485122302643,22.394145063725045,0 78.4951866894569,22.394668674846226,0 78.49570235245609,22.395778985037378,0 78.49590658023261,22.39612654539404,0 78.49603457572276,22.396739379363613,0 78.4960480160289,22.39680373276687,0 78.4963106885911,22.39729568351489,0 78.4966024862731,22.397855409448805,0 78.49695780448624,22.398807793280334,0 78.49724972999888,22.399520998323368,0 78.49751722964801,22.399981415976818,0 78.49777487395092,22.400256585284744,0 78.49867357229502,22.400856435735818,0 78.49878519032059,22.400888151475886,0 78.49918289934222,22.40134000420363,0 78.4995662917866,22.401615679515437,0 78.50002259594231,22.401810225533495,0 78.50215807483016,22.403044533879243,0 78.50268241497646,22.40323007732954,0 78.50336194034057,22.40356924895537,0 78.50384235726222,22.403899179155914,0 78.50477423677798,22.404441729162276,0 78.50512368647698,22.404604546732177,0 78.50560924401603,22.40474486035542,0 78.5062259446539,22.404776902714033,0 78.50748871418368,22.404470783392416,0 78.5081153295719,22.40423195721034,0 78.50836312821949,22.40407861527884,0 78.50840207514723,22.403997333573308,0 78.50867411381827,22.403767260131772,0 78.50883450287468,22.40368155743421,0 78.50936404957,22.403392974013922,0 78.50988386929222,22.40303662328736,0 78.51046682001659,22.40277065851903,0 78.51094785136576,22.402463915762088,0 78.51153553546844,22.40223408407048,0 78.51191917971333,22.40218472744957,0 78.51227849522374,22.40219396321182,0 78.51264262659448,22.402293563882875,0 78.51310880773462,22.40235255052458,0 78.51344370107745,22.402533436232503,0 78.51421986091798,22.403477661288452,0 78.51450598762777,22.40394292704296,0 78.51503479652591,22.404557327951785,0 78.51537438063453,22.405067768995274,0 78.51553455014007,22.405167299392073,0 78.5158159033476,22.40557386795483,0 78.51648066147963,22.406224488441,0 78.51773419304868,22.407191186350286,0 78.51789290029181,22.40731357609372,0 78.51834916709203,22.407611920010364,0 78.51909163741537,22.40823097332051,0 78.51927596886951,22.408497471894137,0 78.5193874619103,22.40879557531143,0 78.51987273886726,22.409279072468568,0 78.51999881739924,22.40949583690453,0 78.5202899814122,22.40979854772299,0 78.52049847543736,22.410223179290984,0 78.52100299065852,22.410959406100098,0 78.52126477200176,22.41150599548633,0 78.52180346005221,22.412075264815183,0 78.52224973041928,22.41276184641989,0 78.52343249783426,22.41567492811555,0 78.524058272092,22.416682273937287,0 78.52455323501678,22.417215384018807,0 78.52488776492838,22.417978671154827,0 78.52518369849082,22.41850256930113,0 78.52533904528599,22.4185839963449,0 78.52624165195938,22.419501128911794,0 78.52651352993536,22.41967290308258,0 78.52665428527602,22.41971358481055,0 78.5271445888942,22.419984797518666,0 78.52790689871591,22.420337460772018,0 78.52837783190094,22.420482254821618,0 78.52888292495133,22.420459905027485,0 78.52937832813328,22.420374483911335,0 78.53026217879564,22.420424670897212,0 78.53075768753118,22.42031208525565,0 78.53103944685668,22.420194850061282,0 78.53164654830552,22.420118422160062,0 78.53191860189223,22.42000118245207,0 78.53213729411846,22.41982965755312,0 78.53255018627321,22.41960421881782,0 78.5332351158531,22.419324604447404,0 78.53376478978629,22.418954639102683,0 78.53402218778658,22.418819300609435,0 78.53482368787677,22.418643739999627,0 78.5354066677274,22.418332471539102,0 78.53614010730092,22.418043922181496,0 78.5369075944124,22.41782760327048,0 78.53818986103937,22.417598016913583,0 78.5388115725217,22.417417662688145,0 78.53924875404378,22.417205698092232,0 78.53997257200848,22.416926152430726,0 78.54044377737468,22.416646473061036,0 78.54129391096441,22.416272109003312,0 78.54214397970742,22.41596550263105,0 78.54266362514824,22.41583479009451,0 78.54300855414029,22.415636290238304,0 78.54342630145344,22.41551463074328,0 78.543615801209,22.415383780333805,0 78.54463589717604,22.414959840574614,0 78.54469412338493,22.414950823799167,0 78.5451555313722,22.414865302203008,0 78.54566054075114,22.414910657984834,0 78.54601497068765,22.415077940219376,0 78.54624314714464,22.415245116173303,0 78.54654889032628,22.415552335570656,0 78.54676724676318,22.41587298779549,0 78.54690785110387,22.416347109902606,0 78.54696082726524,22.417168964926763,0 78.54691703384317,22.417367597913426,0 78.54714982608215,22.41789600346326,0 78.54770309990046,22.418546524535724,0 78.54795549616433,22.418727187955703,0 78.54886347265287,22.419075340607304,0 78.54971801647594,22.419545336770053,0 78.5502229863256,22.419694530575423,0 78.55100970167317,22.419681337079446,0 78.55174315184166,22.419541679483284,0 78.55225794075598,22.419519344525174,0 78.55287473183586,22.419433809582106,0 78.55342844775134,22.419285062838814,0 78.55492925279196,22.419001256621986,0 78.55569671623681,22.418730706502828,0 78.55651285258006,22.418383370230465,0 78.55680423671642,22.418333849133592,0 78.55796491420266,22.418289100960447,0 78.5584797436288,22.41833450735657,0 78.55897986847481,22.418429489802094,0 78.55974225809776,22.418673628716668,0 78.56043656790968,22.419048683145217,0 78.56071804285051,22.41936936247201,0 78.56118415184541,22.419757898390884,0 78.56158198170874,22.42055724143653,0 78.56190238529126,22.42086671523223,0 78.56222273060403,22.421176131655347,0 78.5623683494386,22.421451601643344,0 78.56255749120278,22.421993471785886,0 78.56297008966808,22.422521992587406,0 78.5636058578406,22.423623916003763,0 78.56427526156757,22.42533546837788,0 78.5643672188009,22.426089556743747,0 78.56478430763117,22.427448764440072,0 78.56487646246916,22.42789589563116,0 78.5648763190767,22.428270616686042,0 78.5647303991569,22.4286543600351,0 78.56456521539977,22.428852954729486,0 78.56444674552843,22.42904670060856,0 78.56422013886687,22.429417294225896,0 78.56367100041972,22.43002214359614,0 78.56335993583998,22.430618014948763,0 78.56283510165137,22.43117319004426,0 78.56259211767338,22.431611070045257,0 78.5625481947711,22.43196779041839,0 78.56239746119824,22.432365021437633,0 78.56215932582296,22.432775878836537,0 78.56093957380052,22.43422931418456,0 78.56068687610698,22.434441437756206,0 78.5606576588297,22.434549802014626,0 78.5602057375211,22.43512757377834,0 78.5598799349134,22.435908543033285,0 78.55963202909616,22.436359998561617,0 78.5587427329643,22.437199415654316,0 78.55860173578472,22.43761027045894,0 78.55866935330783,22.43839599090132,0 78.55876144983965,22.438721135208922,0 78.55865436712226,22.439335141885866,0 78.55869788162136,22.439737071757403,0 78.55866375809832,22.439895015135395,0 78.5584985465756,22.440174900596816,0 78.55833797747212,22.44078895199111,0 78.55801230738011,22.441294539926545,0 78.55742928074577,22.441587760306493,0 78.55706478476313,22.442012047489456,0 78.55687525855011,22.442151938654202,0 78.55638944224751,22.44233237398263,0 78.55603960800207,22.442585088392224,0 78.55554871649093,22.443144708691158,0 78.5548295129598,22.443866863714145,0 78.55459620579549,22.44398865749013,0 78.55393066214782,22.444173540586473,0 78.55319215767541,22.444534406312265,0 78.55239534521309,22.44508041640166,0 78.55218148262726,22.4453602922557,0 78.55188969121737,22.445987723668217,0 78.55169026241188,22.44654753708078,0 78.55166096904803,22.446832030069313,0 78.55170933215649,22.447089366408992,0 78.55181608854016,22.44727010691114,0 78.55192288431189,22.44758167863846,0 78.55199544684744,22.448051283755586,0 78.5520001129469,22.448507350621682,0 78.5522181917104,22.449406010123216,0 78.55240264163176,22.449762792779623,0 78.55274239288441,22.450227951281946,0 78.55349948264472,22.45151513254685,0 78.55365471106612,22.451980278369028,0 78.55415466660311,22.452739099697965,0 78.55421289372707,22.452973881699293,0 78.5542224301833,22.45329446804216,0 78.55438251519517,22.45377770523208,0 78.5543479280136,22.454793644856004,0 78.55418246957775,22.455389603081336,0 78.55414347236525,22.4556920494574,0 78.55381300440598,22.456053128161884,0 78.55348254666696,22.45625170135529,0 78.5531472948602,22.456301167083527,0 78.55288990724111,22.456260410141883,0 78.55197657762194,22.456282626770477,0 78.55107316827,22.456151267322497,0 78.55062618909508,22.456146535483548,0 78.55011124983673,22.456223094829372,0 78.54885797942612,22.456145736197165,0 78.54871222589347,22.456105027167048,0 78.54729382973866,22.456063731734268,0 78.5465652006814,22.455982081431195,0 78.5454382189243,22.455976982864705,0 78.54524387124923,22.456004028414732,0 78.54489888944498,22.4561980252155,0 78.54465079064711,22.456685549551167,0 78.54454893796441,22.45674362852683,0 78.54389769636227,22.456924423749847,0 78.54368877395736,22.457032717516462,0 78.54342144388832,22.457244766134234,0 78.54295482609464,22.457705146009953,0 78.54224531253031,22.458219536163444,0 78.5418613876339,22.458440588444567,0 78.54146766817888,22.45888288310178,0 78.5411858203598,22.459090368035998,0 78.54072903346376,22.45931596519055,0 78.54024786561185,22.459613692772873,0 78.53978134286127,22.459983743315902,0 78.53937300698347,22.46039440339954,0 78.53849339923102,22.460818383587156,0 78.53816785458999,22.461043947780468,0 78.53760907951416,22.461255846622088,0 78.53678802986042,22.461305102180567,0 78.53614180558384,22.46140861340041,0 78.53609326031945,22.461444696177214,0 78.53565595919336,22.461494059542886,0 78.5348059206575,22.461371681138665,0 78.53460193733343,22.46124964974349,0 78.53440780633878,22.46092000361355,0 78.53412188982232,22.459967072611107,0 78.53404449081475,22.459456807076048,0 78.53409853780825,22.458504124702937,0 78.53426412064861,22.457772753041723,0 78.53422558070386,22.457357327840402,0 78.53415768703384,22.45709537560703,0 78.53384719463813,22.45645405016161,0 78.53353180941863,22.456002341555322,0 78.5334785385625,22.455690813143896,0 78.53328449427924,22.455248196015933,0 78.53286208976353,22.455004082395522,0 78.5325172189372,22.454868440295428,0 78.53224037684741,22.4548231326132,0 78.53173515187902,22.454845401793808,0 78.53140972394299,22.454804593692014,0 78.53117164514961,22.45482705437034,0 78.53078797379835,22.45478614086503,0 78.53010781587369,22.454835435462133,0 78.52958303772952,22.45501126642724,0 78.52929627466477,22.455223284869135,0 78.52912128864668,22.455448908939445,0 78.52888785509477,22.45588674067803,0 78.52871767453014,22.45609887678725,0 78.52839668640289,22.456676633983065,0 78.52787628605212,22.45748456389013,0 78.52771568564908,22.457972174552747,0 78.52765201578077,22.45862231045503,0 78.52766551741283,22.460162043405475,0 78.5277187691014,22.460500642704663,0 78.52795627679393,22.461173590364083,0 78.52806267928351,22.46185999588281,0 78.52824201598746,22.46244712112781,0 78.52890193620564,22.46362143910936,0 78.52911548203836,22.46391509863231,0 78.52922214849744,22.464190502961266,0 78.52953770637141,22.464565528475852,0 78.52992111679617,22.46516172008314,0 78.5300714002585,22.46552308145711,0 78.53016333768775,22.466078513227508,0 78.53056106523408,22.467094684758464,0 78.53064810169786,22.467654581327718,0 78.530652787356,22.467934521514213,0 78.53057012418164,22.468115099488347,0 78.53019568314735,22.46864317963825,0 78.52998611379844,22.469627410122815,0 78.52978668443598,22.469875632513297,0 78.52922777544057,22.47021842449521,0 78.52839199327275,22.47049785385274,0 78.52784774640303,22.47062846829983,0 78.52733761085906,22.47063272223316,0 78.52691007573576,22.47070922334009,0 78.52655053626387,22.47065030399491,0 78.52566657737147,22.47031559811154,0 78.52530228139145,22.470265744452956,0 78.52501081201012,22.47017074682739,0 78.52466101575887,22.470170475136587,0 78.52440347463258,22.47024714945562,0 78.52384971000204,22.470228686962315,0 78.52353376614126,22.470318786637037,0 78.52297491690997,22.47056681555079,0 78.52225556347872,22.471026882834853,0 78.52167722717975,22.471324527855725,0 78.5212446042098,22.47164937084331,0 78.52096250198734,22.471996857373806,0 78.52047599992122,22.472881516801603,0 78.52022773451718,22.47365350340841,0 78.51992610452298,22.4741679986683,0 78.51977519009354,22.474574307888023,0 78.5192256232545,22.475278349661213,0 78.51889504957306,22.47552196383325,0 78.51860334229042,22.475815214603518,0 78.51809750577301,22.476514708222876,0 78.51789319253972,22.476893885720862,0 78.5177631753251,22.47705217574361,0 78.51744094668014,22.47744446973163,0 78.51709573066124,22.477746770787196,0 78.51672140231436,22.478003855114363,0 78.51618676307808,22.47829702811757,0 78.51545785200156,22.478431960033042,0 78.51475347172727,22.478264399298162,0 78.5145107741208,22.478061123354113,0 78.51411734408342,22.477853147277106,0 78.51393770147685,22.47766337825563,0 78.51306858990282,22.47706670941245,0 78.51292225636473,22.477004784901055,0 78.51226719713785,22.476727578649616,0 78.51143160697264,22.476573445973994,0 78.51100407251322,22.476577627598495,0 78.51068821423301,22.476640633146822,0 78.51003690804353,22.476947185316153,0 78.51000136165327,22.476976116106172,0 78.50972091978258,22.477204365421873,0 78.50948251207653,22.477678307102842,0 78.50945790641,22.47801237481798,0 78.50976313386532,22.47900596812892,0 78.51003485770725,22.479444134790015,0 78.51024336826623,22.48002227204346,0 78.5102819702014,22.480356409743063,0 78.51045124505212,22.48119638116838,0 78.51044589758845,22.481805932523592,0 78.51051359677922,22.482221378116133,0 78.51046461699116,22.48268640907699,0 78.51050779059473,22.483359230348896,0 78.51047809423798,22.484036490856287,0 78.51054581972957,22.48438868463136,0 78.51065737177638,22.484650709844647,0 78.5107445690779,22.484998399285818,0 78.51078775555239,22.485644151472528,0 78.51125827914366,22.486619755636884,0 78.5116124980677,22.48720245332053,0 78.51202998837363,22.487640758394104,0 78.5122193618881,22.487803372825127,0 78.51254464546858,22.48816030206521,0 78.51343273287746,22.48946583554934,0 78.51368511577559,22.489917525723254,0 78.51403911875894,22.490730578422557,0 78.51429148155606,22.491114502676457,0 78.51433022650396,22.491236417329425,0 78.51573444703453,22.491363781129294,0 78.51633224427357,22.491097835290695,0 78.51727011335763,22.49103067902765,0 78.5175812132781,22.49091807868394,0 78.51807195447898,22.49092738572254,0 78.51910174762567,22.491361524559885,0 78.52096212961615,22.492139359231842,0 78.52147658437748,22.49299760216117,0 78.52321077142668,22.493617289450068,0 78.52448368655722,22.493934158063787,0 78.52711676633625,22.494608486159468,0 78.5297790172474,22.495422815354416,0 78.53137741496553,22.495902433035912,0 78.53240752263336,22.495979799287728,0 78.53374329887401,22.49675709563915,0 78.53507896637976,22.497651863167185,0 78.53771186099294,22.498922167915726,0 78.53948014354866,22.49980357312368,0 78.54004631565812,22.500564469143498,0 78.54012248707319,22.500774410145883,0 78.54033444142621,22.501023685358984,0 78.54079606386229,22.501598729300554,0 78.54099840966852,22.50249744980295,0 78.541027619835,22.50282598511716,0 78.54112541674266,22.50441542932654,0 78.54121944400158,22.505505452313702,0 78.54148429767976,22.505833187800803,0 78.54171720215767,22.506121387890683,0 78.54176904872438,22.506213539330197,0 78.54189120532367,22.506454641432416,0 78.5414932010623,22.506896983482758,0 78.54075224556176,22.507748918269215,0 78.54024638204174,22.508344271406553,0 78.53997522279728,22.508661587862285,0 78.53944030091111,22.509302415257903,0 78.53939597731113,22.510282185833102,0 78.53948250671975,22.51182651302955,0 78.5394676059515,22.512309562835444,0 78.53949611315146,22.51331655231966,0 78.53890749019394,22.514318612765432,0 78.5388486901924,22.515050018842498,0 78.53922738102514,22.515668799930438,0 78.53984882992638,22.51664739235445,0 78.54068782868268,22.51790292702377,0 78.54130042287461,22.518872778693535,0 78.54197884944722,22.520012911525857,0 78.54247456608076,22.520892400615235,0 78.54275493804744,22.521398504847074,0 78.54327630409729,22.522341847372147,0 78.54352351427197,22.522802432161598,0 78.5440204676293,22.52373334497437,0 78.54452897891566,22.524647754858304,0 78.54475025357134,22.525034659309163,0 78.5448981704651,22.525298092577366,0 78.5448978123301,22.526008900494144,0 78.5449115687912,22.527596056489468,0 78.5449401527067,22.528485925140327,0 78.545158691397,22.52881570685869,0 78.54559068699032,22.529709912773527,0 78.54597875929619,22.531168469770034,0 78.54648863216778,22.531967940228053,0 78.54691099502831,22.532776332127,0 78.54767838129592,22.533932652268835,0 78.54771174313024,22.535124666758723,0 78.54793934883169,22.53648841560044,0 78.54791001323439,22.53690826245057,0 78.5467477602502,22.537955233229948,0 78.54603778093282,22.538438073579776,0 78.54472013601668,22.539114697543045,0 78.5446666567293,22.539164272363784,0 78.5441091024725,22.539656991079866,0 78.54335775236987,22.540296130278115,0 78.54302857746839,22.540567171321552,0 78.54254048220817,22.541054491651046,0 78.54226858989063,22.54132606132391,0 78.54223747046707,22.541432166916497,0 78.54201273798404,22.5422656953218,0 78.54174974395022,22.5432278245979,0 78.54153874258868,22.544072267389488,0 78.5413385022139,22.544955643137353,0 78.54126539652934,22.545280694396222,0 78.54096358899311,22.546061701639626,0 78.54049151471723,22.546973471646584,0 78.5402771836813,22.547704863316667,0 78.54003836328116,22.548738755851705,0 78.54010587133678,22.549565024422197,0 78.53999368549177,22.5502828511118,0 78.5390407474683,22.55054428211005,0 78.5384573734548,22.550661397943696,0 78.53762098889825,22.550995022836084,0 78.53693051942722,22.55129266847372,0 78.53622073459269,22.55150900810535,0 78.53563726205624,22.55158992694805,0 78.53481087875733,22.551675312526843,0 78.53395531467397,22.551701944804336,0 78.53350314915262,22.5517151615016,0 78.53306570012214,22.551733030715372,0 78.53238009371643,22.55194931010188,0 78.53192786631537,22.55221544671794,0 78.53132475528973,22.552729823899014,0 78.53063382399043,22.553596356949182,0 78.52998193133973,22.554304900202265,0 78.52918432621675,22.5549590855441,0 78.52879036232069,22.555252387062215,0 78.52799273366982,22.555766615288864,0 78.52672351795577,22.556352866883657,0 78.52568288932875,22.556754051907948,0 78.52523550749524,22.556956961681088,0 78.52486585556427,22.55728179432601,0 78.52467118021258,22.557561646389118,0 78.52455394059108,22.558297554367815,0 78.52448055648995,22.559065100683263,0 78.52447500493031,22.5599094527914,0 78.5244112133348,22.56074927856304,0 78.52441095229374,22.561133038982934,0 78.52426962083464,22.561692852800274,0 78.5239239571273,22.56230665951356,0 78.52378283697243,22.56247820042954,0 78.5232330587941,22.56306479231907,0 78.52282869015207,22.563771477252384,0 78.52243478914389,22.564463998444612,0 78.52207450722457,22.565168167597808,0 78.52178225947056,22.565940028901245,0 78.52163121932429,22.566269562091172,0 78.52124679874088,22.566784099987448,0 78.52082348631235,22.56723076664053,0 78.5205850626183,22.56752860343495,0 78.52042808283275,22.568238502139817,0 78.52026651096664,22.568980069614895,0 78.52021600004014,22.56915071538852,0 78.51998143377789,22.569693366506456,0 78.51967341076463,22.570430562228584,0 78.51948866894605,22.570887258257194,0 78.51903105471777,22.571717718543443,0 78.51876336521175,22.572033588887756,0 78.51828164966089,22.57257516061055,0 78.51753742353063,22.57305321457313,0 78.51705106072917,22.57325157768484,0 78.51671073388513,22.57331003336228,0 78.51618176279823,22.573327743403322,0 78.51590227710756,22.573337416377033,0 78.51542892023227,22.57334983133563,0 78.51523535817834,22.573395840773646,0 78.51494068062217,22.573475573528878,0 78.51461422083385,22.57365143820593,0 78.51456827968256,22.57370029806139,0 78.5143715231337,22.574089576589834,0 78.51421571317273,22.57437394101517,0 78.51404049390312,22.57459504427723,0 78.5134907060926,22.575086859805797,0 78.51309670793678,22.575348448933855,0 78.5124642225608,22.575849211044783,0 78.51226946987715,22.576192210668527,0 78.51156883348659,22.576774154800464,0 78.51119427288624,22.57699965311372,0 78.51026049819457,22.57730602764665,0 78.50975966653375,22.57742310849611,0 78.50908850854968,22.57764384744285,0 78.50879179984335,22.577797182165632,0 78.50840728101421,22.57834778186385,0 78.50830979853929,22.578636673359526,0 78.5079977828804,22.579584639049738,0 78.5079002396246,22.579896087741435,0 78.50757386247666,22.580676982077296,0 78.50720866868993,22.58133144482822,0 78.50679981069854,22.581841289494214,0 78.50617708161424,22.582238169464656,0 78.50565673391756,22.58237778802662,0 78.50484923951177,22.582760967095904,0 78.50433358687857,22.583036068187177,0 78.50351158197186,22.58336956087897,0 78.5035116016155,22.583436063787104,0 78.5035224900344,22.583762625431547,0 78.50354065453118,22.58459167271286,0 78.50351262797832,22.58527071811257,0 78.50347461814816,22.58681912900845,0 78.50347427654671,22.587135216433605,0 78.50346851361932,22.587234914696186,0 78.50342495635813,22.587988536085376,0 78.50324910223442,22.58886887430221,0 78.50289845654186,22.589487195287905,0 78.50240687015996,22.590082762559106,0 78.50210514393886,22.59039412767778,0 78.50160895513146,22.590637555204285,0 78.5012586607324,22.590799830543975,0 78.50066547285569,22.59077675400769,0 78.49961542338085,22.590550187117643,0 78.49950854667414,22.590419213516242,0 78.49867247455175,22.590274328769663,0 78.49868404453174,22.592265235804064,0 78.49782341886655,22.592144042587417,0 78.4980912459221,22.59264500089854,0 78.49808177372552,22.592848207510468,0 78.49789746116647,22.59339919941536,0 78.49777192179933,22.594401661466172,0 78.49764116784286,22.595020306232374,0 78.49767631326407,22.596393012641144,0 78.4976764787494,22.596392936016958,0 78.4978133928771,22.597345514427364,0 78.49790145237226,22.597837604237125,0 78.49800941147583,22.59899789363565,0 78.49809803380626,22.60015826724218,0 78.49795306428378,22.60123751475503,0 78.497904898385,22.601779358465098,0 78.4977117688633,22.60327854355625,0 78.4976684134823,22.603815831464917,0 78.49753770138398,22.604430057908893,0 78.49746516865267,22.60490868216973,0 78.49825838006419,22.605481502914024,0 78.4986719245912,22.6049172548041,0 78.49867816089863,22.604917796210877,0 78.49881943684728,22.604948506575447,0 78.49887770692182,22.60502983187339,0 78.49887764992273,22.60514722742694,0 78.49886778764282,22.605237547397792,0 78.49876067323942,22.605368339451967,0 78.49872660596742,22.605476742667374,0 78.49919343633049,22.605472519617514,0 78.4995629227828,22.60559476480987,0 78.49964557626325,22.605599356178537,0 78.49976722475519,22.605558757354377,0 78.49999085009941,22.605549918308437,0 78.50006377667243,22.605572551864064,0 78.50021937740695,22.60565852258543,0 78.50023873660189,22.605717180882007,0 78.50023383505415,22.605807457903605,0 78.5002191838872,22.605857126025946,0 78.50015101579234,22.605938398999367,0 78.500053655815,22.605997009420953,0 78.50000502443761,22.606078199226463,0 78.50001467377778,22.606118900148356,0 78.50001457368886,22.606222759510327,0 78.50007775220045,22.606308553355966,0 78.50008257318943,22.60638981024885,0 78.50006295354503,22.606561428188087,0 78.50003845029825,22.60668327791263,0 78.49993621608319,22.606872862292526,0 78.49979983827268,22.607125549885403,0 78.49968777279963,22.607342199683703,0 78.49952710071067,22.607585898923766,0 78.49946864639811,22.607676198874522,0 78.49942955981821,22.607807111741447,0 78.49943916571401,22.607938044825115,0 78.49948769298373,22.60807350703755,0 78.49950230459558,22.60810514083596,0 78.49957517209442,22.608150333101474,0 78.49969188015807,22.60817754398568,0 78.49978430549791,22.608177629099856,0 78.50004687492378,22.608137224326832,0 78.50014901978471,22.608137221144922,0 78.50020255826148,22.608164359699277,0 78.50026083820204,22.608227638110392,0 78.50030939211625,22.608308959881043,0 78.50033358045374,22.608430921706248,0 78.50031888294704,22.60857984614071,0 78.5003187563598,22.608737937837986,0 78.50032840705988,22.608778545787523,0 78.50035750175434,22.60890497566654,0 78.50037191140993,22.60904949200104,0 78.50036700555388,22.609148792329034,0 78.50026951235458,22.60937451788514,0 78.50024496916386,22.60957766874064,0 78.50027412951258,22.609672517911733,0 78.5003664603721,22.609767438926397,0 78.50055109841585,22.609907559643393,0 78.5006045215059,22.60997078995392,0 78.50061415329496,22.61004758373893,0 78.5005751801608,22.61015133533797,0 78.50054595972004,22.610182905155305,0 78.50043410788386,22.610259603391604,0 78.50028805066128,22.61042205460539,0 78.5002490425696,22.610494224381156,0 78.50023929384753,22.610557474999407,0 78.50040933195216,22.610742752986546,0 78.50051617871839,22.610869214641387,0 78.50054037099392,22.61098215329663,0 78.50054020401025,22.611230478237427,0 78.50054971586388,22.61145624768414,0 78.50056427639947,22.61149239253172,0 78.50063721594283,22.611496888268046,0 78.50082696418202,22.611424826537153,0 78.50102642348712,22.611370814026525,0 78.50109445139131,22.611379864731173,0 78.50112838616457,22.61144759907847,0 78.50113324918473,22.6115424843548,0 78.50104065455892,22.611686864522742,0 78.50093852472595,22.61175454386982,0 78.50072445636681,22.611871758930107,0 78.50063674227,22.611970977779585,0 78.50061719657101,22.61209287677832,0 78.50063166709853,22.61221483473737,0 78.50083095176666,22.61242719485337,0 78.50098151649995,22.61258990495222,0 78.50103013793137,22.612639552820742,0 78.50108827876367,22.61279315616546,0 78.50109791724333,22.612964695252856,0 78.50112703995295,22.613036984883365,0 78.50141868173199,22.613195195197754,0 78.50134054928087,22.613583440561854,0 78.50117963199456,22.61402132679507,0 78.50097472180458,22.614793286639713,0 78.50084749712042,22.615596859648935,0 78.50069293770356,22.616373743836046,0 78.50063601237726,22.616549451094336,0 78.50042941907142,22.617187228206053,0 78.50014424506553,22.61862845325637,0 78.50002242577219,22.61918129992601,0 78.5000380225975,22.61925401324752,0 78.50011390550941,22.61960779828523,0 78.50018390764332,22.61993416070669,0 78.50026485701852,22.62005114561706,0 78.50036247593066,22.620425167889028,0 78.50053697848765,22.62119273625048,0 78.50060860227298,22.621659675367777,0 78.50068589834257,22.62216358501173,0 78.50071210369843,22.622506114804118,0 78.50071214158585,22.623076025357523,0 78.50056256399752,22.62357920471167,0 78.50019877237165,22.62473636946659,0 78.49995677020934,22.62555564752828,0 78.49971614465716,22.62635702594075,0 78.49950064478136,22.627079250291533,0 78.4992616647612,22.62789344578381,0 78.49894429438869,22.628992830127874,0 78.49866420142048,22.63013568217249,0 78.49851419823804,22.630436606276966,0 78.49846076780756,22.630572165809664,0 78.4982522895416,22.631348878666447,0 78.49817986785476,22.63187722854759,0 78.49813144226329,22.63212111828375,0 78.49806357891325,22.632459745582523,0 78.49804478403107,22.63315509914774,0 78.49807942405975,22.633809823320405,0 78.49810391560426,22.634026535181576,0 78.4982209069705,22.634333475750513,0 78.49828914472455,22.63444629887226,0 78.49831959039356,22.6344807939009,0 78.49839618737262,22.63451392889937,0 78.49866986655232,22.634580506726913,0 78.4989577841903,22.634748750159012,0 78.49932229750107,22.63506955402168,0 78.49954587686967,22.635259413731493,0 78.49961387707677,22.635349767685387,0 78.49967201868489,22.635521419154077,0 78.49972538160783,22.635729116674273,0 78.49975932631845,22.635787827599884,0 78.4998614518521,22.635869219210992,0 78.49991002976952,22.635923378923447,0 78.49992454108613,22.636067897409106,0 78.49995845808948,22.636180840976248,0 78.50001669533748,22.636257655360623,0 78.50007508034054,22.63633888985194,0 78.5002646324894,22.636442966879013,0 78.50026949331583,22.63644292283476,0 78.50029860366116,22.636551307174987,0 78.50028884774741,22.63662358154778,0 78.50020115458803,22.636745360468947,0 78.50013291104322,22.636849192815994,0 78.5000598464571,22.63697553489387,0 78.50001594690194,22.637092958618133,0 78.50001595562675,22.637178681252756,0 78.50002550287164,22.637332265202932,0 78.50001565727483,22.637490262166775,0 78.50004471590375,22.637603157741843,0 78.50018073240568,22.637756795430093,0 78.50028766033346,22.63786069956926,0 78.50038000781929,22.637964644646512,0 78.50044806600535,22.638041463852662,0 78.50051119564965,22.638158839329705,0 78.50053048666425,22.638267218737983,0 78.50052556925459,22.63838465854296,0 78.50049139999625,22.63848394684533,0 78.50037455100052,22.63858775952726,0 78.50028209586581,22.638709583600576,0 78.5002528389845,22.638804316658067,0 78.50025761711312,22.63887203979246,0 78.50031586002561,22.638939829908853,0 78.50042291483543,22.63898959522805,0 78.5006757288039,22.639044023008264,0 78.50096264627959,22.639143535557853,0 78.50129329043804,22.63927920437083,0 78.50159966525916,22.63934272150608,0 78.50176504578522,22.639392509216343,0 78.50210541638833,22.639519156856604,0 78.5022415997654,22.639537350458014,0 78.50238747918735,22.639609687536133,0 78.5025089559756,22.639682059940686,0 78.50258673302619,22.63976790535082,0 78.50266451429674,22.63984472742949,0 78.50271301745205,22.639957630212642,0 78.5027324138515,22.64005698708054,0 78.50270310679517,22.64015623180458,0 78.50264470929947,22.64020583742598,0 78.50257174542735,22.640219389206727,0 78.50245985154349,22.64022832233517,0 78.50233823263552,22.64024627391241,0 78.50228474554697,22.64029141618243,0 78.50217273756546,22.6404403026787,0 78.50204609060958,22.640602764703555,0 78.50190971508323,22.64078326844122,0 78.5017587740377,22.640927627017607,0 78.50152027890617,22.641103532374995,0 78.50142287128085,22.641207353740857,0 78.50138395381582,22.641279525427404,0 78.5013741464438,22.641356312046767,0 78.50142266165639,22.641442145397168,0 78.50150529167048,22.64154599299834,0 78.50160733330937,22.641713197407835,0 78.50168010891002,22.641889319428323,0 78.50178693950177,22.642106107301046,0 78.50184036798213,22.642187385282707,0 78.50186948925351,22.642277722898484,0 78.50187917167037,22.642359029456987,0 78.50187909071454,22.642426796714222,0 78.50185957191172,22.642485439930873,0 78.50181575410353,22.642535097108404,0 78.50180109524533,22.642593789210423,0 78.50180102267738,22.642643416875405,0 78.50183992929145,22.642702177321574,0 78.5018934170866,22.642760896604315,0 78.50196140137095,22.6427925047657,0 78.50202467964402,22.642810623513846,0 78.50210249565806,22.642815258614785,0 78.50217546003529,22.642801707039883,0 78.50225816199791,22.642752157227445,0 78.50236532014942,22.642585175095522,0 78.5024823033638,22.642409175338884,0 78.50252123399649,22.64230984138286,0 78.50258454105033,22.642264703800176,0 78.50267215932622,22.642201575190633,0 78.5027694820954,22.642174543546215,0 78.50290077211672,22.6421611065819,0 78.50307594164339,22.642179314729795,0 78.50318782898022,22.64218842866233,0 78.50336769147162,22.64224728870311,0 78.50356214719955,22.6423919220623,0 78.5037565750386,22.6425997201248,0 78.5038245424847,22.64266751271855,0 78.50386351273833,22.642694691571627,0 78.5038878088443,22.642712701513233,0 78.50396562084855,22.642726358039358,0 78.5040482969483,22.642730947970016,0 78.50416020194726,22.642703874997494,0 78.50426725385778,22.642658799513118,0 78.50436938903736,22.642627303512953,0 78.504437548608,22.642600259653502,0 78.50457379009721,22.642604916705995,0 78.5046758417464,22.642650118068833,0 78.50470013292586,22.642677243245764,0 78.5048071120935,22.642794680707176,0 78.50478253088231,22.643088160275436,0 78.50476786137516,22.643173922579994,0 78.50474341916559,22.643264192359027,0 78.50465086057672,22.643395133645207,0 78.50456321852417,22.643512404157427,0 78.50449981100242,22.643670426370683,0 78.50446086148698,22.643814878312348,0 78.50443641594188,22.643914171372288,0 78.50439720287643,22.644203087214052,0 78.50439721441249,22.64428890209549,0 78.50436297789136,22.64442888880651,0 78.50431914837117,22.644505616650974,0 78.50426555506903,22.64456871325287,0 78.50418777644232,22.64458673007658,0 78.50412454459413,22.644573124362715,0 78.50403212571874,22.64450085544502,0 78.50397383083508,22.644428553585705,0 78.50389611381014,22.64431112769358,0 78.50385732919243,22.64419822889563,0 78.50377958510366,22.64403108221336,0 78.50369706410223,22.643900073857314,0 78.50358535562113,22.643710401280494,0 78.50347350764794,22.643610961607074,0 78.50329359975306,22.643538566225107,0 78.50320119288084,22.643552019611988,0 78.50308928286903,22.643588115187324,0 78.50301139008434,22.643642224569092,0 78.50294811676706,22.643718944389395,0 78.50293830397813,22.643813685715788,0 78.50293818052334,22.643971779018685,0 78.50298669774322,22.64405761101199,0 78.50313242615219,22.644256366672177,0 78.50323939296891,22.644400875207012,0 78.50330727679234,22.64454545867103,0 78.50340442638344,22.64479382476851,0 78.5034576947152,22.645010635916222,0 78.5035255941809,22.645231918830138,0 78.50362762102102,22.64544423859566,0 78.50370521799432,22.64571966598942,0 78.50385093214942,22.645954606354916,0 78.50401129606186,22.64614890083236,0 78.50413765510551,22.64619406591798,0 78.5044488927071,22.646293627419425,0 78.50452673851983,22.646347890898117,0 78.50458018638977,22.646393073849918,0 78.50459966764257,22.64641573207752,0 78.50459957719326,22.646510477281492,0 78.50460433688067,22.646623409046423,0 78.50458478301896,22.64665047152576,0 78.50448262372295,22.64672717724843,0 78.50440478923339,22.64675872960316,0 78.50431712515322,22.64680832383798,0 78.50426362905095,22.646871512601525,0 78.5042099831532,22.64693912039321,0 78.50419530375022,22.647043022345052,0 78.50419527566324,22.64710618553066,0 78.50420497191885,22.64716042211411,0 78.50424383042235,22.647223600201322,0 78.50438479469534,22.64732756171554,0 78.50464734460883,22.64750389494194,0 78.50482717536876,22.647652987398185,0 78.50492922206872,22.647829212256163,0 78.505031166943,22.64801436824798,0 78.50508938392076,22.64826722998118,0 78.50515732730967,22.648398278290248,0 78.50531770901694,22.648565409508226,0 78.50553645993244,22.648755213260316,0 78.50567741019103,22.648895358950853,0 78.50577461933368,22.649026326803888,0 78.50583285012038,22.64913923250557,0 78.50591534145255,22.649351542750427,0 78.5059249374174,22.64952759449812,0 78.5059295844517,22.649789504507847,0 78.50594398141881,22.649988161925805,0 78.50591949484553,22.650177782493692,0 78.50588538593561,22.650254514528072,0 78.50575386593609,22.65043507005113,0 78.50557872925795,22.650543285415484,0 78.50545211708067,22.65061542362546,0 78.50531589704649,22.650651465760575,0 78.5052380127977,22.650678506428253,0 78.50512607461215,22.65076865144222,0 78.50509201164977,22.650849987525156,0 78.50507237801138,22.65094472544649,0 78.50506756822926,22.650940257551493,0 78.50510137572138,22.651211202025426,0 78.50513531419665,22.651409867907393,0 78.50516897039647,22.651798208544054,0 78.50517345755925,22.65219556063784,0 78.50518795283371,22.652394219238275,0 78.50523154194155,22.652529724565174,0 78.50528979782405,22.652701282696295,0 78.50540640770414,22.652931699878806,0 78.50540636007291,22.652927187726966,0 78.50555700720604,22.65313943282549,0 78.50563957466255,22.653293091383564,0 78.50566866617605,22.653351754350886,0 78.50571244991154,22.653383398848653,0 78.50577563463722,22.653401515110648,0 78.50586813959147,22.65340610867283,0 78.50593624903551,22.65339259856262,0 78.50598488166656,22.653338475729065,0 78.50603363004406,22.653248168480395,0 78.50614563395773,22.6531263485905,0 78.50619436945884,22.653063204263265,0 78.50621389670545,22.652986420674814,0 78.50622851096075,22.652914192496315,0 78.50626261649306,22.652846483654503,0 78.50631135571052,22.65277431504725,0 78.50633572776255,22.652733672582272,0 78.50637953462392,22.652711176922402,0 78.50644758440413,22.652720225334434,0 78.50650594359082,22.65276996766269,0 78.50659823480272,22.652923537194656,0 78.50666596756575,22.653325379613996,0 78.5066852187669,22.653542131631053,0 78.50670948061143,22.65364153618552,0 78.50684548715725,22.65387637856054,0 78.5069135152767,22.654052544835448,0 78.50694256060248,22.65421957959873,0 78.50696177617357,22.654404749489036,0 78.50705895530086,22.654617019688665,0 78.50712204632799,22.654738996207044,0 78.5072144025648,22.654860984274542,0 78.50736996091865,22.65496490250243,0 78.50749149963903,22.655050806728187,0 78.50762774009713,22.655091554395735,0 78.50778333195812,22.655114261281497,0 78.50790010349002,22.6550962565698,0 78.50811911815934,22.65504675411015,0 78.508508272436,22.654988333571026,0 78.5087613702672,22.654925260796393,0 78.50893160338333,22.65492545891979,0 78.50918457128834,22.654934664108897,0 78.50939372383549,22.65498441300843,0 78.50956392523089,22.655065821345293,0 78.50976814337803,22.65517435732358,0 78.50988478546624,22.655228630680465,0 78.51003555897347,22.655273846375486,0 78.51019799996917,22.655287284346375,0 78.51028366969939,22.65527407075804,0 78.51031290504596,22.655224451992716,0 78.51037631114548,22.655066426838545,0 78.51040558231927,22.654926481739473,0 78.51042030441863,22.654827184095613,0 78.51044949643732,22.654763937760837,0 78.51053715994983,22.65472336320557,0 78.51059063018457,22.65472342747846,0 78.51065381623349,22.65474154171674,0 78.5107316885171,22.65475059249705,0 78.51077547493804,22.65478223555658,0 78.51081915408406,22.6548319242849,0 78.5108823265408,22.655008133210476,0 78.51094533092632,22.65523387691555,0 78.51107637715621,22.65561773842784,0 78.51117823489673,22.65593391362092,0 78.51123168283941,22.65611905043847,0 78.51137725600756,22.65652552059202,0 78.5114256888355,22.656724235318,0 78.51149380409801,22.65682360880561,0 78.51159100064878,22.65688689677787,0 78.51173200319387,22.65693661874027,0 78.51187803084811,22.65694578466135,0 78.5120434130046,22.656927884971914,0 78.51220394700003,22.656882775397364,0 78.51236459529542,22.656792641075057,0 78.51250083944008,22.65670245160149,0 78.51262740335692,22.656634726507043,0 78.51272959191046,22.65661675932806,0 78.51284630832455,22.656612378308495,0 78.51295339946742,22.656616926279426,0 78.51307010568367,22.65663961417687,0 78.5132159520904,22.65673449997244,0 78.51339586773544,22.65685200055708,0 78.51358070124984,22.656946991579574,0 78.5139015577299,22.65714588586141,0 78.5141786973451,22.657394348414645,0 78.51432945389676,22.657493792890122,0 78.51449966493261,22.657566172410966,0 78.51461146044748,22.65759332366953,0 78.51470878129592,22.657593446335277,0 78.51479638429123,22.657584451410198,0 78.51484505393097,22.657561907856177,0 78.5148645658841,22.657512286060708,0 78.51486945043258,22.657449077256608,0 78.5148500836354,22.65737228028585,0 78.51480144137042,22.657322544147036,0 78.51467013881128,22.65719603623897,0 78.51460702533522,22.65711024819038,0 78.51460705604009,22.657028945165198,0 78.5146120563594,22.656920620661495,0 78.514612160371,22.656771643088266,0 78.51462676053178,22.65672648403557,0 78.51469978920022,22.656690367610125,0 78.51480678679236,22.656676958694504,0 78.51486030782436,22.656681441561922,0 78.51501107061573,22.656762837746093,0 78.51524922177916,22.657011378192443,0 78.51544367045297,22.657273394240676,0 78.51566717010931,22.657580534745772,0 78.5158713139564,22.65778380900984,0 78.5159734165008,22.657869700557733,0 78.5160561003936,22.65788330731699,0 78.51620207722632,22.657896980256435,0 78.51649394333761,22.657897160828682,0 78.51676156194247,22.657874730566082,0 78.51692699577005,22.657852314366412,0 78.51726268918874,22.657775762619302,0 78.51739409258946,22.657762313108414,0 78.5174767285127,22.657771406939318,0 78.51764700925825,22.65779406298804,0 78.517749191873,22.657794139103476,0 78.51786103018067,22.65784384680419,0 78.51821111310146,22.658038229385586,0 78.51845427999427,22.658151277224416,0 78.5186439204462,22.658277890772847,0 78.51882856843221,22.658503713369726,0 78.5189354701093,22.658779234454215,0 78.5190179858057,22.659000561492253,0 78.51911983554301,22.659406966010256,0 78.51920228298658,22.659686945161535,0 78.51924600015192,22.659786353407306,0 78.51936759437079,22.65989471594132,0 78.51952322628783,22.65996713177106,0 78.5196837309406,22.660012340685252,0 78.51994637487951,22.66004408856534,0 78.5200047483132,22.66007577911452,0 78.52009222903082,22.66013905990935,0 78.52018460991975,22.660233969310674,0 78.52033043064425,22.660437221515,0 78.52044209379672,22.660730743647047,0 78.52051983250203,22.66085727702853,0 78.52046614092625,22.66106945036373,0 78.52049009668849,22.66153899610447,0 78.52041701377654,22.661737628638054,0 78.5201200220388,22.662067038022826,0 78.52002750168586,22.662089524106232,0 78.51979890052324,22.66200359883507,0 78.51956551068821,22.66184995025806,0 78.51935149844813,22.66175495905569,0 78.51911797682276,22.661849638330445,0 78.51894241932877,22.662310057111466,0 78.51892271993862,22.662621634686893,0 78.51914635399433,22.662874631378877,0 78.52032300206378,22.66375134126596,0 78.5207120384378,22.66396828804001,0 78.52123228018853,22.6645059240781,0 78.52145571699685,22.664935057499598,0 78.52191772236802,22.665174624879157,0 78.52244307110762,22.665269787768768,0 78.52292960512185,22.66527912433069,0 78.52339157958366,22.66546905921153,0 78.5236299055916,22.6655730283437,0 78.52410654563568,22.665773073587868,0 78.5244848214823,22.66593139863397,0 78.52474815251283,22.666011116073175,0 78.52530694163431,22.66617828477947,0 78.52578768253949,22.666066679344866,0 78.52635659511212,22.665777214672914,0 78.52684583940606,22.665534371540815,0 78.52757093016271,22.66517816243522,0 78.5277169787365,22.665151126722254,0 78.52829580144788,22.665264374296715,0 78.52875788518155,22.66544526952902,0 78.52895249449911,22.665431778852255,0 78.52989172900733,22.665071187462594,0 78.53089431531035,22.66446674079576,0 78.53192126790105,22.663785547501337,0 78.53292379429391,22.663361648633987,0 78.53390689850188,22.662802388344772,0 78.53483153910987,22.662342368039397,0 78.53550341312072,22.661516480459532,0 78.53686093833677,22.66067312443135,0 78.5374170046195,22.660322549018474,0 78.53824459662843,22.659783570191195,0 78.53873583498705,22.659455655322038,0 78.53995337835991,22.658604767005365,0 78.54110446660117,22.657751554855476,0 78.54164922941045,22.657330422108032,0 78.54194951325421,22.65709287942205,0 78.54206901799034,22.656995741746854,0 78.54266610133075,22.657000539631014,0 78.54300788309844,22.657122702188914,0 78.54311536963368,22.657301744277007,0 78.54314095184937,22.65739140844796,0 78.5434335365278,22.65862803169493,0 78.54366313859808,22.659389096935687,0 78.54387342346199,22.65976540024878,0 78.54422725467758,22.66004454948608,0 78.54447826008709,22.660123895230733,0 78.5445372216671,22.660114860804903,0 78.54506883401885,22.660007055319667,0 78.54569832662305,22.659919331811455,0 78.54596387440994,22.65997495683796,0 78.54628434277208,22.660093322463826,0 78.5471256639321,22.660405287167922,0 78.54869685529711,22.661021715774282,0 78.54993015247213,22.661238798478298,0 78.55036332726657,22.661253029807675,0 78.55039359469596,22.66123693500039,0 78.55122363066141,22.660748426972138,0 78.5514086530919,22.6606173265217,0 78.5525115065281,22.6598435753214,0 78.55369705820335,22.659060897784766,0 78.55384644969895,22.65896898370451,0 78.55414255165319,22.658915954316274,0 78.55442771525703,22.658929112335258,0 78.5553621675562,22.658952205928326,0 78.55567081014111,22.65895975025626,0 78.5562148277851,22.658937221824775,0 78.5569959553626,22.65889574344432,0 78.55776471216119,22.658859764695062,0 78.55822104575354,22.658841218881058,0 78.55904704817367,22.658650837303007,0 78.55964236137844,22.65851250483677,0 78.55995631664747,22.65841266336105,0 78.56000231817703,22.658505137840386,0 78.56003514513606,22.658535631396408,0 78.5606942492499,22.65914674536259,0 78.56087010385575,22.659253538255822,0 78.56159608175653,22.659355152106546,0 78.5628204820354,22.6595242651844,0 78.5646562400387,22.65976848348821,0 78.56565133002773,22.65991648208179,0 78.56677878637915,22.660107353736514,0 78.56821075527871,22.660387211685464,0 78.569680827383,22.660764719888096,0 78.57020788504552,22.661021541182553,0 78.57126344939078,22.66155221933362,0 78.57165012232103,22.661753673686775,0 78.5730316021273,22.66222823745293,0 78.57434016178412,22.66257632760807,0 78.57509901278281,22.663023572346077,0 78.57526435646835,22.663118397053474,0 78.57559043128613,22.662802412680364,0 78.57681177846763,22.662039780931025,0 78.57809636886458,22.66138094982528,0 78.57821317979115,22.661304146708368,0 78.57869479109698,22.66130883986689,0 78.58033442439815,22.660961673476365,0 78.58134166574956,22.660415592982922,0 78.58337422862088,22.65936524868557,0 78.58497806450822,22.65833069374838,0 78.58503150769516,22.658328878069582,0 78.5856489658803,22.65844117008146,0 78.58596894818946,22.65845682604645,0 78.58706003759015,22.658498724645323,0 78.58749449265925,22.658443822488337,0 78.58858168043471,22.658313490394434,0 78.58940019062746,22.65822412721393,0 78.58976054554837,22.658111381990103,0 78.5902515749409,22.65784817943999,0 78.59076823587716,22.65756317889106,0 78.59197358534522,22.65694252613105,0 78.59226459105759,22.656820664605647,0 78.59241847783954,22.656789610425456,0 78.59339413834996,22.65658752235305,0 78.5934703145945,22.656461829020945,0 78.5942998574963,22.65504546460129,0 78.59468187978983,22.654351582654115,0 78.59522757744442,22.65333900880607,0 78.59541768173291,22.653140455150968,0 78.59671411433246,22.65271256402996,0 78.59826124010455,22.652184016679826,0 78.59945140519277,22.65188765959592,0 78.60083286426492,22.651507554416593,0 78.60248732852907,22.651002662139458,0 78.60354449299784,22.650676666754496,0 78.6043869252894,22.65043882990511,0 78.60528509371817,22.650517526681334,0 78.60626675995907,22.650587569283456,0 78.60717618194299,22.65063811711454,0 78.60781689496515,22.65064104196247,0 78.60913548087775,22.65002558741172,0 78.61063177180813,22.649418155733375,0 78.61101810548013,22.649298879834905,0 78.61176067346119,22.649083712031292,0 78.61186528713826,22.649105917674625,0 78.61206479078119,22.649318409956404,0 78.61323986752978,22.651008768683166,0 78.61339034777846,22.651103156913173,0 78.61408566854774,22.651446540635142,0 78.6147472217417,22.651767466363896,0 78.61560241059799,22.652168930495062,0 78.61732073087238,22.652929570698806,0 78.61775755795352,22.653090103151666,0 78.61785730292829,22.653192657856973,0 78.61795443243506,22.653666129839134,0 78.61829576221092,22.655044299880867,0 78.61841139022167,22.65562659817272,0 78.61858784759255,22.656486186369705,0 78.61873531710886,22.657156102455822,0 78.61898605809972,22.657828656828944,0 78.61894183742179,22.658046461960488,0 78.61880423519973,22.658279186163725,0 78.61837117978497,22.65895827462603,0 78.61828930099038,22.659137478997696,0 78.61794537427762,22.65988756429081,0 78.6174611675514,22.660686562277487,0 78.61703544673884,22.66137529007927,0 78.61667849469846,22.66203281607769,0 78.61604026797039,22.66327475624169,0 78.6160426403768,22.66348422384985,0 78.61665361857473,22.664256191075452,0 78.61737112251083,22.66517306198896,0 78.61829299958418,22.666374640751055,0 78.61841243664936,22.66648613182901,0 78.6191952879363,22.66722683781611,0 78.619827763441,22.66788540388975,0 78.62038735658038,22.668400232831488,0 78.620558248254,22.66874139530468,0 78.62061550228832,22.669021490528678,0 78.62074475713207,22.669657602650034,0 78.62098479704422,22.670771846487842,0 78.62122956732199,22.671067004853,0 78.62129164026565,22.671118126875577,0 78.62209654284287,22.67180072149769,0 78.62261496413916,22.67229876296622,0 78.6232472799741,22.672920569558734,0 78.62359999043213,22.673259120977445,0 78.62430870394063,22.673759127668056,0 78.62435743713644,22.673795295230157,0 78.6244643992457,22.673908135382664,0 78.62449366579798,22.674219709484923,0 78.62435742642229,22.674720841356695,0 78.62426493073728,22.675411677491944,0 78.62427951031705,22.675610325025268,0 78.62440117889484,22.675872186483076,0 78.62480498844526,22.676468259577074,0 78.6250920855776,22.676992007809787,0 78.6251942442911,22.677326063880166,0 78.62521371750032,22.677691781600366,0 78.62521371277398,22.677890481238986,0 78.62530126474789,22.678179471520696,0 78.62558349971626,22.678486520644505,0 78.62604578760553,22.67881609979223,0 78.62622576895035,22.678901885001483,0 78.62655665582047,22.67906444555131,0 78.62703343692185,22.679299221620248,0 78.62741781264194,22.67947073488563,0 78.6282255997855,22.679696528622014,0 78.62895536483074,22.679849978215543,0 78.62946145722711,22.680053154294445,0 78.63019615883343,22.680635624635965,0 78.63037135938895,22.680771083233832,0 78.63083363336872,22.681132229440394,0 78.63099900637673,22.681258667417122,0 78.63164125773409,22.68129925961518,0 78.63268257556196,22.68140761886092,0 78.63302799166205,22.681529505969998,0 78.63347080221594,22.681750697136202,0 78.63379194623168,22.68203064288578,0 78.63434668968506,22.682441410212213,0 78.6351982783546,22.683407668375864,0 78.6354903090775,22.6839585127632,0 78.63568008855779,22.684152563968045,0 78.63612767774477,22.684468629547723,0 78.63640020804178,22.684739478123102,0 78.63659001658874,22.684893015425956,0 78.6368430206789,22.685200057547505,0 78.63715456611372,22.685935962787134,0 78.63738327186006,22.68643264764639,0 78.63755360939422,22.686540983378986,0 78.63807911230204,22.686608676406287,0 78.63878947769197,22.68641892194174,0 78.63965565062958,22.68626536460076,0 78.6402006319497,22.686301457959985,0 78.64115918561104,22.68648194196112,0 78.64155824796269,22.68659029339995,0 78.6421713299849,22.686671462142915,0 78.642974121419,22.68656298830838,0 78.64331479171976,22.686675878276535,0 78.64395716485085,22.68702340040955,0 78.64438536735224,22.687231079305008,0 78.64571380269646,22.687637290791354,0 78.64606905369888,22.687732073745227,0 78.64813703851227,22.68772719675986,0 78.64932436466304,22.68779926590557,0 78.64976712578617,22.687799242830778,0 78.6503024029754,22.68807461156578,0 78.65083775169968,22.6882279786282,0 78.65097884368429,22.688209895564874,0 78.652000670236,22.688078826956477,0 78.65201525736356,22.688078772309982,0 78.65345059711935,22.687771539163002,0 78.65426800649092,22.687428249938502,0 78.65485669645591,22.68709398020039,0 78.65552332005124,22.6868906854365,0 78.65622397972015,22.68689955547982,0 78.65680306990541,22.68695817321541,0 78.65778590455857,22.686989512305768,0 78.65905111005978,22.687178945859444,0 78.65893931288528,22.687427300385636,0 78.65888089375383,22.687598874461607,0 78.65885172694252,22.68774336062516,0 78.65884705088222,22.688199371584755,0 78.65884703101244,22.688375512811767,0 78.65890061599599,22.688510876978665,0 78.65899313098885,22.688623750348402,0 78.65916831244905,22.688745640446925,0 78.65933861750273,22.688781763569832,0 78.65966949680104,22.688777133670122,0 78.66023876627041,22.688758952116586,0 78.66046268191286,22.68876341373881,0 78.6605599403862,22.68878148885526,0 78.66068652650132,22.68880396690119,0 78.66074108728235,22.68881803014752,0 78.6608132450501,22.688851493184277,0 78.66091031088031,22.688898752324985,0 78.661091340433,22.68898611298597,0 78.66124417722988,22.68914654053659,0 78.66142661326049,22.68940467743717,0 78.6615193914222,22.689572078440236,0 78.66160568281742,22.689729629109994,0 78.66167360426498,22.68987872461973,0 78.66179138217102,22.69002284642224,0 78.66193743558185,22.690198893901744,0 78.66205910366268,22.69034332785237,0 78.66219056040897,22.690442638170072,0 78.66246303373161,22.69055092495054,0 78.66265775464699,22.690654752289234,0 78.66275507482725,22.69068636249468,0 78.66291566664208,22.69073142032741,0 78.66311024725536,22.69078110386083,0 78.66345089802596,22.690830692776103,0 78.66368934056865,22.690880301273797,0 78.66384998605726,22.69092987026704,0 78.66408846210061,22.69102468821596,0 78.66452639298758,22.6911780705089,0 78.66464315016388,22.691191527512903,0 78.66482811831865,22.691191495833802,0 78.66501789518237,22.691186994528977,0 78.66518815261847,22.691092086899175,0 78.66534386840686,22.69099272465626,0 78.6654216415408,22.690897924566666,0 78.66547518124476,22.69077593437984,0 78.66561117702432,22.690080573509398,0 78.66566463778616,22.689859324776386,0 78.6657132774352,22.689692265870033,0 78.66577647967046,22.68955682458237,0 78.66586404061084,22.689416809404992,0 78.66594677339152,22.68932196060136,0 78.66610240159693,22.689240643586434,0 78.66623376903473,22.68922255299648,0 78.66635062292136,22.689236101618782,0 78.66644300348,22.689294736119834,0 78.66651608366202,22.68941664167707,0 78.66658428707305,22.689832043258665,0 78.66662826090403,22.690288021327145,0 78.66667209037034,22.690437016257253,0 78.66675489701575,22.690558915064074,0 78.66686676305851,22.69066274603409,0 78.66706634419819,22.69075749401121,0 78.6673582802639,22.690816129303638,0 78.66767944805092,22.690820512099414,0 78.66799092067227,22.690802434927953,0 78.66863808583985,22.6908337969768,0 78.66880841912126,22.69083832887904,0 78.66896899850026,22.69086533255269,0 78.66912473725496,22.69091945668741,0 78.66925122509393,22.69100067151429,0 78.66937783255348,22.691109048503208,0 78.66942651344203,22.69123994729107,0 78.66945572040508,22.69140253247056,0 78.6694315249453,22.691605717015893,0 78.66935289908038,22.691743009849542,0 78.66916514553772,22.69191472145989,0 78.6689732280587,22.692009602974593,0 78.6683777706413,22.692083326311092,0 78.66778126279067,22.692130161386363,0 78.66757995406537,22.692191029090306,0 78.6674177730831,22.692256179820046,0 78.6672630159656,22.69234746291947,0 78.66714471640388,22.69247318984423,0 78.66707945064682,22.692614617910106,0 78.66705011866713,22.692860850998112,0 78.6670530756914,22.692931515137776,0 78.66712521273189,22.69348672784596,0 78.66718899401396,22.693990255457894,0 78.66724677496876,22.694480467016053,0 78.66734346129782,22.695250203006207,0 78.66733946944417,22.695535581655545,0 78.66732399668072,22.696086850031424,0 78.66731283634456,22.69630036283359,0 78.66732104504653,22.6967929091922,0 78.66733621535636,22.696921471590116,0 78.6674291061105,22.697106931666543,0 78.66748378411332,22.697188468068536,0 78.66758067549685,22.697278995873017,0 78.66773648882136,22.697357462199218,0 78.66792093029663,22.697396432481195,0 78.66802593591298,22.697409406254916,0 78.66841999688337,22.69742747103438,0 78.66886702488522,22.697442701910944,0 78.66909729337368,22.69745636048523,0 78.66919861235637,22.69748202592788,0 78.66942911205149,22.6975650149725,0 78.6695140188644,22.69762819607129,0 78.66957459435021,22.697717494691084,0 78.669574708501,22.697971789017092,0 78.66958099697791,22.698197429323283,0 78.66962034587439,22.698564761068937,0 78.66969096231308,22.698814304215674,0 78.66980210826183,22.6990061093566,0 78.6698886273548,22.699133897929066,0 78.67008695261444,22.699430342102275,0 78.67040469778883,22.699696917455263,0 78.67053154498737,22.69976956778929,0 78.67079084148742,22.699855164940278,0 78.67092092139933,22.699880164837257,0 78.67119470860379,22.699931435408626,0 78.6715543206247,22.699944301340366,0 78.67191135174025,22.699855269949044,0 78.67198348634207,22.699828687987946,0 78.67228063842221,22.699716673972677,0 78.67253155545637,22.699613361444264,0 78.67263767893593,22.699594353930856,0 78.67276753691596,22.699601048508466,0 78.67291157055134,22.699654894291317,0 78.67307731444964,22.69971078680978,0 78.67322323739403,22.69975939315142,0 78.6733749681384,22.69978097720983,0 78.6736376015608,22.699831195707464,0 78.67377477413821,22.699837738777173,0 78.67407050940632,22.699830620340112,0 78.67424039848615,22.69982796583337,0 78.67445781752876,22.699779082577383,0 78.67471487693754,22.6997466139528,0 78.67551829018122,22.699642187842,0 78.67603990300182,22.69957422555886,0 78.67659450090673,22.699510447431827,0 78.67723926098293,22.699538056562126,0 78.67743334261512,22.699593264880743,0 78.67754221607953,22.699626845475596,0 78.6777114516826,22.699655989698783,0 78.67791274083753,22.699678271459852,0 78.67812840571011,22.699663635320853,0 78.67830003370605,22.699620578684726,0 78.6785374812921,22.699554172605172,0 78.6789304826541,22.69943814486722,0 78.67919914194411,22.69935519544639,0 78.67936228592154,22.699308455397773,0 78.6797371553036,22.699201267325,0 78.67998629440977,22.699175056632516,0 78.68010093783514,22.699147105662643,0 78.68026073438993,22.699149079239252,0 78.68047956179473,22.69917897455914,0 78.68036140514342,22.698966406887713,0 78.68022114398042,22.69863441519511,0 78.6800919361477,22.698321714384186,0 78.67993901488592,22.69726919071441,0 78.67992582768794,22.69711547909559,0 78.67996742983814,22.695672237392,0 78.68002234022437,22.69469964590585,0 78.68007445434485,22.69395468315405,0 78.68026597439206,22.692807943782928,0 78.6806182192062,22.69088878831562,0 78.6808779273236,22.689540257286012,0 78.68090849906653,22.689381509463196,0 78.68101399285158,22.68911189410153,0 78.68114467959924,22.688759731371928,0 78.68126792862977,22.688047318912048,0 78.68132984014063,22.687059026640682,0 78.68136581230597,22.686410688181613,0 78.68139257225867,22.686016335633603,0 78.6814490066877,22.6848762266121,0 78.68149923272203,22.683274274893865,0 78.68155856071338,22.681338532543208,0 78.68158452877479,22.680893651319238,0 78.68167593939692,22.680134019363827,0 78.68176404043079,22.6794382033686,0 78.68197165954089,22.6787632211205,0 78.682263079446,22.677748674782535,0 78.68239834338813,22.677256901404355,0 78.68239835575736,22.677256855474358,0 78.68254406273002,22.676746649100217,0 78.68283066420904,22.675667431503665,0 78.68297638370038,22.675089448064274,0 78.68304924299065,22.674800502824183,0 78.6833261172902,22.673671571468784,0 78.68347193289159,22.673310333993847,0 78.68413810560571,22.67237095260284,0 78.68454161452163,22.67172062023362,0 78.68466793275108,22.671363817554163,0 78.6846674369552,22.67136092948644,0 78.68463381555941,22.671165190812513,0 78.68447274724055,22.670054472169475,0 78.68438983455583,22.66944955487276,0 78.68439153985648,22.669422457418214,0 78.6844478699956,22.668522516815678,0 78.68445447724267,22.667547805629695,0 78.68438405054795,22.66728223569082,0 78.6842133992004,22.666582458384536,0 78.68401022496249,22.666177055358137,0 78.6839895400807,22.666135780510597,0 78.6837482447219,22.665815492601233,0 78.68330861836762,22.66541416962449,0 78.68287975595824,22.665156162222804,0 78.6818871772411,22.6648179212337,0 78.68099189693628,22.664551784672806,0 78.68045170101033,22.664344342555825,0 78.67989696845049,22.663965235832237,0 78.67969743498104,22.663721435415567,0 78.6795707759316,22.66331520321177,0 78.67959004615405,22.662841091583775,0 78.67971142746065,22.662226992659715,0 78.68006132734405,22.661215457292858,0 78.68075648951479,22.660063836230922,0 78.68166580678957,22.659052092530956,0 78.6830323274021,22.657904815884642,0 78.68409742649705,22.657172935929,0 78.6847638054827,22.656865653557958,0 78.68544469599941,22.656486122833837,0 78.6854464336676,22.656485273305975,0 78.68599313472497,22.656174787329512,0 78.68709884374529,22.65551699620916,0 78.68810501070884,22.65490030158867,0 78.68869703428139,22.6543593222339,0 78.6891279260871,22.653965579743762,0 78.69009413687884,22.65303900044423,0 78.69040988626773,22.65272301081728,0 78.69086692949966,22.65228489970849,0 78.69159146003624,22.651584745248826,0 78.69227228652224,22.65113741792615,0 78.69305525839053,22.650662974845968,0 78.69417386442665,22.650183956640195,0 78.69477216142529,22.650052737315615,0 78.6960709865312,22.65009280653506,0 78.6969417741263,22.65024143250095,0 78.69771539488339,22.650484884600125,0 78.6983967100965,22.651012789767822,0 78.69942355310164,22.65163996203313,0 78.7002556135804,22.652093326655823,0 78.70053296902272,22.65224444658791,0 78.70126774565684,22.652605312364518,0 78.70199766249151,22.652916505205066,0 78.70284902600517,22.653105718899784,0 78.70316040188528,22.653177803085626,0 78.70406539218641,22.653371519330108,0 78.70464473735635,22.65346699588755,0 78.70524442821477,22.653565822159138,0 78.70597738273607,22.653686606489757,0 78.70650735369223,22.653692841473095,0 78.70790679642285,22.65369736450242,0 78.70975540398447,22.653446445323652,0 78.71164567759003,22.652861356799868,0 78.71233848027886,22.65241029869551,0 78.71378604255463,22.651081861761217,0 78.71438637001069,22.65053498819633,0 78.7147951925347,22.650146903781614,0 78.71522069775656,22.64974297829501,0 78.71737427246916,22.64818147880319,0 78.71850506552418,22.647607546927834,0 78.71998648540053,22.64692900999571,0 78.72151464948212,22.64619135370705,0 78.72214036897631,22.645903403296124,0 78.7230563059364,22.645558097699983,0 78.7235589107078,22.64531118799838,0 78.7236631186674,22.64524886314805,0 78.7244247103721,22.644648591666513,0 78.7250393492759,22.644174193422977,0 78.72546122901089,22.64384733342305,0 78.72673010455766,22.64266131093923,0 78.72720325476709,22.64224203503918,0 78.72731217675712,22.642145908465135,0 78.72739775742393,22.64207038090927,0 78.72836507487426,22.641184810366777,0 78.7288414947106,22.64078717125039,0 78.72913016198004,22.64037072172438,0 78.72919196705362,22.64028112052059,0 78.72926422849856,22.640176748952555,0 78.7294183022567,22.6398668187621,0 78.72950913942094,22.639683764757976,0 78.72963822417996,22.63942363303562,0 78.72981529374424,22.63906680222562,0 78.72992487057358,22.63873312275732,0 78.7300210948849,22.638437745443756,0 78.7300577685391,22.638325169455126,0 78.73010853900415,22.638169281332345,0 78.73016082999565,22.638008380559217,0 78.730191539158,22.637913883891862,0 78.73019613089487,22.63777144803899,0 78.73019855954048,22.637696106340556,0 78.73022003613163,22.636986484543836,0 78.73022810270466,22.636698333130834,0 78.73023301183848,22.636501436787697,0 78.73023600272005,22.6363652181985,0 78.7302645221852,22.63463609434783,0 78.73012523843924,22.63384215550159,0 78.72988367315735,22.633471929698338,0 78.72982251246422,22.633376886300645,0 78.7297752295928,22.633305986451052,0 78.72972317710212,22.633168483262974,0 78.72972274387217,22.63316733792929,0 78.72972230965946,22.633166191666646,0 78.72972187642961,22.63316504633297,0 78.72972137935177,22.633163734733138,0 78.72972093161181,22.633162551528006,0 78.72972040845336,22.6331611678928,0 78.72969718669049,22.63309982495782,0 78.72976608091507,22.632882037991127,0 78.729816908136,22.6327369757432,0 78.7301020775255,22.631929237698337,0 78.73012188539809,22.630966583343234,0 78.73007779409605,22.630649185415326,0 78.73007626573589,22.630640291252096,0 78.7300472218482,22.630471314999177,0 78.7300063209694,22.63023335225779,0 78.72986733903005,22.629949775165905,0 78.72969938850544,22.629693225720885,0 78.72955346395904,22.62945774358252,0 78.72914346083363,22.62897380536312,0 78.72904627819231,22.628860120997448,0 78.72892943985414,22.628705288381067,0 78.72872934047304,22.628436521271787,0 78.72864675436348,22.62819926426061,0 78.72863856406184,22.627981912388737,0 78.72863769166288,22.627956362167588,0 78.7286807660707,22.62765263970102,0 78.72887513322489,22.627431263080904,0 78.72932232318908,22.627096818885228,0 78.72971605883214,22.62669020020782,0 78.73045491335644,22.62610277855421,0 78.73167982645522,22.625149277305816,0 78.73261798056797,22.624493902884193,0 78.73324521814108,22.624276778809083,0 78.73394067544207,22.624276318336936,0 78.7346995094362,22.624388621838328,0 78.7354536549761,22.624668087866517,0 78.7354589449505,22.62467047520024,0 78.73611836069357,22.624968144157595,0 78.73659498712246,22.625183296722856,0 78.73659537421405,22.6251834721217,0 78.73659713591165,22.625184266645157,0 78.73660337094952,22.62518708165907,0 78.73671928709452,22.62523940670907,0 78.73695416806659,22.625345432626027,0 78.73762685102449,22.625597059395417,0 78.73819754550902,22.62581267260961,0 78.73915146397881,22.626386032615073,0 78.73919524887299,22.62640553280971,0 78.739826809564,22.626637860499553,0 78.74004523373559,22.626717290579382,0 78.740210622274,22.62677743462109,0 78.74073341844766,22.626722638532865,0 78.74077718698561,22.626713380061993,0 78.74109656369764,22.626425230024747,0 78.74110308485658,22.626418015877455,0 78.74127798367172,22.626079454922106,0 78.74146868125533,22.6254513338882,0 78.74147113716782,22.624740921399464,0 78.74143903228565,22.62444071568173,0 78.74135941030299,22.62377632577255,0 78.741220533337,22.62297535156085,0 78.74108835589057,22.62194146380416,0 78.74089791200961,22.62108820190195,0 78.74069777459366,22.62018081278095,0 78.74065430834696,22.619525918591734,0 78.74067475449354,22.619483883015597,0 78.74149942229839,22.61926515949739,0 78.741897798992,22.619252121524614,0 78.74211230979493,22.619245100293,0 78.7478716178074,22.61801245692096,0 78.74818800304685,22.61794700872663,0 78.74864411039087,22.61775970109444,0 78.74874534184356,22.617776887896966,0 78.74884945758882,22.61779456429886,0 78.74895357435389,22.61781224063762,0 78.74904858708304,22.61785489299706,0 78.74912153716977,22.617927241954327,0 78.74918491825615,22.618005888963257,0 78.74924763622393,22.618085024911977,0 78.74930812350743,22.618165542877914,0 78.74934482238103,22.618257619702035,0 78.74937126044269,22.61835272954295,0 78.74939550629614,22.618448304697882,0 78.74942413786965,22.618542824930508,0 78.74949612297631,22.618616999853675,0 78.74959880324498,22.61863749698823,0 78.74970478770696,22.618636968851114,0 78.7498049605317,22.618605725187102,0 78.74989016156374,22.618545560549517,0 78.74998812119883,22.61851281064043,0 78.75009133191968,22.61849087274063,0 78.75019459991985,22.618469371667334,0 78.75029716668219,22.618445694596172,0 78.75039911356303,22.618420252842753,0 78.75050260288624,22.618397166050343,0 78.75060767036467,22.61838318251746,0 78.7507133710675,22.61837714079093,0 78.75081921908959,22.618374987512627,0 78.7509249819797,22.618377075248684,0 78.75103075097643,22.618383197586667,0 78.75113651693478,22.618388392653838,0 78.75124225976609,22.618387804371256,0 78.75134776145592,22.618380166787222,0 78.75145296645303,22.618368180858166,0 78.75155598516747,22.618344812339085,0 78.75166176139658,22.618337499050224,0 78.75176023003166,22.6183740820031,0 78.75185461592764,22.618417499935855,0 78.75194927168901,22.618459249830792,0 78.75204772555117,22.618498854301126,0 78.75215106675064,22.618525574650736,0 78.7522562094037,22.618537282557636,0 78.7523615010883,22.618543557486756,0 78.75246714121621,22.618547198245356,0 78.75257265331332,22.61853119509101,0 78.75266894200611,22.618486083696144,0 78.75275323532858,22.61842787851809,0 78.7528365804226,22.618367285423414,0 78.75291946058407,22.61830624743598,0 78.75300166257811,22.61824434939809,0 78.75308338058677,22.618181924367963,0 78.75316510842528,22.61811950029709,0 78.75324734091876,22.618057603302645,0 78.75333160596595,22.61799825035728,0 78.75341842258939,22.617942030382224,0 78.75350441199959,22.617881962292923,0 78.75360107172857,22.617846328566948,0 78.75370690738528,22.617844900551322,0 78.75381268949344,22.617842430680376,0 78.75391843078013,22.617838207337122,0 78.75402417208562,22.617833877116073,0 78.75412989548795,22.617829239151728,0 78.75423546338827,22.617822913066266,0 78.75434091368804,22.617814250979585,0 78.75444571596621,22.61780083991789,0 78.75454664270129,22.61777199138155,0 78.75464440257491,22.617731495380507,0 78.75473753195458,22.617683080823483,0 78.75482136013918,22.617624516225714,0 78.7549020776832,22.61756027003933,0 78.75500592459109,22.617535820452535,0 78.75511158513291,22.61753442316914,0 78.75521733963198,22.617538471759122,0 78.75532316139835,22.61753201257616,0 78.75542604677139,22.617556909436427,0 78.75552534792914,22.617590468492484,0 78.75562581883501,22.617620646039608,0 78.7557271409435,22.61764860878623,0 78.75582915697078,22.617675252228768,0 78.75593246733352,22.617697508823575,0 78.75603698229725,22.617712925017365,0 78.75614243839524,22.61772261088564,0 78.75624825355129,22.61772436664423,0 78.75635388138765,22.617719851567713,0 78.75645439837955,22.61768888073874,0 78.75654765458287,22.617643638018908,0 78.75664720227284,22.617606748058236,0 78.75675245100092,22.617606109540265,0 78.75685791748694,22.61761438536437,0 78.7569633860571,22.61762265192491,0 78.75706885476305,22.617630905522972,0 78.75717432455272,22.617639150770025,0 78.75727979453931,22.61764737661005,0 78.75738524243148,22.617650099935066,0 78.75749057153702,22.617640793845244,0 78.75759567328494,22.61762326373508,0 78.75769968853318,22.617599835692626,0 78.7578003251765,22.617569379642084,0 78.757902642857,22.617545807743934,0 78.75800661227676,22.61752740260016,0 78.75811058166734,22.617508997385265,0 78.75827098771066,22.617509116699598,0 78.75843139374555,22.617509236765017,0 78.75859179964966,22.617509370470742,0 78.75875180772695,22.617503457106004,0 78.75891026636873,22.6174782407662,0 78.75906748508724,22.617447712581317,0 78.75922689663582,22.617440585845987,0 78.75938680142234,22.61746071186691,0 78.7595422880658,22.61749620903756,0 78.75964770523417,22.61760528362272,0 78.75970016634605,22.61774711107877,0 78.75977553326432,22.617876451920697,0 78.75989651850139,22.61797452659079,0 78.76004673241283,22.618016967549092,0 78.76018650122377,22.617953223132446,0 78.76021449169613,22.617808256955506,0 78.76024259410899,22.617661937306238,0 78.76036402073368,22.617583484370417,0 78.76052423874,22.617587127989065,0 78.7606842468201,22.617597332660072,0 78.76082982112116,22.61766040249107,0 78.760958083807,22.617749007132012,0 78.76107648738666,22.617849481283233,0 78.76121381894573,22.61792677496661,0 78.76135640820826,22.617994401460546,0 78.76150688533474,22.618045334976042,0 78.7616200516661,22.618147750130277,0 78.76166062789189,22.618292527532365,0 78.76169868377814,22.618436404149474,0 78.76175100629018,22.618576798970217,0 78.76176922232901,22.61872497830178,0 78.76183858214287,22.618848838677092,0 78.76198447101248,22.618794423442818,0 78.76208997262437,22.618683011609253,0 78.7621908114502,22.618567868642653,0 78.76230013874054,22.618458775881788,0 78.76240887468758,22.618349272184528,0 78.76251104911752,22.61823504498639,0 78.76261101913448,22.61811836258848,0 78.76272639745919,22.6180149168937,0 78.76286727971316,22.61793984219602,0 78.76302001175982,22.617893647697446,0 78.76317849840147,22.617870777743015,0 78.76333854374838,22.617864194158578,0 78.76349496673389,22.617893227721297,0 78.76363232152445,22.617970315913844,0 78.76377916522422,22.61802948845002,0 78.76393631996366,22.61805961857803,0 78.76409144250044,22.61802322334487,0 78.7642176347489,22.61793109100937,0 78.76435831399259,22.617861237483282,0 78.76449412643619,22.61778142706806,0 78.76461609556786,22.6176847539975,0 78.76472447696395,22.617573977960948,0 78.7648180942462,22.61745331830809,0 78.76490392008031,22.617327530279034,0 78.76498449539662,22.61719944093793,0 78.76508699905165,22.617086457728334,0 78.76524467180506,22.61705805097215,0 78.7653994502908,22.61702673495263,0 78.76553222024421,22.61694275470183,0 78.7656285558983,22.61682396182772,0 78.76573840871237,22.6167147337669,0 78.7658808009618,22.61664756751142,0 78.7660372661476,22.616611372751947,0 78.76618816272189,22.616662121789638,0 78.76632410575743,22.616742973775313,0 78.76640700631232,22.616871533699335,0 78.76643696527297,22.617018588769838,0 78.76640919769072,22.61716401633681,0 78.76632941839807,22.617291977545875,0 78.76631154378417,22.617431880151045,0 78.76645171084108,22.617503654869264,0 78.76659161639377,22.617576464070197,0 78.76673031316935,22.61765116645945,0 78.76686259716348,22.61773368882009,0 78.76696836899107,22.617848411652812,0 78.76698905721332,22.617995022113387,0 78.76700983337507,22.61814240854276,0 78.76706717622662,22.618279803866084,0 78.76721196810871,22.61834579279133,0 78.7673685886163,22.618377483014957,0 78.76752370924645,22.61841490254288,0 78.76768026316606,22.618449150600938,0 78.76783837258766,22.618475464340694,0 78.7679976151453,22.618491827621565,0 78.76815811365151,22.618491303766962,0 78.76831779566946,22.618476380327966,0 78.7684768709352,22.61845690249065,0 78.76863541302663,22.61843442872246,0 78.768793368139,22.61840919521527,0 78.76895108367127,22.618381486531174,0 78.76910662367096,22.618346460523885,0 78.76925624315552,22.618294117209768,0 78.76940265043801,22.61822794510177,0 78.76952672698626,22.618133777591684,0 78.76962039606032,22.61801002729534,0 78.76965808241462,22.617866099305854,0 78.76969026216788,22.617720206958513,0 78.76979969361446,22.617652545138775,0 78.7699091249478,22.61758488324146,0 78.76994464620074,22.617572115269386,0 78.77000463206399,22.6175698558615,0 78.77006480000328,22.617566900916287,0 78.77022206232365,22.61752955922803,0 78.77038095273383,22.617494882259116,0 78.77050491535458,22.61748295410465,0 78.77062901639493,22.617481514955134,0 78.77076314170688,22.61748833202302,0 78.77089649112361,22.61751323586572,0 78.77098399450598,22.617545201330064,0 78.77106669005734,22.617585602168194,0 78.77117549738146,22.61764614810566,0 78.77128061155186,22.617712184734074,0 78.77141402332974,22.617805872351127,0 78.77159917874735,22.61796025584074,0 78.77176169088402,22.618136945493973,0 78.77180418058143,22.618208939323193,0 78.77184652017681,22.618326287795487,0 78.77189769751712,22.618439494537682,0 78.77198817881808,22.618571937464512,0 78.77209684876276,22.618692466000823,0 78.7722592601649,22.618826275208793,0 78.77243226852138,22.618945526739726,0 78.77264778552393,22.619078110548102,0 78.77286499374162,22.619207751276377,0 78.77305237722918,22.619311397868017,0 78.77323932004535,22.619415640059355,0 78.77335288127676,22.619498722655337,0 78.77350589059571,22.61964401057813,0 78.77366700987112,22.619781680426147,0 78.77388882054424,22.619926924524385,0 78.77400568151332,22.619989342741267,0 78.77412884340343,22.620039256745,0 78.77471173967123,22.620231128324473,0 78.77529577341159,22.620419269614267,0 78.77547326695955,22.620475853364045,0 78.77565076066115,22.620532436907173,0 78.77577241987164,22.620482777501355,0 78.77632700584803,22.62032510668731,0 78.77678894724176,22.620402119553454,0 78.77714965365743,22.620600211156408,0 78.77751329067628,22.620799911001846,0 78.77956493785483,22.62195251137131,0 78.78042546153549,22.62240450992809,0 78.78113520314972,22.622924163968225,0 78.78207803722249,22.62398578828786,0 78.78244723939181,22.62464072187845,0 78.78304936991948,22.626090460998512,0 78.78327724405841,22.627183267906368,0 78.78359295326787,22.627896790813864,0 78.7839281091238,22.62864204996432,0 78.78417087565401,22.629179494857446,0 78.78424835823037,22.629689743071417,0 78.78418474495048,22.630312757929385,0 78.78369743883027,22.63174382523418,0 78.78352193683486,22.632335190245367,0 78.78309321191982,22.633427617854736,0 78.78309278421303,22.634028120421757,0 78.78317026172418,22.634506788847354,0 78.78293588329605,22.635892832050377,0 78.78225840031516,22.638005470264307,0 78.78190209645187,22.639892615141083,0 78.78161428797343,22.641016740320687,0 78.78165291049392,22.64151342113813,0 78.78127315666404,22.64205048083574,0 78.78014874585166,22.64311991616168,0 78.7796619242936,22.64370214918054,0 78.77903389720231,22.644374490468895,0 78.77828942272355,22.644694629979217,0 78.77728204146379,22.645326161395072,0 78.77623092188732,22.645998307220346,0 78.77561744772007,22.646670660294646,0 78.77542754769219,22.647013670366825,0 78.7763321271993,22.647289635259977,0 78.77743608814819,22.647651538978106,0 78.77858378382444,22.648153463639296,0 78.77941060015135,22.648366173631032,0 78.77971695904738,22.64844763571211,0 78.7800185141247,22.648533570157284,0 78.78032497299024,22.648615030891555,0 78.78063141617594,22.648687468615393,0 78.78094270360486,22.648719247296285,0 78.78126375047385,22.648714917961946,0 78.78157995211951,22.64871957316246,0 78.78189611090922,22.648728831025952,0 78.78221227159294,22.648737996172382,0 78.78262076162936,22.649058835511035,0 78.78304370777437,22.649361558222385,0 78.78353001645358,22.64956056055727,0 78.78406028425617,22.64961949888865,0 78.78459528204132,22.649660426866426,0 78.78513049766211,22.64962465762524,0 78.785665564177,22.649647536008278,0 78.78619573410367,22.649706466087885,0 78.78673081760505,22.64973836495358,0 78.78727074621794,22.649761276535376,0 78.78780590801412,22.64975256606376,0 78.78834097651215,22.649775435025056,0 78.7888760336768,22.649820860888216,0 78.78941111830842,22.649852749386245,0 78.78994134820208,22.649916178437064,0 78.7904520361003,22.650065448218996,0 78.79098227567498,22.65010640781924,0 78.79150265549316,22.65023761281361,0 78.79199382570238,22.650427510480423,0 78.79251913649226,22.65054061186416,0 78.79304943718778,22.650586076306492,0 78.79357962017988,22.650536702464315,0 78.79410025165804,22.65041506359481,0 78.794625676253,22.650311416223598,0 78.7951414294196,22.650180711886698,0 78.79567169307921,22.650122307301448,0 78.79619707287696,22.650023257826728,0 78.79672253574564,22.6499150919484,0 78.79720913142283,22.64970763662113,0 78.79764225185254,22.649414402452745,0 78.79806563338674,22.6491120677176,0 78.79845492295989,22.64877364550248,0 78.79893170604277,22.648629361399518,0 78.79932069538275,22.64895009323648,0 78.7996902677915,22.64931155198594,0 78.80014737924752,22.649560081619867,0 78.80066779102421,22.649677719686046,0 78.80111521598897,22.6499443083003,0 78.80160157168288,22.650152184012168,0 78.80209767448848,22.650346599398894,0 78.80254021967217,22.65062677215312,0 78.80303626008698,22.65078499919434,0 78.80355673725438,22.650907139442566,0 78.80407719871478,22.651020254600635,0 78.80459283407976,22.651151377242243,0 78.8049476870046,22.651508286896096,0 78.80520530297142,22.65193275062117,0 78.80561869575426,22.652212869115417,0 78.8060614458279,22.651982850669533,0 78.80645072697703,22.651752686771577,0 78.80684493482065,22.6515587454118,0 78.80727789884043,22.651455064052307,0 78.80759908901317,22.651152636269714,0 78.80798836414536,22.650922560548793,0 78.8084359581502,22.650845968266562,0 78.80881530813348,22.651062924698657,0 78.80921897102061,22.65125723675339,0 78.80961776456634,22.651419927512716,0 78.80990462933632,22.65174959199937,0 78.81005042779792,22.652156045081085,0 78.81017184203036,22.65257151425927,0 78.81039054511275,22.65294631195785,0 78.8107358000365,22.653226435847223,0 78.81118332990648,22.65332136919878,0 78.81164061842453,22.65335772603271,0 78.81208818415215,22.653263077220902,0 78.8125115472001,22.65309163097562,0 78.8129153953742,22.65288412239149,0 78.81320240436943,22.652816481145667,0 78.8141851576281,22.652722047585677,0 78.81513365253913,22.65289398711641,0 78.81580951383398,22.65356246923933,0 78.81638330249393,22.654307679181617,0 78.81696186005657,22.655052924225235,0 78.81768164160265,22.65567174381673,0 78.81861551232818,22.655961034071765,0 78.81959820511223,22.655952377986473,0 78.82058095933778,22.65584878754313,0 78.82156845991473,22.655812993528507,0 78.82255603846626,22.655867519418752,0 78.82348025792493,22.656161309392363,0 78.82403452747727,22.65686582607759,0 78.82382508618944,22.657750787400346,0 78.82335288435397,22.658554345006905,0 78.82275424379048,22.6592855640386,0 78.82205339246826,22.65993100318411,0 78.82140123465462,22.660621564990876,0 78.82079775276497,22.661348319773882,0 78.82069519455638,22.66221523232811,0 78.82112787766916,22.663037132392205,0 78.82197424052193,22.6634437625697,0 78.82292302581438,22.663218354841327,0 78.8237453534703,22.662712884081696,0 78.82451907623951,22.66213972604638,0 78.82527345059783,22.661543949500054,0 78.82611039743355,22.661065556944237,0 78.82705907642308,22.660849145151854,0 78.82803207510591,22.661007474286702,0 78.8289271026565,22.661387003230132,0 78.82975878288063,22.661883893436823,0 78.8305078326535,22.662480136115583,0 78.8311935849863,22.66314402214213,0 78.83180153623036,22.66386660359668,0 78.83246783541686,22.66454405418353,0 78.83315360852478,22.66520793173524,0 78.8338296245936,22.66587633590141,0 78.83458846102565,22.666459007087965,0 78.83543484040717,22.66693783992398,0 78.83635424148324,22.66727221111531,0 78.83730294362422,22.667525223111248,0 78.83826615722832,22.667742155334118,0 78.83920996356554,22.667999721601724,0 78.8398082030076,22.66867266072454,0 78.83950144311723,22.669544011848817,0 78.83890288261163,22.670270785478664,0 78.8383431653411,22.671024738725674,0 78.8381628295633,22.67191418080499,0 78.83827938482791,22.67282173073282,0 78.83868788461771,22.673657115948313,0 78.83911581651756,22.674483534430486,0 78.83913996867352,22.67539553382348,0 78.8391494553345,22.676316628675092,0 78.83916374436023,22.677233249783075,0 78.83917813461693,22.678149778896525,0 78.83919734549515,22.679070856706605,0 78.83921173438007,22.679987478334848,0 78.83914823380766,22.68090405804695,0 78.83945945168706,22.681680692452822,0 78.83981459390436,22.681901990831832,0 78.84018432355656,22.682100749651994,0 78.84057356572521,22.682258866946043,0 78.84095792566332,22.68243057290088,0 78.84134712976089,22.682593200459838,0 78.84176070775888,22.682692572236434,0 78.8421596802838,22.68280555143007,0 78.84234935477089,22.68315780186651,0 78.84258279128798,22.683487367230757,0 78.84300121987138,22.683510074153194,0 78.84337594110197,22.683325003658016,0 78.84368259783722,22.683049640065775,0 78.84404751398266,22.682851050499593,0 78.84442709345221,22.682666013535865,0 78.84483095933452,22.68253962821909,0 78.84525432575987,22.682575902287745,0 78.84567763286358,22.682607570111646,0 78.84610578398537,22.682630159180384,0 78.84651936589673,22.682729610071156,0 78.84692804604165,22.68283353514524,0 78.84734159025992,22.68293740304938,0 78.84775513431565,22.68304136281841,0 78.84808118026145,22.68328976692177,0 78.84839734540108,22.683556234855235,0 78.84876225090346,22.68376395938757,0 78.84913205992848,22.683967207675007,0 78.84949686951984,22.684174929720374,0 78.84988610828806,22.68432399983469,0 78.85022188662928,22.684098288206837,0 78.85053825485154,22.68382289319512,0 78.85081076440602,22.683524975813196,0 78.85105900224762,22.683199895762126,0 78.85130237643553,22.682874870620502,0 78.8515456906262,22.682545241904013,0 78.85177927880888,22.68221572251045,0 78.8519448188234,22.681849963646624,0 78.8520713826061,22.681470743418497,0 78.85220762894609,22.68109601678809,0 78.85236338285932,22.68072576407828,0 78.85255807069296,22.680373667803345,0 78.85275767842691,22.68002602803453,0 78.85302533303224,22.67971453556193,0 78.853336684479,22.67944360888371,0 78.85365793656783,22.67918629026212,0 78.85399851542046,22.67894256054822,0 78.85435866157462,22.67873037487105,0 78.85474783981591,22.678567851839905,0 78.85515172275072,22.678437019975114,0 78.85556535059207,22.67833765762102,0 78.85609076343327,22.67835579466027,0 78.85661629809101,22.678405512983428,0 78.85714179246668,22.678437181824396,0 78.85766722496139,22.678441778724792,0 78.85818789975487,22.67851410423484,0 78.85870849464166,22.678572801375875,0 78.85921933195128,22.67870379330476,0 78.85974480763163,22.67872642976707,0 78.86023138055378,22.67889802559972,0 78.86068378731719,22.679141918452746,0 78.86116068244019,22.67935413616097,0 78.86163261047774,22.679259429945027,0 78.86207054863696,22.67898851294187,0 78.8625181511098,22.678735713546846,0 78.86292696985949,22.67842415565206,0 78.8633550990873,22.678139718835908,0 78.86382708732954,22.67792309994446,0 78.86433794357119,22.677846354851617,0 78.86486351590409,22.677868974335116,0 78.86537437031393,22.677941202674152,0 78.86589984300237,22.677963817822068,0 78.86640100343229,22.678112851745404,0 78.86691186472088,22.678230284012304,0 78.86740327633301,22.678325102588275,0 78.86775353405137,22.67869085517147,0 78.8681232992081,22.67903852274305,0 78.86854665635563,22.679327475715276,0 78.8690624269344,22.679314006793874,0 78.86951493848602,22.67906564294233,0 78.87006475490007,22.679016055048404,0 78.87088216751889,22.67907019588444,0 78.87204499497562,22.67905222533355,0 78.87299866143485,22.678781330709327,0 78.87382577066624,22.67846971567709,0 78.87427827858785,22.678370406689034,0 78.87475029089148,22.678587148999227,0 78.8752124871884,22.678826467221867,0 78.8757379751631,22.67879030454242,0 78.87625859079759,22.678812939913577,0 78.87677432594363,22.678930282011727,0 78.87730962752514,22.67895283827383,0 78.87783505648437,22.67901601711404,0 78.87836543189785,22.67901155568741,0 78.87885195070996,22.678821883021264,0 78.87888112716352,22.678578100799093,0 78.87892985108948,22.678334278778706,0 78.87911956460331,22.678171693750528,0 78.8793579879703,22.678067843574325,0 78.87961586775636,22.678009160562407,0 78.87987375226139,22.67805424585639,0 78.8801169834124,22.67815363808376,0 78.88035545348814,22.6782529027374,0 78.88039773850241,22.67825653381306,0 78.88061819487926,22.678275463645882,0 78.88114847295824,22.678374759590998,0 78.88167888885611,22.67846963516662,0 78.88220920131191,22.678541765962773,0 78.88272982807072,22.67844698455889,0 78.88324072162911,22.67846952444419,0 78.88373217539343,22.67867717345154,0 78.88426735149633,22.678749424880692,0 78.88480260388665,22.678731256941763,0 78.8852696365175,22.678510023603355,0 78.88589245874284,22.678415152087517,0 78.88648605774074,22.67827964343562,0 78.8869871031168,22.677931960281004,0 78.88745645004205,22.677866253072658,0 78.88760022013946,22.677846125931243,0 78.88822790048671,22.677891234012495,0 78.88870414231934,22.67802887628901,0 78.88882146664523,22.678062784777758,0 78.88943938625476,22.678112328006392,0 78.89006223233022,22.67804911288197,0 78.89063632802973,22.677814281433875,0 78.89164341396376,22.677439340314066,0 78.89426582656043,22.676531539246195,0 78.89557940899348,22.67612952301559,0 78.8961778257467,22.67592624573517,0 78.8971753117021,22.675980264182545,0 78.89787090769326,22.676095736129977,0 78.89875177623225,22.676241959862235,0 78.89983675966349,22.6762508340443,0 78.90035728163558,22.67583529734035,0 78.90128645075669,22.675139861911845,0 78.90195287609289,22.6744805490724,0 78.90253171070087,22.673735431608915,0 78.90320304109223,22.673116754328305,0 78.90337331227245,22.673008323199,0 78.90436099422335,22.672962967805127,0 78.90511510563418,22.67302604412556,0 78.90749919559208,22.673106833061823,0 78.90824848948361,22.67312925390921,0 78.9105254457223,22.673160426036418,0 78.91192183875458,22.673241331987825,0 78.9135419866785,22.67303323966946,0 78.9148799634737,22.67295616215323,0 78.91669469247933,22.672720883273065,0 78.9172006282346,22.672513088747717,0 78.91778436239703,22.67225557334513,0 78.91852864944087,22.6720431193258,0 78.91966204160127,22.67127978774302,0 78.92027002687405,22.670751369420174,0 78.92072726204992,22.670371959122104,0 78.92094596127137,22.669766837476008,0 78.92117443016501,22.669143645734295,0 78.92144211577954,22.668920072676038,0 78.92170979948666,22.668696499152443,0 78.92197748327041,22.668472925177728,0 78.92224367598364,22.668248026283358,0 78.9224753437878,22.667992233543647,0 78.92269975197533,22.667730229272703,0 78.92291556464771,22.66746340261576,0 78.92307023086325,22.667162239722046,0 78.92317006036562,22.666836059135623,0 78.92322304513303,22.666506999525744,0 78.92319931467422,22.66617381785577,0 78.92316981547891,22.66584061278729,0 78.92313652194576,22.665507855924687,0 78.92312266846258,22.665459533506358,0 78.92304663703547,22.665194321151247,0 78.92311644884073,22.664870857600796,0 78.92330549543753,22.664584500843556,0 78.9235059122193,22.664306733888747,0 78.92359105259241,22.663982607333924,0 78.923558225406,22.663651215804233,0 78.92341650930774,22.663342655951407,0 78.92321725596717,22.663064869306574,0 78.92299039192146,22.662805525776935,0 78.92274145922512,22.66256423181886,0 78.92250250468591,22.66231607795656,0 78.92229647276841,22.662039891070247,0 78.92227002556413,22.661712687985982,0 78.92239747970689,22.661400136120395,0 78.92247498783928,22.66107326221615,0 78.922405344528,22.660749622456358,0 78.92230250361109,22.660429323130536,0 78.92231815999978,22.660107718806312,0 78.92252851432889,22.659835255646325,0 78.92274952339511,22.659568452048454,0 78.92283939648921,22.659248917539035,0 78.92255339526368,22.659052512024516,0 78.9222063052224,22.658964854987993,0 78.92185302705845,22.658902128883362,0 78.92154551800782,22.658739951474473,0 78.92130888838,22.65848563528195,0 78.92112499678068,22.65819882539716,0 78.92099748097799,22.65788370864803,0 78.92101395874661,22.657553442770123,0 78.92115154119038,22.657244415196878,0 78.92137648183808,22.656985221174118,0 78.92162087619366,22.656739028527404,0 78.92191985362163,22.656553158851196,0 78.922238848279,22.656398585381694,0 78.92255296920641,22.656239935588278,0 78.92284431382282,22.656058844699192,0 78.92312547398355,22.65582216483589,0 78.92333778747663,22.655531077475295,0 78.92333743988121,22.655220510923996,0 78.92311122804213,22.65495394312117,0 78.92280016972937,22.654843144635834,0 78.92244007523664,22.65485038085784,0 78.92208003211205,22.654855952836606,0 78.92171999210977,22.6548613821918,0 78.92136157714494,22.654838650747624,0 78.92103468503771,22.65469707406654,0 78.9207648414895,22.654469171620814,0 78.92052251741744,22.654222981724814,0 78.92031337713526,22.653951175302737,0 78.92010434473158,22.653679143796335,0 78.91988128929096,22.6534181548749,0 78.91962169496007,22.65319119161863,0 78.91938107203633,22.652921794093807,0 78.9195876503552,22.652669385160593,0 78.91989200355326,22.652491493740467,0 78.91995012098705,22.6524680364986,0 78.92022215123527,22.652358238815516,0 78.92052782583649,22.652181948403975,0 78.92080557235028,22.65196775416718,0 78.92103541650577,22.651710658379983,0 78.9211611180829,22.651485028240334,0 78.92120036198165,22.651414586150803,0 78.92124252185577,22.651083008112295,0 78.9213679091147,22.65077137425899,0 78.92156511347787,22.650491228407486,0 78.92181478895111,22.650251243289425,0 78.92203350923705,22.649985576202994,0 78.92218888493069,22.649685016550965,0 78.92241859350075,22.64942477640249,0 78.92275765508803,22.649330720403842,0 78.92310634463377,22.649403336365705,0 78.92343900617038,22.649530908303447,0 78.92378805539009,22.649646233114694,0 78.92412969356623,22.64956316460525,0 78.92432158444107,22.649282133356817,0 78.92443556792784,22.64896795804154,0 78.92457777551465,22.648660996722988,0 78.92475597945905,22.64837049229618,0 78.92490940979543,22.648150638107758,0 78.92495166224063,22.648090093985726,0 78.92514010570399,22.647805246804936,0 78.92533996398265,22.64752798322354,0 78.92556562083466,22.647268393955216,0 78.9258001786382,22.64701411273774,0 78.92602455886045,22.64675116144341,0 78.92620382066423,22.646460860034058,0 78.92629795316046,22.64613739026318,0 78.92629390900177,22.645803327324362,0 78.9262886278445,22.645469151624734,0 78.92633346540048,22.645099347638382,0 78.92635909888679,22.644915118885578,0 78.92639544961301,22.644733135168575,0 78.92647220725469,22.64449260663271,0 78.92656056815319,22.644254507981135,0 78.92661401197671,22.643979034177335,0 78.92681818903402,22.64359975385806,0 78.92753778469061,22.642795788694176,0 78.92848593883346,22.641770523154694,0 78.9287630749296,22.641359529307493,0 78.92926368974263,22.64052408842066,0 78.92945319198789,22.640009262217262,0 78.92951153160611,22.639837679861134,0 78.92956494877842,22.639661552155427,0 78.9296378319761,22.639494492726538,0 78.92973510417201,22.639340955728468,0 78.92983231387069,22.63918290669398,0 78.92990033645867,22.639015812895522,0 78.92994889278434,22.63883964991112,0 78.92999744821842,22.638663579907554,0 78.93005578651488,22.63849199832842,0 78.93012380746615,22.638324904455594,0 78.93020155091959,22.63815778701619,0 78.93025988773083,22.63798620537629,0 78.93030840553877,22.6378146456751,0 78.93039106969938,22.63765207438532,0 78.93050770813674,22.637507512396184,0 78.93062930444705,22.637362985255873,0 78.93073625862405,22.637213935409285,0 78.93084807149462,22.637064919720363,0 78.93095502517856,22.636915869732263,0 78.93185955439691,22.636572448284024,0 78.9328274956021,22.63650430563141,0 78.93376635159832,22.63674329315847,0 78.93465667005202,22.63710871945545,0 78.93500549605801,22.636981330919102,0 78.93547373637325,22.636810331310432,0 78.93616897079914,22.636173453520616,0 78.93706388545591,22.635838957865364,0 78.9380318255121,22.63592896388555,0 78.93888772259531,22.635549344489075,0 78.93972404249199,22.634831031631766,0 78.94062358008637,22.634180552410662,0 78.94164962677927,22.633719514782435,0 78.94221832859762,22.632852374462306,0 78.942650724967,22.63187692677871,0 78.9434528378972,22.631127050725947,0 78.94433290203753,22.630462972445123,0 78.94532974944022,22.629952264979377,0 78.94629741230202,22.62941906706992,0 78.94701213423208,22.628998831902013,0 78.94746409450532,22.628334897593202,0 78.9482666952301,22.628406751454907,0 78.94899161282346,22.62879028173825,0 78.94976024067496,22.62912853544729,0 78.95059691431368,22.62913266182178,0 78.95143826136258,22.62902384364032,0 78.95228945099153,22.629023457380924,0 78.95306745659605,22.62871154083653,0 78.95382600946395,22.628363485244236,0 78.9546674383353,22.628268275518963,0 78.9554311916725,22.628547816099065,0 78.95621429401704,22.62856544658937,0 78.95696792287447,22.6281993874955,0 78.95744418373799,22.627553452926936,0 78.95786204734435,22.626866971804084,0 78.95850380109194,22.626374458185555,0 78.95934030795878,22.62624760831724,0 78.96018663201087,22.626332957281512,0 78.96102323985946,22.626467953773844,0 78.96185503775308,22.626634493371448,0 78.96268689630206,22.626756005711766,0 78.96346969892737,22.626484672752433,0 78.964262400457,22.626240380382537,0 78.9647102673946,22.626858756452123,0 78.96479341588034,22.627644336034553,0 78.96478418984991,22.628434441715612,0 78.96498410081271,22.62917938374223,0 78.96555357001691,22.62976148109287,0 78.96559249730639,22.629793051759265,0 78.96654128190829,22.630320827952236,0 78.96702780223691,22.630455985990174,0 78.96730505768666,22.630451334716692,0 78.96762114867093,22.63035174387615,0 78.96796145587892,22.63016199271833,0 78.96845733977855,22.629814012151613,0 78.96867610102163,22.629705471137832,0 78.9688171695851,22.629651277706486,0 78.96896307588597,22.62963762861852,0 78.96914301530926,22.62966011948854,0 78.96931330500911,22.629736774926876,0 78.9695177709443,22.630007567364707,0 78.96962015516934,22.630319007732865,0 78.96978589751077,22.630910411075337,0 78.96991769085017,22.631492745020854,0 78.97002522934234,22.632296442099538,0 78.9701324270296,22.632639495636283,0 78.97025913619214,22.632973566385704,0 78.97036146321436,22.633154078903022,0 78.97047824556913,22.633262412028106,0 78.97064364444333,22.63334354436502,0 78.9708091009832,22.63337956166821,0 78.97110094263459,22.633374909330534,0 78.97137328218523,22.633302451398592,0 78.97158711511062,22.633139826440782,0 78.97188367897614,22.632837072984252,0 78.97216556771633,22.632520869178357,0 78.97246202893002,22.632218206961337,0 78.97284124419714,22.632037362939982,0 78.97327416022955,22.63209129903776,0 78.97368282639992,22.63223999695379,0 78.97406240397194,22.632442912552133,0 78.97443218303907,22.632668502753027,0 78.97480203581944,22.632884977439105,0 78.97547365392428,22.633412851947813,0 78.9760091326572,22.634062722956926,0 78.97645231038362,22.634771264987442,0 78.97691979873848,22.635466343055352,0 78.97752336329437,22.63606188417728,0 78.97836017541941,22.636282598309144,0 78.97906027727345,22.635808067204398,0 78.9794925836978,22.6350898578315,0 78.97990065609488,22.634362645628027,0 78.98037191959173,22.63367158184909,0 78.98113550667009,22.633639416852493,0 78.98177797449065,22.634207948538638,0 78.98229900055593,22.634871326957246,0 78.98283451889807,22.63552108208246,0 78.98341869189004,22.636139304394696,0 78.98374511035243,22.63641704966148,0 78.98407090843784,22.636694265276436,0 78.98480087338318,22.637149751459475,0 78.9856667653123,22.637140160870892,0 78.9864982205709,22.636864153555354,0 78.98730050982489,22.636511341443875,0 78.98758579631154,22.636374596289865,0 78.98808332813468,22.63613611486092,0 78.98885643378605,22.6357336574734,0 78.98971235843216,22.63557500422029,0 78.99059278430649,22.63566022524615,0 78.9914732672715,22.63568660760001,0 78.99233402885015,22.635491878629406,0 78.99317041431902,22.635229310281968,0 78.9940019390744,22.634953354730893,0 78.99485780307094,22.634749463970767,0 78.99572859125692,22.634875288053287,0 78.99655088746023,22.63516808294355,0 78.99720318948145,22.635718475026177,0 78.99766100704724,22.636408913223907,0 78.9976568301113,22.637226216109426,0 78.99743867498515,22.638021022403844,0 78.99725456969409,22.638824892440567,0 78.99721150740316,22.639642123139254,0 78.99776658299558,22.640224189148203,0 78.99853684301357,22.640264062614605,0 78.99861135928815,22.6402618896857,0 78.99989407892704,22.640224484026632,0 79.00109063080448,22.640275080154257,0 79.00150387246477,22.640442516842693,0 79.0021601850092,22.64087644254571,0 79.00276279371354,22.641459355214668,0 79.0035696923113,22.64221854451314,0 79.00394380676956,22.642692872722648,0 79.00424485655178,22.643266527756104,0 79.00439022082405,22.643912268223442,0 79.00464291089804,22.644219514423252,0 79.00512417149473,22.644549527161868,0 79.00587309274243,22.644757728161892,0 79.00644713472333,22.64473110106814,0 79.00744941483121,22.64450609061983,0 79.00860756688768,22.64398764168703,0 79.00953703962195,22.64359097921301,0 79.01035912606498,22.643555458600726,0 79.01109839204432,22.643637246154395,0 79.01143392214259,22.643813540849766,0 79.01160395301223,22.644034978296016,0 79.0116913610793,22.64424271132345,0 79.01163771648649,22.64445035457383,0 79.0114915537681,22.644666971747743,0 79.01120440851355,22.644860942388483,0 79.01019707580905,22.645347891513804,0 79.00900974217792,22.645920393670867,0 79.00839642327331,22.64629922954009,0 79.00780233193166,22.647111577612595,0 79.00735892511565,22.648000684428116,0 79.00716861727912,22.648686857827716,0 79.00717321857945,22.648709125190507,0 79.00727032926719,22.649179100936017,0 79.00756659546484,22.64969406897245,0 79.00840276155073,22.65035840574569,0 79.00946274177397,22.65096867724534,0 79.01012402719256,22.651398090194874,0 79.01020172588669,22.651565249402353,0 79.01021604762697,22.651822595333186,0 79.0101915587627,22.65204377912823,0 79.01003574152482,22.652210797618025,0 79.00974379922167,22.65234148019498,0 79.00915501888852,22.65246295122875,0 79.00835724784449,22.652489510389884,0 79.00627987358679,22.65260989980335,0 79.00483494883734,22.652775838122235,0 79.00388126078538,22.653046082423213,0 79.00317070181896,22.65334351364166,0 79.0028007050075,22.65371803211943,0 79.00266416879347,22.65406102981601,0 79.00266256528862,22.654106609809286,0 79.00265416357583,22.654345470311725,0 79.00284369157886,22.654553338601932,0 79.00328606004022,22.6549013336678,0 79.0041272715257,22.65530838304545,0 79.00551817143636,22.655819571957494,0 79.0066755930276,22.656326183068852,0 79.00772581601775,22.65697258896575,0 79.00881958646559,22.65793508302473,0 79.01044830387126,22.659223128501996,0 79.01139165318025,22.659747552289353,0 79.01203846259587,22.659933144871992,0 79.01229636533884,22.659924233840183,0 79.01261268082845,22.659852263494212,0 79.01295831373346,22.65954993103322,0 79.01313385114315,22.659044392317533,0 79.01321251835692,22.657992413251783,0 79.01340757472818,22.657437189274084,0 79.01408913461131,22.656814595425008,0 79.01596751349918,22.656134017312088,0 79.0168434411594,22.65576891031115,0 79.01734946830115,22.6556112407393,0 79.01757326533749,22.655624933960063,0 79.01770460441583,22.655652116573386,0 79.01805464627832,22.655882629381956,0 79.01842418086012,22.656225965768478,0 79.0186864940057,22.656659667705682,0 79.01873000531066,22.65707501557124,0 79.01865622383481,22.658050239262835,0 79.01862172165661,22.65868237558827,0 79.01876226929821,22.65938681646867,0 79.01879569649488,22.660167997898288,0 79.01865406912466,22.66089031948111,0 79.01855154073505,22.661346249338493,0 79.01831785889935,22.661630534914334,0 79.01758273443109,22.662185404026882,0 79.01635151597108,22.66265419178094,0 79.01458488557235,22.663501878732706,0 79.01347525702192,22.664051904982987,0 79.01241398690922,22.664805166668916,0 79.01150857894466,22.66549084204472,0 79.01051528904804,22.66647444155518,0 79.0102812980666,22.666966430967136,0 79.01019826300431,22.66735922843738,0 79.01024679043624,22.66758052095668,0 79.01039258856086,22.66775668746403,0 79.01055298711958,22.66786518169572,0 79.01111710131194,22.66815455952258,0 79.01202187813251,22.668448637620692,0 79.0127078098003,22.66853043909855,0 79.01375388406869,22.668454368350474,0 79.014780620237,22.668166119816853,0 79.01612842916465,22.668072193116103,0 79.01655152114215,22.66830281509262,0 79.01672650279845,22.668451910120496,0 79.01691595633599,22.66884030518426,0 79.01695952191504,22.66912932981975,0 79.01688601003315,22.669802004265957,0 79.0168281585762,22.670248865203124,0 79.01669020532925,22.67131442749112,0 79.0164944707591,22.672777223452318,0 79.01642580562768,22.673504161543345,0 79.01650777901781,22.67442524523703,0 79.016516934952,22.675134180243983,0 79.0164677182668,22.67584752504152,0 79.01636506574322,22.676502149607966,0 79.01633564482326,22.676773024160195,0 79.01625387898927,22.676848794219808,0 79.01586824164606,22.677206150656904,0 79.01534222702017,22.677819912760192,0 79.01408116021788,22.678884577850553,0 79.01330705174944,22.67947554527964,0 79.01197800429328,22.68045891174801,0 79.0114082489618,22.681013817000206,0 79.01081408106994,22.68169976793744,0 79.01059467826501,22.68221432090102,0 79.01058445932472,22.682765132591594,0 79.01073975398302,22.683275497918792,0 79.01099240420176,22.683718084309316,0 79.01136188962371,22.684102136081123,0 79.01198943915611,22.684278673754577,0 79.01248567656096,22.684342300118235,0 79.01375572504269,22.684266394805867,0 79.01443704456871,22.68419457959021,0 79.01578486039715,22.684227164668275,0 79.01636377711296,22.684340390104953,0 79.01667987032346,22.684516731769502,0 79.01697657191892,22.684751691664957,0 79.01722438618211,22.685180794654563,0 79.01725811686781,22.685564592949774,0 79.01719444597538,22.68610189298459,0 79.01700413429919,22.68678808591213,0 79.0166874482306,22.687257455985616,0 79.016234532446,22.687844073609643,0 79.01564036658918,22.688489347506138,0 79.01502202931096,22.688917811565357,0 79.01376137427155,22.689400112289484,0 79.0122669818292,22.690085379660427,0 79.01136151980108,22.69053175774347,0 79.0104805885756,22.69072527136854,0 79.01015455039462,22.69074754753274,0 79.00756125446823,22.690438662100473,0 79.00678763700273,22.690311700638915,0 79.00597991703934,22.690311113572527,0 79.00552243290065,22.69034237105754,0 79.00504057121715,22.69048653518891,0 79.0046754799132,22.69071193528629,0 79.00450501916752,22.690892480146296,0 79.00434899906126,22.691235447407585,0 79.00412936267887,22.691957711131153,0 79.0039974022706,22.692594276234843,0 79.00404505873185,22.693763747492504,0 79.00412245999557,22.694337232920102,0 79.00422419673234,22.694829392158148,0 79.00455960231385,22.695285699782204,0 79.00484648239578,22.695520711729394,0 79.00554217938641,22.69571991164677,0 79.00636931420638,22.69584695342316,0 79.00698712055835,22.696032471435807,0 79.00776530624871,22.696529784422136,0 79.00974474188403,22.697890207060073,0 79.01040341830384,22.698235892601716,0 79.01045976673481,22.698265464569676,0 79.01135469398584,22.69883957354061,0 79.01219120653329,22.699449666287606,0 79.01281859991774,22.699919732570944,0 79.01362596801047,22.700448511339033,0 79.01435090726673,22.70067023469009,0 79.01489566447624,22.7009144505144,0 79.01580047431808,22.701393667992615,0 79.01635991640528,22.701678486065738,0 79.01661775801124,22.701728310443173,0 79.01689030114672,22.701696926867594,0 79.01771292255494,22.701453646536685,0 79.01871072195863,22.701233039085114,0 79.01947472067181,22.70118392341697,0 79.02062321381827,22.701220794783683,0 79.02140657336012,22.701316075147737,0 79.02245280670557,22.70145226628243,0 79.02349893364911,22.701656124394805,0 79.02420423088485,22.701999673436205,0 79.02459815725035,22.70235208509298,0 79.0249042087806,22.703097273835965,0 79.02523926896646,22.704158556029235,0 79.0254821617643,22.704777288970146,0 79.02610457198975,22.705486569420664,0 79.02708702591195,22.70627724567291,0 79.02798196945618,22.70697316341401,0 79.0283321596461,22.707284865455986,0 79.02844198579679,22.70758363317401,0 79.02852642087616,22.707813326883418,0 79.02858453107628,22.70826035106476,0 79.02858912738196,22.708616985029025,0 79.0283943160374,22.708923913578584,0 79.0281849297244,22.709095397722447,0 79.02790254345771,22.709167435224586,0 79.02724065330968,22.709239253357083,0 79.02581975289618,22.709030716444644,0 79.0253526263597,22.708962716121164,0 79.02501203595088,22.70888125539841,0 79.02437463941541,22.70859633647823,0 79.0234454117399,22.708279708525783,0 79.02282737955252,22.708179977361887,0 79.02232613994988,22.708188722635715,0 79.02189772745791,22.708305846494245,0 79.02122099557832,22.708729820018373,0 79.02053914707412,22.70946533747016,0 79.02002756160007,22.710191913907437,0 79.01966684104455,22.71099542352262,0 79.01931574295882,22.711798903464327,0 79.0191451478479,22.712141884769704,0 79.01891112398948,22.712737754599733,0 79.0187357071296,22.713022053440465,0 79.01834123746508,22.71340106312067,0 79.0179809427755,22.713576899186712,0 79.0167297845792,22.7140727333512,0 79.01626239349477,22.714275587081367,0 79.01497220428676,22.714839105474468,0 79.01422728127623,22.71519078814472,0 79.01368190661171,22.715547169132844,0 79.01329717419564,22.715921625653735,0 79.01307780729175,22.716359396942686,0 79.01303860705247,22.71664834974861,0 79.0130774337137,22.71685604623854,0 79.01322794765392,22.717217404012263,0 79.01341759055157,22.71747036780336,0 79.01387949950882,22.718075719453395,0 79.01430234994048,22.718793884821128,0 79.0146229859539,22.71947142498148,0 79.01480764970059,22.719832726730665,0 79.01498238702244,22.7203656844916,0 79.01500650432729,22.720695284111798,0 79.01504989717591,22.7212461730861,0 79.01502037003301,22.721647980971813,0 79.0149275230084,22.722036211640344,0 79.01476674129941,22.7223250202731,0 79.01442081671215,22.722776338609634,0 79.01420645017855,22.722997400833403,0 79.01350998859564,22.723615492164633,0 79.01315442812046,22.72392227928452,0 79.01270130724298,22.72449084512918,0 79.01242840276718,22.724879009844827,0 79.0123015847894,22.72519041188808,0 79.01219890469496,22.72585406566764,0 79.01220330997616,22.72641400216371,0 79.01225158998496,22.726815854836765,0 79.01244605633657,22.727154665718913,0 79.01269894461073,22.72738051203772,0 79.0129470907369,22.727511673124866,0 79.0132439580436,22.727552548529886,0 79.0136430384918,22.727543722659185,0 79.01392061374442,22.727444609085474,0 79.01430528414778,22.727201080423082,0 79.01474361106428,22.7268311110675,0 79.01507484522934,22.726592021716133,0 79.01520631062553,22.726506323662083,0 79.0153717719141,22.726492939871076,0 79.0156637360426,22.726565360157455,0 79.01609683352662,22.72667856320657,0 79.01662724731479,22.726904633401567,0 79.01726960257434,22.727067618768363,0 79.01754212160989,22.727099397038597,0 79.01872002884991,22.72710921700527,0 79.02020943269765,22.727128310546746,0 79.02055497850824,22.727124001090157,0 79.02116338641946,22.727128841301443,0 79.0217863514989,22.727138285381496,0 79.02229259261381,22.72713408520182,0 79.02323199351878,22.727089577157514,0 79.02358736939212,22.727058161263308,0 79.02475078068802,22.726842166012812,0 79.02542746186053,22.726689058388807,0 79.02607477588504,22.72669403742667,0 79.0266344630559,22.726843377557334,0 79.02717942462043,22.727037830562647,0 79.0276124080256,22.72739481380557,0 79.02775815377458,22.72767031431302,0 79.02774337062155,22.727923149783283,0 79.02765552498416,22.728257188134283,0 79.02751426160147,22.728446786735855,0 79.02722209171112,22.728640760910455,0 79.02648691763851,22.72898345236902,0 79.0261022109424,22.72912766281497,0 79.02544476117218,22.729642014288338,0 79.02478239034389,22.730309820775307,0 79.02384241870516,22.73097298821898,0 79.02349665836721,22.731257211931606,0 79.02285860172874,22.731830237378876,0 79.0222498802357,22.732236148528635,0 79.02162668854606,22.73246600853192,0 79.02120309945862,22.732538046413516,0 79.02101334715012,22.732533417670982,0 79.02053627687191,22.73248338508813,0 79.01984031206158,22.732383600582068,0 79.01948510445337,22.73231114743481,0 79.01873074590733,22.73220223381888,0 79.01818072025762,22.73215227584904,0 79.01792752488187,22.73224234667037,0 79.01767431046011,22.732427346347222,0 79.01733807119406,22.73284245709535,0 79.01717733058705,22.733045548323915,0 79.01702110931463,22.73366401998428,0 79.01694266070659,22.734354812863906,0 79.0169177459553,22.735054607304868,0 79.0168637095983,22.735772444081526,0 79.01679497948913,22.736503904928863,0 79.0167262483038,22.73723527472568,0 79.01666720049573,22.738025358657882,0 79.01663768069334,22.738400097854644,0 79.01675411630771,22.73892844303347,0 79.0169045701726,22.7394478000079,0 79.01703086140562,22.739840673595697,0 79.01739554950048,22.740278915939466,0 79.01779446959974,22.74062686969129,0 79.01817394625857,22.740920555162663,0 79.01867991290922,22.741277576348562,0 79.01901567373365,22.741431300473504,0 79.01937096929137,22.741521893028498,0 79.0196580773317,22.741558182095876,0 79.02019848806047,22.741558535619404,0 79.0207825411699,22.741576939844187,0 79.02113791619803,22.741590738741092,0 79.02219396506077,22.741970717895775,0 79.02252969609263,22.742142479708555,0 79.02376566801533,22.74270315252802,0 79.02403334758903,22.74280265562771,0 79.0250990927569,22.743322538812937,0 79.02556135358068,22.743593718559925,0 79.02653453016539,22.74406843475294,0 79.02688496861337,22.744199584322086,0 79.02813090045082,22.744493818434698,0 79.02871012635752,22.744616114146712,0 79.0296397718725,22.74477913273934,0 79.03009726232683,22.74489235967493,0 79.03059369147643,22.74513639525324,0 79.03091470394051,22.745448184646026,0 79.0310216744196,22.745574641623687,0 79.03106510633424,22.746170645757132,0 79.03105493009434,22.74679374713368,0 79.03110808634847,22.74744395416832,0 79.03114175482257,22.748071570821423,0 79.0312874478607,22.748559302397002,0 79.03146729736082,22.748979299762542,0 79.03172505325789,22.749268401393092,0 79.03232357057304,22.749751834119703,0 79.03325244097518,22.7505484852329,0 79.03327710585008,22.750569638874026,0 79.03422236511928,22.751205905276862,0 79.03522870776118,22.75187975098727,0 79.03612145537974,22.752719803303613,0 79.03663590351904,22.753056838766557,0 79.03733095841737,22.7532697929331,0 79.03849897548567,22.753360607005735,0 79.03978064767396,22.75326447889022,0 79.0406132214801,22.753123704381856,0 79.04124189450104,22.753211092049487,0 79.04162282310268,22.753359525966935,0 79.04200314101949,22.75359137554897,0 79.04244882672677,22.75411569951843,0 79.04271448065175,22.754659697632732,0 79.04317696041853,22.75595590297278,0 79.04325787518512,22.756701856049826,0 79.04309548684462,22.757389190592285,0 79.04257229861744,22.758241094615162,0 79.0422762564851,22.758781554836904,0 79.04225188708854,22.759031755021983,0 79.04229502664785,22.759282288741222,0 79.04247313632455,22.759512863423403,0 79.04280951655367,22.759619302925742,0 79.04341629635249,22.759623122994306,0 79.04440692271818,22.75937909198499,0 79.04593945084083,22.75880459137485,0 79.04778120585013,22.75819149842017,0 79.04890733551916,22.75786486701493,0 79.04998985288117,22.75735012054942,0 79.05105068175723,22.756731001652895,0 79.05208362508444,22.75630063945778,0 79.05251120857328,22.756219885476792,0 79.05296057151322,22.756243586560903,0 79.05336395872487,22.756392038941282,0 79.05365431133157,22.75664420056303,0 79.05442355756483,22.75593973006108,0 79.05528233595001,22.755277614486094,0 79.05651509620448,22.754888978673,0 79.05745898714588,22.75489483425516,0 79.05826656178033,22.75510848261444,0 79.05891498963916,22.75557140311682,0 79.05989730844657,22.756474388836907,0 79.06108061568514,22.757566351624053,0 79.06181891031441,22.758029814348962,0 79.06268789057778,22.758406239806938,0 79.06349584490256,22.75855725199565,0 79.06412515681846,22.7585611273558,0 79.06457607283146,22.758355259850916,0 79.06493818603815,22.758002904443504,0 79.06539307394748,22.757254734403187,0 79.06592102687813,22.75571442675388,0 79.06637520801989,22.754493441962683,0 79.06669302962621,22.754057391128764,0 79.06725734378519,22.753706180736014,0 79.06808914783193,22.753669572337195,0 79.06853954472513,22.75354720271485,0 79.0687885146904,22.75329846708308,0 79.06883561431664,22.752985791117705,0 79.0687298746222,22.75206733592665,0 79.0680271512919,22.75055630807222,0 79.068029480445,22.750549877155454,0 79.06817684099177,22.750107149343208,0 79.06846918070619,22.74967830500968,0 79.06882942639248,22.74943006685347,0 79.06948179462047,22.749326518782066,0 79.07023635021272,22.749385460086064,0 79.07159445175584,22.749715472299513,0 79.07272857811346,22.75010413965535,0 79.0739211002242,22.7504205990423,0 79.07456370480831,22.75043436438129,0 79.07535721399105,22.750348775730206,0 79.07572732499244,22.750163838199594,0 79.07595618271628,22.750032916916226,0 79.07609252459663,22.749802728963733,0 79.07605848111916,22.749576937978052,0 79.07574222462253,22.749179552147677,0 79.07476881881195,22.748524498927328,0 79.0740241919079,22.748059220103386,0 79.07366405864931,22.747761095793805,0 79.0735425694072,22.74743597442704,0 79.0735281189991,22.746799370401853,0 79.07357714024405,22.74604538878111,0 79.07366983610412,22.745544236015537,0 79.07391344914127,22.744885081468063,0 79.07422513521658,22.744537555125266,0 79.07449296434626,22.744271246646385,0 79.07487760675608,22.74403658704117,0 79.07540817964976,22.74395547473142,0 79.07603616726557,22.74399630784726,0 79.07659586996054,22.744204115997427,0 79.07725773248495,22.744818409450843,0 79.07808015281061,22.745541034065948,0 79.07883458515823,22.745812165799492,0 79.07966207245123,22.745929786482236,0 79.08039228337341,22.746074529043323,0 79.08149710368974,22.74673402248031,0 79.08205673714063,22.747081763866465,0 79.08257270202917,22.747244445555715,0 79.08341486128087,22.74746590295927,0 79.08391147932663,22.74732159097735,0 79.08422298421058,22.747294555168157,0 79.08462717864859,22.747073431456645,0 79.08522134143496,22.74614796993748,0 79.08555264614101,22.745078025073646,0 79.08593249924387,22.744432469186336,0 79.08784108307081,22.743105439206975,0 79.08878565052669,22.74244641527216,0 79.08926267410773,22.742469162251897,0 79.08980294441719,22.742704059915283,0 79.09026527693744,22.743169228462094,0 79.09064476332667,22.743828455081626,0 79.09102425162332,22.744573586942966,0 79.0911554039869,22.745756522790007,0 79.09126223829115,22.746853684387144,0 79.09138369803361,22.747946422046123,0 79.09180699277509,22.748804330277597,0 79.09227899958047,22.749653321141068,0 79.09294085671205,22.750497733965776,0 79.09298445829269,22.75055111379512,0 79.09302352496364,22.750595216755524,0 79.09331077570776,22.751020520140887,0 79.09387357489386,22.75302253412891,0 79.09443950953192,22.75457416362726,0 79.09490568427134,22.755773265891573,0 79.09552618585413,22.756602993078783,0 79.09617524007326,22.757329633644055,0 79.09692349795763,22.75779872511,0 79.09772929622434,22.757997111506686,0 79.0985082436514,22.75805336014018,0 79.09953848173839,22.757994932461965,0 79.10029021927569,22.75796066357648,0 79.1008325935764,22.75801549994961,0 79.1016103888955,22.75823951396317,0 79.10263549027754,22.758929628416926,0 79.10377078190174,22.759788174263704,0 79.10453264393321,22.76030893560912,0 79.10500761059811,22.76045023746508,0 79.10509545805573,22.76043952740964,0 79.10511943382608,22.76068778441646,0 79.10528493172886,22.760949700946966,0 79.10555265983929,22.76121617659432,0 79.10580098297162,22.76138770086711,0 79.10630723869174,22.761618104664677,0 79.10674051792869,22.761703887253404,0 79.10725654729434,22.76175360133283,0 79.10763632804259,22.761866505169298,0 79.10800144158785,22.762033647716695,0 79.10837630398429,22.762300102885195,0 79.10897511807774,22.762629744828548,0 79.10968583229,22.76284199982449,0 79.11184261875015,22.76293702324114,0 79.11191078935892,22.762927938087973,0 79.11243171892626,22.763031895073752,0 79.11328852444396,22.763370576204082,0 79.11349788111998,22.763492508547067,0 79.11389706958933,22.763731837997078,0 79.11562537890403,22.76461689522608,0 79.11635563641477,22.764761372014775,0 79.11681815145226,22.764784040693034,0 79.11739268879495,22.76468471281147,0 79.11798672071956,22.76441828776007,0 79.11852229206227,22.76407519057642,0 79.11882412499654,22.763808817005827,0 79.11911145923139,22.763935229474594,0 79.11971511990734,22.76428741628496,0 79.12106367019437,22.76477962791039,0 79.12205201974237,22.764888002904858,0 79.1222468200085,22.764946675043827,0 79.12290895002823,22.765316956426584,0 79.1232642657045,22.765750379955765,0 79.12332763689149,22.765953587594343,0 79.12331781777303,22.76623353224513,0 79.12321566475231,22.766572148905063,0 79.12305985957583,22.766797847796774,0 79.12288944354009,22.767159089806373,0 79.12281155385287,22.767506777586664,0 79.1228358391262,22.767867945739955,0 79.12299652196216,22.768351072358964,0 79.12325451179584,22.768892859470768,0 79.12357097215198,22.769258658866004,0 79.12380957454528,22.76943470146873,0 79.12434997864904,22.769660453365535,0 79.12464211532222,22.76986368989979,0 79.12479311170769,22.770193268815724,0 79.12530922146573,22.770563528384994,0 79.12555265045285,22.770879550372072,0 79.12557700285922,22.771024065342836,0 79.12549908710595,22.771168544154627,0 79.12534810184682,22.771222644488493,0 79.12469080720376,22.771177519457748,0 79.12385340557286,22.77119111132861,0 79.12354177235719,22.771303948649706,0 79.12331785419788,22.7714845989647,0 79.12325943945376,22.771592911782417,0 79.12323508830238,22.771922493257918,0 79.12328369274167,22.772270175008302,0 79.12357585431388,22.772559135332997,0 79.12410166273314,22.772712709570733,0 79.12529459261303,22.772942953364765,0 79.12599571222282,22.773236378796334,0 79.12643881416274,22.77353890814775,0 79.12664332358534,22.773796237384914,0 79.12670656748124,22.774094281052722,0 79.12661729900744,22.774624827006868,0 79.12698874018281,22.775043436683127,0 79.12764720621387,22.776747199456956,0 79.12802147680854,22.778776250825043,0 79.12824491264895,22.77998754005798,0 79.12707300122717,22.783543843590245,0 79.13020703411362,22.784117569067643,0 79.13076242874166,22.785428427058,0 79.13096700987421,22.786475743173252,0 79.13255202036319,22.78671363833813,0 79.13430833917971,22.787704410028987,0 79.13595718528816,22.788956087482564,0 79.13728831669845,22.79027132896057,0 79.13819789270063,22.791355325592146,0 79.14077513039568,22.790846837777373,0 79.14314508951784,22.789683296943167,0 79.1454051766994,22.789140251164717,0 79.1486513700443,22.78876615694203,0 79.1513627514916,22.789304386687967,0 79.15378786647229,22.79049481644465,0 79.15628058615552,22.79214327185019,0 79.15679659012284,22.79414035087739,0 79.1592661431046,22.79392517996667,0 79.16117134784373,22.793739549638964,0 79.16198647731234,22.793090202601856,0 79.16339177757419,22.793882550757495,0 79.1649702540227,22.795166217945763,0 79.16852543355058,22.790576118997304,0 79.17001911176166,22.788557373382126,0 79.17097415548467,22.78807220298821,0 79.17274112755787,22.787427987001415,0 79.17468415675341,22.786817397239304,0 79.17634058832431,22.786924454854155,0 79.17834691456082,22.787458381779174,0 79.17915329942613,22.788181961808807,0 79.18107419386325,22.791101908342284,0 79.18106216295006,22.791319446710936,0 79.1820841298537,22.792740260127406,0 79.18211829351893,22.79280342321557,0 79.18227924175221,22.793331607686778,0 79.182498587084,22.793850744968587,0 79.1826436677725,22.793856477189813,0 79.18421927280764,22.7956303087865,0 79.18516270036459,22.797008433271287,0 79.18575375699712,22.79835197428326,0 79.19203722072028,22.7972085755803,0 79.19257733932723,22.801101801223222,0 79.19288115756957,22.803293784215878,0 79.19093088541084,22.805048794795628,0 79.19169167455789,22.807472058877536,0 79.19241386959487,22.808999221932687,0 79.19261539168401,22.80879622463745,0 79.19271282011012,22.808764515898492,0 79.19290752541741,22.808628999815337,0 79.19381798596966,22.80798294290133,0 79.19483553615999,22.80750843343945,0 79.1955806345751,22.807327487734437,0 79.19634517432401,22.807182642575714,0 79.19693940163828,22.807277213442497,0 79.19801094638981,22.807534051028092,0 79.19812791018805,22.8077011418803,0 79.19891804632267,22.809845430766327,0 79.19902535074397,22.810098192067443,0 79.19945394565227,22.81020633677151,0 79.20194313341443,22.811076555198042,0 79.20283459712148,22.811505057699833,0 79.20305870804407,22.811513966452093,0 79.20411040201488,22.811025853452804,0 79.20491866643837,22.81073193826906,0 79.20600951841297,22.810564350273545,0 79.20668162885771,22.81062715472927,0 79.20862021845915,22.81091062922199,0 79.20924376378468,22.81115409895672,0 79.20960907829073,22.811217136271964,0 79.21021780408809,22.81118521746144,0 79.21138673592505,22.811310982488262,0 79.21221488899438,22.81155439576722,0 79.21330117604334,22.811996183628352,0 79.21420721361328,22.81227111059204,0 79.21527887759414,22.81248722180328,0 79.2163651992615,22.81279363560957,0 79.21745630304675,22.813082019537127,0 79.21782652977163,22.8131224118819,0 79.21806020565084,22.81307711545085,0 79.21866874975335,22.812661388871568,0 79.21902891682774,22.81234060415418,0 79.21927718583576,22.812096587866925,0 79.21942292139379,22.811608964418834,0 79.21967107899631,22.81133336520154,0 79.22014834597027,22.811211141583367,0 79.22175542322287,22.811097280612394,0 79.22271003925358,22.811205104126998,0 79.22295370656607,22.811349434886374,0 79.22309039159852,22.81186401041942,0 79.22309541402466,22.812071759411037,0 79.22299835408896,22.812460101089155,0 79.22267735466262,22.813110451062272,0 79.22251203350781,22.81355304487625,0 79.22224964519894,22.814334350474976,0 79.22211373567518,22.8150748684264,0 79.2221333821176,22.81522836717391,0 79.22221627638184,22.8153185656525,0 79.22242075577935,22.815323017819075,0 79.22278105552648,22.815146692514844,0 79.22311197072966,22.81476718762348,0 79.22347178409338,22.813886567896013,0 79.22370044331382,22.81361555818267,0 79.22420674655461,22.81325398074176,0 79.2249708986801,22.812571725454237,0 79.22523861221384,22.8124135214882,0 79.22562330954413,22.81229136209247,0 79.22631976085793,22.812322529812683,0 79.226587706331,22.81237655965507,0 79.22693360808576,22.812516341058988,0 79.22718220460241,22.81276897138536,0 79.22727964338817,22.81293603257626,0 79.22733352569644,22.81329715264722,0 79.22711492916567,22.814051341838482,0 79.22717853506124,22.814498234400393,0 79.22736401764354,22.81492705443714,0 79.22822722218356,22.816425556249065,0 79.22853919254689,22.81681358249752,0 79.22877302697246,22.816876643783775,0 79.22898243673635,22.81685394994334,0 79.22919187305249,22.81682674426455,0 79.22942547878792,22.81659175227764,0 79.22956624356365,22.816031813620768,0 79.22955140038783,22.815702198538784,0 79.22965352473848,22.81546285761072,0 79.22990657245919,22.81528210463754,0 79.23029588441925,22.814798742158032,0 79.23066108352997,22.814699121670188,0</coordinates>
        </LinearRing>
      </outerBoundaryIs>
    </Polygon>
  </Placemark>
</Document>
</kml>