<?xml version="1.0" encoding="UTF-8"?>
<kml xmlns="http://www.opengis.net/kml/2.2">
  <Document>
    <name>Pandhurna Subdistrict Boundary</name>
    <description>Subdistrict boundary for Pandhurna, Chhindwara District, Madhya Pradesh.</description>
    <Style id="style_pandhurna">
      <LineStyle>
        <color>ff0088ff</color>
        <width>2.5</width>
      </LineStyle>
      <PolyStyle>
        <color>330088ff</color>
        <fill>1</fill>
        <outline>1</outline>
      </PolyStyle>
    </Style>
    <Placemark id="SDT_3673">
      <name>Pandhurna</name>
      <description><![CDATA[<div style='font-family:Arial,sans-serif; font-size:12px; color:#222; max-width:360px;'>
  <h3 style='margin:0 0 8px 0; color:#1a73e8; border-bottom:2px solid #1a73e8; padding-bottom:4px;'>Pandhurna Subdistrict</h3>
  <table style='width:100%; border-collapse:collapse; border:1px solid #ddd; background:#fff;'>
    <tr><td style='font-weight:bold; padding:5px 10px; background:#f4f6f8; border-bottom:1px solid #e0e0e0; white-space:nowrap;'>Subdistrict (Tehsil)</td><td style='padding:5px 10px; border-bottom:1px solid #e0e0e0;'>Pandhurna</td></tr><tr><td style='font-weight:bold; padding:5px 10px; background:#f4f6f8; border-bottom:1px solid #e0e0e0; white-space:nowrap;'>District</td><td style='padding:5px 10px; border-bottom:1px solid #e0e0e0;'>Chhindwara</td></tr><tr><td style='font-weight:bold; padding:5px 10px; background:#f4f6f8; border-bottom:1px solid #e0e0e0; white-space:nowrap;'>State</td><td style='padding:5px 10px; border-bottom:1px solid #e0e0e0;'>MADHYA PRADESH</td></tr><tr><td style='font-weight:bold; padding:5px 10px; background:#f4f6f8; border-bottom:1px solid #e0e0e0; white-space:nowrap;'>Subdistrict LGD Code</td><td style='padding:5px 10px; border-bottom:1px solid #e0e0e0;'>3658</td></tr><tr><td style='font-weight:bold; padding:5px 10px; background:#f4f6f8; border-bottom:1px solid #e0e0e0; white-space:nowrap;'>District LGD Code</td><td style='padding:5px 10px; border-bottom:1px solid #e0e0e0;'>399</td></tr><tr><td style='font-weight:bold; padding:5px 10px; background:#f4f6f8; border-bottom:1px solid #e0e0e0; white-space:nowrap;'>State LGD Code</td><td style='padding:5px 10px; border-bottom:1px solid #e0e0e0;'>23</td></tr><tr><td style='font-weight:bold; padding:5px 10px; background:#f4f6f8; border-bottom:1px solid #e0e0e0; white-space:nowrap;'>Area (Sq Km)</td><td style='padding:5px 10px; border-bottom:1px solid #e0e0e0;'>1380.79 sq km</td></tr><tr><td style='font-weight:bold; padding:5px 10px; background:#f4f6f8; border-bottom:1px solid #e0e0e0; white-space:nowrap;'>Area (Hectares)</td><td style='padding:5px 10px; border-bottom:1px solid #e0e0e0;'>138,079.30 ha</td></tr><tr><td style='font-weight:bold; padding:5px 10px; background:#f4f6f8; border-bottom:1px solid #e0e0e0; white-space:nowrap;'>Perimeter</td><td style='padding:5px 10px; border-bottom:1px solid #e0e0e0;'>296.04 km</td></tr>
  </table>
</div>]]></description>
      <styleUrl>#style_pandhurna</styleUrl>
      <Polygon>
        <outerBoundaryIs>
          <LinearRing>
            <coordinates>78.7247778358463,21.910687708560427,0 78.72231154536972,21.9130282264688,0 78.72191954573258,21.912956237878436,0 78.72133837976119,21.912292801524703,0 78.72088842351685,21.912338139433945,0 78.72003210267563,21.91267283193422,0 78.71926759055475,21.91273648151771,0 78.71791750532775,21.912863633918473,0 78.71733202923966,21.91292723174507,0 78.71678944770635,21.91200176930764,0 78.71566118616738,21.910738106713975,0 78.71421847924466,21.909646093555722,0 78.71272293521356,21.909217924175127,0 78.71192355229,21.907556542352538,0 78.71222806051004,21.907082244516985,0 78.71249382529024,21.906454448378668,0 78.71273047028218,21.905637060745576,0 78.71337346010802,21.90478328533263,0 78.71438357162758,21.90276878961579,0 78.71495835866212,21.90121063277695,0 78.71502079606594,21.90048362339172,0 78.71532990635521,21.899575817669742,0 78.71544513056173,21.89872554663871,0 78.71521240761436,21.897367709475642,0 78.71525524467698,21.896324629312684,0 78.71464980532832,21.895299864722094,0 78.71349766207754,21.894356774658096,0 78.71181345207383,21.893693833508816,0 78.70938397725257,21.892593256891097,0 78.70837255868426,21.89234094879142,0 78.70331108565753,21.891399591255492,0 78.69856038749828,21.891690862262767,0 78.69563241686461,21.89109597657053,0 78.69269525466892,21.890505649554747,0 78.69109918466597,21.891892482476354,0 78.69103172927296,21.89195135934257,0 78.69065375682897,21.89228138025237,0 78.69036408159086,21.892529508288703,0 78.68949830148973,21.89328395216636,0 78.68860164988548,21.893869308203858,0 78.68680204319871,21.894523013952632,0 78.68558960861931,21.894965138916806,0 78.68558110516685,21.894937634456582,0 78.68556132695922,21.894893555459788,0 78.68552511856508,21.894815736405267,0 78.68551074821548,21.894783118271132,0 78.68550501247238,21.894764935031343,0 78.68550076703433,21.8947456607113,0 78.68549827151449,21.894728886116024,0 78.68549718634964,21.894719027237475,0 78.68549622964385,21.894706224364082,0 78.68549565202711,21.89465550130208,0 78.68549740104697,21.894579209961964,0 78.68549993339775,21.894493535627742,0 78.68550260139416,21.894453610766952,0 78.68550703008849,21.89434604638977,0 78.68550451750065,21.89429153233769,0 78.68549601494648,21.894244238242376,0 78.68548508694106,21.894212662715184,0 78.6854702836035,21.894183906990992,0 78.68545532934894,21.894160489146483,0 78.68543654198312,21.894135655974736,0 78.68540104325801,21.89409539843761,0 78.68528222219707,21.89397424066967,0 78.68523049181312,21.893919942358405,0 78.68520478921623,21.8938962460731,0 78.68518854498096,21.893883402283056,0 78.68517118952967,21.893873217437623,0 78.68515625593635,21.893867380259735,0 78.6851420930976,21.89386348352872,0 78.68513234637678,21.89386164893936,0 78.68511461453136,21.893859561791796,0 78.68499488437536,21.89385897749048,0 78.68480849203874,21.8938672010518,0 78.68468578666251,21.893887946662687,0 78.6846480116065,21.893897833938563,0 78.68461574322316,21.893909334918373,0 78.68457374878025,21.89392691729576,0 78.68452255109727,21.89395739846817,0 78.68448082794559,21.893987317838427,0 78.68443259380473,21.894027121968783,0 78.68438800951886,21.89406695776193,0 78.68433403783828,21.89411840119795,0 78.68425882100122,21.894203440612777,0 78.68415815938373,21.894317805809543,0 78.68399799785342,21.89446432819138,0 78.68384753543323,21.894577981351745,0 78.68378582835973,21.89461389360776,0 78.68374212172789,21.894634959181975,0 78.68369419660746,21.894653778414693,0 78.68357985813982,21.894695858703457,0 78.68354757807838,21.894708463199954,0 78.68347253461619,21.89469722317653,0 78.68339758996866,21.8946859831522,0 78.68338341096022,21.89468365012814,0 78.6833693343597,21.89468085783419,0 78.68334149017917,21.89467407964461,0 78.68332319868334,21.894668765116965,0 78.68329901513758,21.89466082166483,0 78.68326708002922,21.894648853140506,0 78.68324920355509,21.894641425636653,0 78.68322877856045,21.894632502795982,0 78.6832058059437,21.894621808722782,0 78.683179893141,21.894609248395255,0 78.6830196381859,21.894528687733466,0 78.68286048007377,21.894446848403454,0 78.68281888448286,21.894424578362035,0 78.68277778835521,21.89440166733855,0 78.68269559969323,21.89435538600963,0 78.68264007033396,21.894325998504037,0 78.68260777949277,21.894310159905498,0 78.68257007450536,21.894293354418636,0 78.68254139129834,21.89428169009932,0 78.68251260478505,21.894270485050225,0 78.68245442988726,21.894249173532838,0 78.68233777286781,21.894207654073405,0 78.68215634012986,21.894144028720813,0 78.68209610270017,21.894121871157843,0 78.68206201343179,21.894108410580408,0 78.68204355574765,21.894099964482088,0 78.6820260978884,21.894090147236238,0 78.68201502615254,21.894082870571154,0 78.6820007303631,21.89407243651625,0 78.68198253678365,21.89405736639888,0 78.68195927940097,21.894035715605224,0 78.68192960265722,21.894005172768733,0 78.6818901693112,21.893963959141868,0 78.68186672238396,21.893941570664456,0 78.68185371837191,21.89393022722349,0 78.68183933364925,21.893918872112224,0 78.68175279624299,21.89385395883399,0 78.68166576027176,21.89378959315264,0 78.6816070059606,21.89374738256631,0 78.68154530248036,21.893704225081585,0 78.6814829980272,21.893661982795987,0 78.68144106197478,21.893634369725834,0 78.68138441421299,21.893598436384902,0 78.68135038962328,21.893578533427746,0 78.68131556283802,21.893559910765536,0 78.68124470911832,21.893524405838882,0 78.68119780897565,21.893500063504057,0 78.68117162128847,21.893485475105088,0 78.68114240897376,21.893467545925756,0 78.68105529395078,21.893411096085703,0 78.68096817892778,21.893354737077928,0 78.68085443334816,21.893298329703168,0 78.68074068866689,21.893241922306128,0 78.68073215467169,21.89323724537482,0 78.68072402312173,21.893231835771314,0 78.68071883445268,21.8932280165411,0 78.68071208271499,21.89322261860663,0 78.68070348044785,21.893214995149147,0 78.68069234223663,21.893204404327246,0 78.68067749577993,21.893190007609775,0 78.68066889530938,21.89318210825234,0 78.68065852785269,21.893173457050924,0 78.68065275168541,21.893169172709715,0 78.68064628471369,21.89316488170018,0 78.6806391269375,21.893160676543992,0 78.68060321588571,21.8931420454919,0 78.68056679908241,21.893124698073102,0 78.68054224992234,21.893113898028528,0 78.68050914790241,21.89310035316942,0 78.6804643381394,21.893083945133732,0 78.68043848462554,21.89307543479295,0 78.68040859138782,21.89306642850128,0 78.68037406643651,21.893057105467577,0 78.68033421537388,21.893047828277478,0 78.68020970977379,21.893021886316635,0 78.68008508739277,21.892997875641083,0 78.68000179290466,21.892983431391556,0 78.67989021855314,21.892966254827197,0 78.67982619652113,21.892957686132245,0 78.67971862146922,21.89294496228608,0 78.67961093682287,21.892933433721957,0 78.67939554327562,21.892912677969836,0 78.67930074945357,21.89290402341796,0 78.67926911168759,21.892901813727313,0 78.67922691422544,21.89290024752255,0 78.67920275134092,21.892900220016045,0 78.67917532218205,21.892901176076098,0 78.67914393324936,21.892903755020974,0 78.6791263541176,21.892905993885183,0 78.67910886841055,21.89290887873582,0 78.67907427428896,21.892916215475037,0 78.67905153074263,21.892922091034283,0 78.67902145784187,21.892931032319687,0 78.6789815762365,21.892944397985772,0 78.6789289134013,21.892963635040488,0 78.67885842799082,21.89298961868843,0 78.67875133802917,21.893026879996523,0 78.67864532514754,21.893064887304238,0 78.67857581081591,21.89309244463816,0 78.67853658228577,21.893109497824874,0 78.67849228456251,21.893130464431348,0 78.67844241009792,21.89315681313482,0 78.67840401250942,21.893179488469563,0 78.67836708007312,21.89320364914978,0 78.67834314086913,21.893220468101514,0 78.67831193878607,21.89324366688233,0 78.67827167000681,21.893275898611297,0 78.67821953807591,21.89332072828393,0 78.67815224168473,21.89338273112459,0 78.67808602237358,21.893445479112124,0 78.6780644062129,21.893466736570375,0 78.67803610568816,21.8934955749584,0 78.67792007569281,21.893617532485337,0 78.67780394688276,21.893739489907922,0 78.67766369920568,21.893886363798266,0 78.67752345152857,21.894033145849594,0 78.67750350892928,21.89405469412013,0 78.6774842508462,21.894076800848627,0 78.6774470057962,21.894122221237843,0 78.67737359457287,21.894213532913557,0 78.67735173946032,21.894238930366924,0 78.6773258122846,21.894267053436042,0 78.67729443592835,21.894297705407876,0 78.67727682266059,21.894313198929414,0 78.6771728696159,21.89440120473369,0 78.67706881685821,21.894489302171028,0 78.67694571891822,21.894558730345004,0 78.67690416914137,21.894581009534193,0 78.67688017783509,21.894593224786483,0 78.67685995945298,21.894602896965022,0 78.67683964584945,21.894612291580433,0 78.6767984356358,21.894630247288482,0 78.67671562623796,21.89466551105226,0 78.67666972502188,21.894649735839007,0 78.67662372499113,21.894633960624,0 78.67660092395258,21.894625844631097,0 78.676578325035,21.894617361888535,0 78.67653352964504,21.894599479528697,0 78.67644464943253,21.894561788534638,0 78.67634476036618,21.894520319177552,0 78.67631166732944,21.89450585341067,0 78.67626857694187,21.89448522458277,0 78.6762445398215,21.894472587559193,0 78.67621796765539,21.894456982363074,0 78.67618867269567,21.894437579638964,0 78.67617369508493,21.894426402108362,0 78.67614463009392,21.89440377948386,0 78.67611556330627,21.894381249376714,0 78.6737934695008,21.895443136215253,0 78.6717322913696,21.895570061495032,0 78.67028557706242,21.895696947486567,0 78.66856321201534,21.89597731486654,0 78.66724717922578,21.896230509221805,0 78.66599899798628,21.896736594853106,0 78.66546194648187,21.896863194746686,0 78.66444577133414,21.896705358282485,0 78.66336676621884,21.89667398334251,0 78.66147973818356,21.896597598896083,0 78.66066681585203,21.896597837279764,0 78.66006207359601,21.89668819383568,0 78.65968955482413,21.89690957111483,0 78.65945265381234,21.897605001449588,0 78.65962213805868,21.898327423768468,0 78.65982579781168,21.900061384258812,0 78.66016504298547,21.902138507381235,0 78.66016549932962,21.904107319771573,0 78.66037465138227,21.90666311870397,0 78.6600935110377,21.90655469258462,0 78.65877251595454,21.90666334873633,0 78.6582547575675,21.906798931901374,0 78.65754825415608,21.90659133609324,0 78.65709332214338,21.906370144710476,0 78.65642556846008,21.906135458537676,0 78.65518676832708,21.90600024396158,0 78.65482379954497,21.905959635557327,0 78.65413190453671,21.905896577199346,0 78.65360440481872,21.90577920251668,0 78.65283501304924,21.905616770245146,0 78.65248649546508,21.905282744603504,0 78.65214285932619,21.904944067468897,0 78.65179444953986,21.904619061648404,0 78.65103952962961,21.90432567422108,0 78.65052663202658,21.90427607392507,0 78.64975242349053,21.904420655768476,0 78.64930735048807,21.904691617038637,0 78.64866376328253,21.904958128781523,0 78.64786057150219,21.90506212377625,0 78.64715409234529,21.905008014716977,0 78.64641855897717,21.905179712415173,0 78.64567820524927,21.904899774866813,0 78.64503459917908,21.904669581133827,0 78.64490877125895,21.904245122384808,0 78.63976025507442,21.9040017913359,0 78.64006031573554,21.904439792092226,0 78.64057325915266,21.905247994376754,0 78.64081529493458,21.90563180663556,0 78.64123631913859,21.906697466029097,0 78.64142045131396,21.908323036588154,0 78.6415269465909,21.90926224210477,0 78.64153191337608,21.909822215355938,0 78.64158526881239,21.91080659936874,0 78.64136052649799,21.9115069024121,0 78.6401432571857,21.911470526863003,0 78.63866732786886,21.911493202617667,0 78.63772857761715,21.911375833379257,0 78.637099488322,21.911294577952457,0 78.6362816944267,21.911032764411175,0 78.63546868945018,21.910861197113686,0 78.63465085153739,21.910689673781196,0 78.63315563179813,21.91040523237618,0 78.63193130262606,21.91024271203467,0 78.63118123541493,21.910062119399043,0 78.63055705541282,21.910012453592092,0 78.62987954961882,21.909845400599867,0 78.62821014744426,21.909457061642993,0 78.62460991178791,21.908544935863002,0 78.62325985530698,21.908955855952634,0 78.62125713863612,21.90839245135576,0 78.6200115876638,21.908159131191375,0 78.61907012629659,21.907984275001613,0 78.61830173974188,21.907841466175118,0 78.6181647439661,21.90781186058761,0 78.61776276763939,21.90768225501754,0 78.61394978487263,21.906498868015554,0 78.60774161957224,21.90555001452012,0 78.60737888075884,21.90553571156334,0 78.60235121852276,21.90533713943462,0 78.60181887868204,21.90537316649739,0 78.60069149479709,21.905025262341294,0 78.59971410441177,21.904709025559402,0 78.59900770430662,21.90450115583084,0 78.59841253988819,21.9043701645326,0 78.59728998624452,21.904135130844573,0 78.59607548464166,21.903809761454266,0 78.59560618946585,21.903687754304926,0 78.59516102483524,21.903624514078935,0 78.59443037920059,21.90344373469205,0 78.59306598021783,21.902969299812362,0 78.59167733390892,21.902530984483658,0 78.59053555002997,21.901939217894732,0 78.59010496595474,21.901740419882323,0 78.58967428486142,21.901541619092168,0 78.58942761736589,21.901392587704873,0 78.58917601991605,21.901243509486733,0 78.58848418150166,21.90092278350221,0 78.58779718141342,21.900602007620265,0 78.58751174981671,21.900425824414086,0 78.58683928716471,21.900019299719478,0 78.585528140312,21.899404830023816,0 78.58505889184858,21.899106702613064,0 78.58472021441008,21.898984691437462,0 78.58439120194569,21.89885365672791,0 78.58408640806132,21.89873610371056,0 78.57540598747092,21.895347256822166,0 78.57540458969234,21.89534880883026,0 78.56598343269164,21.890918542137914,0 78.56423734044297,21.88130560502667,0 78.5632007088596,21.88128127977898,0 78.56282339038913,21.881136576104556,0 78.56196712344683,21.880996324544125,0 78.56073354252563,21.880738421631026,0 78.55957616479166,21.88061875466773,0 78.55885647051865,21.88053446573133,0 78.55812111411865,21.880520625415514,0 78.5567616953958,21.880479362043555,0 78.55482758485988,21.880405333857123,0 78.55466239815384,21.879525711342446,0 78.55444003637494,21.87919147285475,0 78.55416947548946,21.878550071011066,0 78.55381173849554,21.87789071263885,0 78.55336220445936,21.877095714927552,0 78.55311075074,21.87686079133403,0 78.55284974433587,21.876472332515394,0 78.55225975690841,21.876065712024328,0 78.5518874734951,21.875609449262182,0 78.55155378529969,21.875311233758655,0 78.55100742455396,21.87460661056221,0 78.55067383966481,21.8743083937967,0 78.55038364250552,21.874046399789027,0 78.54997754830156,21.873572042999154,0 78.54972616465074,21.873251326473802,0 78.54913620507106,21.872817540712532,0 78.54858019462259,21.872194093761415,0 78.54825624685975,21.87180115635398,0 78.54813060489089,21.87146241053454,0 78.5481602699565,21.870374149823824,0 78.5482529329747,21.86898338537299,0 78.54828720100784,21.86814802232988,0 78.54810868150635,21.86720420502881,0 78.54790604673109,21.866328085998532,0 78.54759178101042,21.865917015556857,0 78.54704521095726,21.865781320158472,0 78.54613097303472,21.865704024620456,0 78.5454246951005,21.86566306292879,0 78.54460718417448,21.865649099452,0 78.54429765437197,21.865630923336663,0 78.54361568574762,21.865264803592396,0 78.54276953653037,21.864605122064656,0 78.54208292451432,21.864053844314242,0 78.54137699782135,21.86345745860831,0 78.54114491537273,21.863240560599493,0 78.54040978265324,21.863082121682346,0 78.54000820517851,21.863095445958358,0 78.53964562626521,21.862837885865556,0 78.5395641993746,21.861388376980646,0 78.53946278496892,21.861117330109685,0 78.53940960111083,21.861040599808266,0 78.53940968734912,21.860846382770458,0 78.5397969097456,21.860571140426178,0 78.54033872232101,21.860404352168235,0 78.54076946809299,21.86016975293557,0 78.54111325425055,21.85958748015686,0 78.54162137191798,21.859230930285094,0 78.54235191873794,21.85897391348365,0 78.54271486326553,21.858752920884587,0 78.54281649775848,21.85860395984928,0 78.54287954871164,21.858333031920022,0 78.54273481215307,21.85764653207252,0 78.5425273704927,21.856621432985815,0 78.5422570611355,21.855682065085446,0 78.54203512425974,21.854711040039078,0 78.54183257482443,21.853681385899158,0 78.54169757690181,21.852891153410972,0 78.54138772550245,21.851695423113274,0 78.5402617268197,21.851544707131133,0 78.53945403447972,21.85142688918452,0 78.53934380849945,21.851408516989988,0 78.53861248014518,21.851286464192704,0 78.53741316635879,21.85090195626131,0 78.5365716281939,21.850707396929877,0 78.53590420509062,21.85056698957407,0 78.53502397379147,21.850367811482386,0 78.53430338120317,21.85013262546029,0 78.53367961262943,21.849897458228074,0 78.53304614045402,21.84963973342727,0 78.53208866392191,21.849259836903194,0 78.53179847305086,21.849146832189927,0 78.53131973837806,21.848956880480696,0 78.53099102056107,21.84875347867178,0 78.53043499394295,21.84835124919775,0 78.53012564290518,21.847994408636694,0 78.52968103523004,21.847398034255445,0 78.52933333780776,21.84666177315411,0 78.52872938876413,21.845591277832252,0 78.52856029528493,21.84524795393318,0 78.52841060451757,21.844976982332426,0 78.52768587339074,21.843811510094262,0 78.52726562263621,21.842935180042808,0 78.52722222682146,21.842813255921797,0 78.52704358155584,21.84227580480509,0 78.52691358904603,21.841399732998646,0 78.52687074839012,21.840365549428782,0 78.52683775776133,21.839182442134604,0 78.52673659757887,21.83851412323856,0 78.5266207373651,21.83823409326608,0 78.52640641011808,21.837925670921067,0 78.52611333834993,21.837606077604747,0 78.52534474967428,21.836937306060047,0 78.52486133298225,21.836589339291535,0 78.52441664535705,21.836304525021635,0 78.52404926315192,21.835974719926565,0 78.52367723755508,21.835364865970924,0 78.52359526089552,21.835053225374406,0 78.52333338132895,21.8350738561198,0 78.523295338575,21.83513432575882,0 78.52267585676181,21.835666813039737,0 78.5221244052634,21.835856084466286,0 78.52183417127317,21.835846887779148,0 78.52157804900928,21.835679614537376,0 78.52117700603215,21.835056215627734,0 78.52063114205482,21.83414375268385,0 78.52020110505359,21.833583486615932,0 78.5199160049352,21.833267273313353,0 78.51958737245822,21.8329825716716,0 78.51894905566846,21.83279699720972,0 78.51831060862297,21.832850736719426,0 78.51763356635966,21.832759951167098,0 78.51596522689206,21.83250596795698,0 78.51550585989682,21.83241538231796,0 78.5148578601666,21.8323110633744,0 78.51456778697482,21.832157343310087,0 78.5144324216413,21.83205337857994,0 78.51427778115674,21.831954010992373,0 78.51406984362633,21.83189507769651,0 78.5138957752771,21.831813741986522,0 78.51369753955179,21.831777455361078,0 78.51358635057748,21.831741289640156,0 78.51348954632584,21.83173214272165,0 78.51322355876347,21.831759066464866,0 78.5127398168813,21.831871652136183,0 78.51230453731206,21.831961611036725,0 78.51212553631359,21.832020226594434,0 78.51198041886936,21.832029103315328,0 78.51169984266674,21.832047043545984,0 78.5114242341477,21.831974552125118,0 78.51109070405573,21.831784681833046,0 78.51081517458843,21.8316355167369,0 78.51064116912127,21.83153153494967,0 78.51043330884598,21.831404943828236,0 78.51015779734499,21.83109764334819,0 78.51008538684488,21.830980214653877,0 78.5100902835615,21.830939579066353,0 78.50980016365733,21.830799379946537,0 78.50945197934816,21.83078102594815,0 78.50859116603219,21.83076238675568,0 78.50754152504689,21.830842939203865,0 78.50710619427369,21.830937393433462,0 78.50629335818041,21.831329646040516,0 78.50582895343305,21.831509963065994,0 78.50492428616155,21.831888595891385,0 78.50418884621824,21.832235766897607,0 78.50313896358612,21.832700115942494,0 78.50236483949172,21.833006578264794,0 78.5011990364587,21.83331273222905,0 78.50053138877662,21.833488342849154,0 78.49964604786014,21.83389861684891,0 78.49888633813276,21.83433149180009,0 78.49868803144055,21.83443960338902,0 78.49816532962448,21.834327255725388,0 78.49777354109143,21.834241707835996,0 78.49635116753517,21.83379123115711,0 78.49621571955662,21.83367841351145,0 78.49605096673687,21.833326260245883,0 78.49581833092608,21.832703277190955,0 78.49502485083222,21.8323561698609,0 78.49398948587343,21.831936964676853,0 78.4918516356344,21.831735274805414,0 78.49064236581975,21.831523893188002,0 78.48989751692213,21.83142503223762,0 78.48959233047405,21.83084724376105,0 78.48878831493853,21.829317031399974,0 78.48807628419321,21.8279763397002,0 78.48796957871049,21.82753391222586,0 78.48611672438524,21.826808132902432,0 78.48519272357221,21.826397809376456,0 78.48459766156172,21.82611827020794,0 78.48231934804991,21.825514636162005,0 78.48008450491307,21.824793588312108,0 78.47960090316805,21.82482543687459,0 78.47920918290694,21.824848270665903,0 78.4791608562396,21.82480765168282,0 78.47903498070875,21.82471295573594,0 78.47868183590256,21.824460318377994,0 78.4780528292524,21.824117451606437,0 78.47750140380515,21.82392816131014,0 78.47703223439348,21.823829074951608,0 78.47659694584111,21.82377515692626,0 78.47638410979748,21.823707561514937,0 78.47621484563838,21.82363994605724,0 78.47578897682007,21.82336024138426,0 78.47512627166867,21.823085135335553,0 78.47443448625486,21.82274235533413,0 78.47427467147425,21.822480618690964,0 78.4741053686876,21.822331632364076,0 78.47375687535796,21.821857754356458,0 78.47365033875853,21.821677187489595,0 78.47349517455615,21.821108342952222,0 78.47344665834427,21.820846444035396,0 78.4734706568371,21.820638664849533,0 78.47355753739978,21.820372245874623,0 78.47376040483873,21.820015417216943,0 78.47411305557148,21.819518446713058,0 78.47421930111678,21.819256458154552,0 78.47427226039603,21.818931338985248,0 78.47426233491048,21.818597207255237,0 78.47419915549821,21.818154660710103,0 78.4739228552764,21.817211072846973,0 78.47382598275277,21.816886002405536,0 78.47382110310414,21.81681379018998,0 78.4724616421605,21.816010827561758,0 78.47141660683768,21.815261758330738,0 78.47135855231413,21.815185048451017,0 78.47129560287058,21.81513093201633,0 78.47123760314426,21.815117365583664,0 78.47113119051232,21.815121992532138,0 78.47068636724151,21.815144817863914,0 78.47018824063667,21.815131570848752,0 78.46988350154959,21.815068464033228,0 78.46968522450179,21.814996405188037,0 78.4694917534407,21.814892639820094,0 78.4689884732011,21.81437364255238,0 78.46891590549583,21.814332958046958,0 78.46879010722006,21.814292469517543,0 78.46838384143787,21.814229433221264,0 78.4682145018203,21.81408504276879,0 78.46782751029083,21.813882016696155,0 78.46753249367006,21.8137377293084,0 78.46716478447817,21.813521182862832,0 78.46707669657972,21.811868453571613,0 78.46722127772976,21.811024034655574,0 78.47039349939091,21.811067397268875,0 78.47175225066547,21.81103497351467,0 78.47250661721351,21.810939714672394,0 78.47306254591531,21.810727202273586,0 78.47497678392054,21.809737129931456,0 78.47651889212437,21.80913114908386,0 78.47758722884737,21.80866533824146,0 78.4793370455112,21.80774764778327,0 78.4811302867359,21.80670335431698,0 78.48236756691942,21.805858149300505,0 78.48336323352922,21.80527954866035,0 78.48390443255529,21.80482762631589,0 78.48491351730047,21.802808476960575,0 78.4854253512982,21.801823780449315,0 78.48552635337717,21.801620273251896,0 78.48573915528482,21.801191369595436,0 78.48626535334398,21.80006212225474,0 78.48667587714061,21.799528985362553,0 78.48688372753442,21.79938435405194,0 78.48884677190736,21.799270125548702,0 78.48918027325321,21.799143503389978,0 78.4896441318249,21.798736717135117,0 78.49136890435692,21.79690676565695,0 78.49137099922815,21.796904577836205,0 78.49368295554567,21.794520854289804,0 78.49519032499917,21.793025110377926,0 78.49579405665047,21.792302244843487,0 78.49651913542532,21.792094007177905,0 78.4984001339684,21.792336426153636,0 78.49788711060121,21.791736253077588,0 78.4974902420952,21.791226242159375,0 78.4972288952296,21.790896790293246,0 78.49712238827456,21.790738885983377,0 78.49654607410403,21.789623924209604,0 78.49536948859267,21.787655985621488,0 78.49563972249138,21.786982902541364,0 78.49440180899558,21.786726441601214,0 78.4922886291892,21.786276301709695,0 78.48978343537264,21.785379476105746,0 78.48854538173966,21.784982967675365,0 78.48679481318591,21.784532521176363,0 78.48501093599977,21.784673740738423,0 78.47792266965594,21.78399630265495,0 78.47668025739719,21.78422738734879,0 78.47611014699201,21.784823769739607,0 78.47463169161257,21.78629678349835,0 78.47254731538747,21.78541745949027,0 78.47160917868511,21.78519219914607,0 78.4706761695664,21.785246887446966,0 78.46970925713056,21.78536943033929,0 78.47080054760569,21.783354820770555,0 78.47108550848517,21.782925661407777,0 78.47126910526464,21.78271333935265,0 78.47145271462051,21.78248288535728,0 78.4714669017138,21.78245771746221,0 78.47150101344008,21.782397130476983,0 78.47152020145455,21.782297735099394,0 78.47145690795627,21.78149401674371,0 78.47121441852511,21.780396797130546,0 78.47133488619797,21.779773599619197,0 78.4717882281926,21.778251573024008,0 78.47184592698329,21.777687107430648,0 78.4714720499587,21.77530308765788,0 78.47089977910527,21.772566927455536,0 78.47068599354236,21.770900812537935,0 78.4706567893125,21.77067501132513,0 78.47038433118513,21.767970339569004,0 78.47056237457949,21.766809651500708,0 78.4706823814166,21.76557234858558,0 78.47071562177706,21.764551753382822,0 78.46906605979387,21.762908984736743,0 78.46894509984423,21.76278718102348,0 78.46876628839031,21.762818867335408,0 78.46731725373473,21.764707198710884,0 78.46623019971447,21.76566506718894,0 78.46608042989537,21.765791665523896,0 78.46590166515381,21.765886581456705,0 78.4653554023245,21.765995243608234,0 78.46518133756852,21.765932078445037,0 78.46497338476678,21.765792264531232,0 78.46485241493568,21.765620662179337,0 78.46426203853767,21.764519158923196,0 78.46353147464973,21.763526122684876,0 78.46120114688635,21.763030625660463,0 78.45923345732506,21.7626342490013,0 78.45921807637079,21.76116215357079,0 78.45964472582509,21.76064776646477,0 78.45995234491096,21.760276759420627,0 78.46164787548386,21.75837021839514,0 78.46204402623596,21.757909450411702,0 78.46233380567861,21.757520953947477,0 78.46248335810543,21.75709190752453,0 78.46253634702911,21.75679837501002,0 78.46253627516388,21.756635827683503,0 78.46252166765905,21.75647773464043,0 78.46244904335991,21.756233910951227,0 78.46232304296323,21.755701175941432,0 78.46226488154015,21.755484468393,0 78.46220191053705,21.755308393373323,0 78.46214844999785,21.754748418025777,0 78.46214842484503,21.754716847573807,0 78.46222550568629,21.75429230904737,0 78.4622687811268,21.753944648793937,0 78.46226848288612,21.753438876291327,0 78.46237933858544,21.75297372467723,0 78.46253338887688,21.751880829176113,0 78.46269750299444,21.75146978964288,0 78.46289057789848,21.75100004601874,0 78.46293404378179,21.75091424645615,0 78.46306906595889,21.750640419745835,0 78.4628414319676,21.74974152075124,0 78.4634545330473,21.748526567902687,0 78.46471482267854,21.746448696150363,0 78.4657045406445,21.744632863027334,0 78.46638539805285,21.743517169120523,0 78.46651572293933,21.743205463926188,0 78.4666361915105,21.742699635247398,0 78.46664524742688,21.741710745320205,0 78.46658209047251,21.741254683384863,0 78.4661367075513,21.740112430319105,0 78.46564795576477,21.739141851607073,0 78.4652075800529,21.738238953820552,0 78.46489770080575,21.737390217018234,0 78.46467489615742,21.736627136488533,0 78.46439872349636,21.735507406775287,0 78.46417601406942,21.734821181812503,0 78.46381751979575,21.73353889627404,0 78.4635609070517,21.732753289803917,0 78.46337669312965,21.731850240896517,0 78.46314783024303,21.73085672174518,0 78.46303751982109,21.730441597376167,0 78.46291154637382,21.72996749994267,0 78.4624322098298,21.728364694132985,0 78.46241280711799,21.728296937745736,0 78.46209315869211,21.727141145467137,0 78.46197199123165,21.72670317680687,0 78.4615118957027,21.72502362073205,0 78.46110017894337,21.723470378581172,0 78.46089190634137,21.722698334828483,0 78.46071747597108,21.721921758788504,0 78.46068850979474,21.721930758325716,0 78.46032513677072,21.720364020872136,0 78.46019131294624,21.719636364660804,0 78.46017482886076,21.719546733356314,0 78.46001969520108,21.718729489600197,0 78.45982113518394,21.717961962853238,0 78.45978725522302,21.71789424329199,0 78.45955516379126,21.717618879846924,0 78.45934723254908,21.717492591238504,0 78.45905715306908,21.717307569151213,0 78.45789238938688,21.716955930388927,0 78.45729789870488,21.716775611173066,0 78.45672270832678,21.71660423151352,0 78.45577534412983,21.71631122301448,0 78.45566904109238,21.716279668320176,0 78.45543215984353,21.716211983018514,0 78.45492468087828,21.716112898182324,0 78.4547555891957,21.716076832643687,0 78.45446079984869,21.716117619291285,0 78.45423852790131,21.71613126101692,0 78.45291954234942,21.71676862593328,0 78.45190998958199,21.71750966701712,0 78.45181331558608,21.717563897893925,0 78.45162981672298,21.71767236709717,0 78.45157179453876,21.717681343532817,0 78.45156208734383,21.717685937738498,0 78.45127703663282,21.717735745427895,0 78.45015094272861,21.717564658170915,0 78.44920210529459,21.717372285431566,0 78.44866241184494,21.717240173088864,0 78.448396519504,21.717177055755332,0 78.44791808127525,21.717154639623047,0 78.44744934036,21.717136831063335,0 78.44719325223207,21.71712784040627,0 78.44715593711348,21.71712644336176,0 78.44669062686431,21.717110049368895,0 78.44658430226725,21.71710554694589,0 78.44648767498373,21.71710556280242,0 78.4457000069898,21.71712854643951,0 78.44557436771582,21.71713304886183,0 78.44552117936618,21.717133052200037,0 78.44539066673181,21.71713317821777,0 78.44424051145273,21.717115596654313,0 78.44348669018204,21.717124928645035,0 78.44226881450699,21.717003455822166,0 78.44068850814062,21.716836986963692,0 78.4400505686433,21.716692782230883,0 78.43939328123136,21.71654395640566,0 78.4383734598219,21.716201122054574,0 78.4379626368863,21.716083929748198,0 78.43762916608317,21.716038869304338,0 78.43680282112463,21.716084322826283,0 78.4356141110519,21.716220258514962,0 78.43384550432725,21.716442104401732,0 78.43256495139818,21.71661415356964,0 78.43136663923335,21.716885530594606,0 78.42959802711881,21.717337611409224,0 78.42871381807963,21.717608836850047,0 78.42728364535006,21.71833179730403,0 78.42725427133857,21.718160387785616,0 78.42725456868094,21.718160206688573,0 78.42722553692758,21.71799312660927,0 78.42705597183284,21.716950106024896,0 78.42704148829554,21.716859756162723,0 78.4267948046303,21.716286347300333,0 78.42629663400804,21.71517114025573,0 78.42583243946643,21.714304243882765,0 78.42548910965304,21.713667604143367,0 78.4253439850223,21.71328384530462,0 78.4253584443051,21.713021958989177,0 78.42560942551061,21.71221352725207,0 78.42602463851307,21.711079978575015,0 78.42639154910263,21.710212931528893,0 78.42662805305908,21.70948580318541,0 78.42713510083298,21.708487682763458,0 78.42737647006498,21.70771541337992,0 78.42774819562452,21.706699311416646,0 78.42798940046481,21.705651565965905,0 78.42825486341104,21.70485672226482,0 78.42856357395,21.703474842334128,0 78.42862134191098,21.702752292159204,0 78.4285387687701,21.70169113779857,0 78.42841263182945,21.700327456283386,0 78.42821415535565,21.6992076618163,0 78.42813164689345,21.698421983028503,0 78.42800567164954,21.697482697645704,0 78.42770103766534,21.69674228461362,0 78.42717408771631,21.69599734132018,0 78.42682431788066,21.695548771743862,0 78.42648764458355,21.69511699708313,0 78.42554499833847,21.693920580214776,0 78.42484420731395,21.69331122574029,0 78.42368433226349,21.69235421976691,0 78.42294482654522,21.691771879630835,0 78.42144669267114,21.690824015159375,0 78.42047538747356,21.69033200869644,0 78.42026759636857,21.69015145830088,0 78.42006938938934,21.6897631844107,0 78.4198129967325,21.68864332866721,0 78.41952279867492,21.68782159976293,0 78.41926642218777,21.68687339710981,0 78.41901003581918,21.685803242481718,0 78.41890351988098,21.68501298631101,0 78.41887445399166,21.68485030941954,0 78.41884548332374,21.684687849377543,0 78.4173907560442,21.683414770944,0 78.4162309537573,21.68229968240197,0 78.41527888867647,21.681410332522326,0 78.4145146927626,21.6807031665767,0 78.41375186767782,21.679997298567383,0 78.41345222114008,21.679694833569005,0 78.41315257550066,21.67939236877067,0 78.41260655431815,21.679008612910327,0 78.41230216916728,21.678977055884,0 78.41173693481744,21.67911716041328,0 78.41114762292305,21.679383745561193,0 78.40948091659268,21.67962790824089,0 78.40817164452399,21.67992166589059,0 78.40730692982473,21.680120529751157,0 78.40554837704475,21.68049115093122,0 78.40266422353568,21.681110285460175,0 78.40134535835804,21.681372405953727,0 78.4012004196785,21.681363320404557,0 78.400867018944,21.68118279049093,0 78.39996342156597,21.680446825629573,0 78.39917096285663,21.679706422703358,0 78.39849933204457,21.679087778834795,0 78.39830117447266,21.678880150067208,0 78.39790014856355,21.67845572910267,0 78.39719944198067,21.677557158687463,0 78.39675969059795,21.676771532948734,0 78.39632479550768,21.675927146001914,0 78.3957835380911,21.67494724957574,0 78.39521335312577,21.674224841805,0 78.39425663477175,21.672861223357955,0 78.3935753084428,21.671791009764643,0 78.3932660661012,21.671231157576443,0 78.39284078747603,21.670102283615705,0 78.39256046908996,21.669302980275464,0 78.39235002076835,21.66872485306964,0 78.39215453388778,21.668187658177303,0 78.39171482831915,21.667451630312247,0 78.39138483489445,21.66664940200292,0 78.39107215380197,21.665889235739016,0 78.39065656530373,21.664606852086013,0 78.39026518999572,21.66378500702323,0 78.3903858651794,21.662692246362518,0 78.3904485487216,21.661486489379886,0 78.39052573017418,21.660858791534935,0 78.39064632271287,21.659151867009985,0 78.39077174998442,21.657846830286516,0 78.39104698660094,21.65623019295273,0 78.39132695913567,21.654676745707157,0 78.39159726759453,21.653204647706932,0 78.39187730929952,21.652265364892138,0 78.39174203918742,21.651588000949417,0 78.3923939825217,21.65056286158524,0 78.3930363327471,21.649790627437472,0 78.39363518744473,21.64922611351666,0 78.39420029243713,21.64879708403204,0 78.39509864455219,21.648440173151677,0 78.39630138361473,21.648205225662622,0 78.39735915614999,21.648006461408137,0 78.39851351913786,21.647717324531595,0 78.39872577127655,21.645757454033713,0 78.39878331735365,21.643768790217514,0 78.3987833505913,21.643766028940068,0 78.398078038346,21.642953300111948,0 78.39726647247056,21.642136031049187,0 78.3967447516148,21.641494873296697,0 78.3952810160296,21.639571367094135,0 78.39441622946515,21.638487715924995,0 78.39392835982422,21.637954869110946,0 78.39270643454384,21.637986649709184,0 78.39148927662265,21.638022890103752,0 78.3887556151782,21.638199174556124,0 78.3867270512817,21.638280623251198,0 78.38570309043541,21.63827158007854,0 78.38356823967112,21.63822207558711,0 78.38254431745239,21.63818595214416,0 78.37976226735684,21.6380370343847,0 78.37971878081225,21.636578436843227,0 78.37964151581633,21.635025047850057,0 78.37842915130551,21.634785768936183,0 78.37714445804129,21.634672803325294,0 78.37618812686118,21.634370276703784,0 78.37604809837299,21.634302592179797,0 78.3759611109108,21.63421219467884,0 78.37591289922781,21.63416252763435,0 78.37576801265058,21.63360258206898,0 78.37568584285322,21.63279426352793,0 78.3756085545011,21.63211696439709,0 78.37548787931742,21.63149377588072,0 78.37528015468776,21.63092928646475,0 78.37507727916397,21.630690012457947,0 78.3750193234551,21.63064033167677,0 78.37463781075057,21.630319701755326,0 78.37370091641829,21.629705552536677,0 78.37287498288819,21.629384902169573,0 78.37174007022284,21.629199695995734,0 78.37143096981504,21.629145548779373,0 78.3707017237556,21.629014513801355,0 78.3695377973032,21.628883553860444,0 78.3687167245571,21.628680279540085,0 78.36859118858942,21.62860354189203,0 78.36815175431198,21.627962259772474,0 78.3674225226256,21.62703648046165,0 78.36695406557796,21.626458477076476,0 78.36686716615066,21.626250729992282,0 78.36686237184198,21.626034025519317,0 78.36723427257299,21.625356627893883,0 78.36733572111463,21.625049592334538,0 78.36732603727589,21.62467932062353,0 78.36706042700592,21.62392064278951,0 78.36670791820696,21.623089694856013,0 78.36601268505913,21.62117950078389,0 78.36551530854757,21.619856430585294,0 78.36496966196253,21.619219602608545,0 78.36445768692928,21.619779598059473,0 78.36384916725751,21.6203620116714,0 78.36304744422263,21.620967079509818,0 78.36254520872369,21.621359947092643,0 78.36203804955868,21.6217527584907,0 78.3610044614675,21.622741566677306,0 78.3600046733872,21.623599494395773,0 78.35870544987324,21.62474176278787,0 78.35829492427999,21.625039807610786,0 78.35801477657378,21.625175265473565,0 78.35750285364281,21.625260980452556,0 78.3568798603152,21.625247371046424,0 78.35633896132644,21.62507570970221,0 78.35517032410868,21.624718823711216,0 78.35448455381405,21.6245696866382,0 78.35342689716147,21.62458757344144,0 78.35266870468863,21.624610110025387,0 78.35190074303706,21.624831241770256,0 78.35111350533614,21.625192420665694,0 78.3503938047749,21.62572515421458,0 78.34966929014207,21.62624881181161,0 78.34935586704111,21.625954711071543,0 78.34817243726563,21.624844219053244,0 78.34607683209948,21.622870420215193,0 78.34558915020645,21.62228781377937,0 78.34537197170673,21.62178199223703,0 78.34533345284564,21.621149835998814,0 78.34530947231916,21.620269252094502,0 78.34539179932169,21.61917649947861,0 78.34551740625626,21.618752031548514,0 78.3460054124411,21.61749669336073,0 78.34606824151041,21.617149029409457,0 78.34620855027295,21.616164596680978,0 78.34618951766701,21.61452091333348,0 78.34622841651546,21.613139064860885,0 78.34619002431684,21.61207333600617,0 78.3461563204257,21.611653377995324,0 78.34612261743287,21.61123341960018,0 78.34602608896401,21.610596673075502,0 78.34586205659313,21.609982561997455,0 78.3458187497116,21.609449663537013,0 78.34578985180724,21.608803905067003,0 78.34588656353239,21.608289112407693,0 78.34594452912273,21.60802275676741,0 78.34593995130805,21.606984093035535,0 78.3452787292752,21.605389961419966,0 78.34499875494386,21.604699016096287,0 78.34485404982631,21.604247375617508,0 78.34477202286108,21.603773231485363,0 78.34460798060871,21.602879059719,0 78.34424120835969,21.60186743110043,0 78.34358493334909,21.6000791587153,0 78.34316018652656,21.599288785730145,0 78.34310230268292,21.59909459978787,0 78.34304441794094,21.598900414420225,0 78.34313626708551,21.598295286839296,0 78.34329095518079,21.59756835362311,0 78.34347460226591,21.596620029223534,0 78.34381780451852,21.59497188401747,0 78.34393869350124,21.594091343711895,0 78.34339330922424,21.593246819133604,0 78.3429974073055,21.592786063485224,0 78.3429541201869,21.592221694433004,0 78.34290595611463,21.5916616891921,0 78.34285307049724,21.59074951068162,0 78.34280016691352,21.589877919058452,0 78.34277131122995,21.589042486318384,0 78.34292273125426,21.588582139115307,0 78.34295930526272,21.58861632870646,0 78.34418471870136,21.584915922474035,0 78.34510453875505,21.582726902839422,0 78.34551727150897,21.581651311888344,0 78.34563242025705,21.58135122966305,0 78.34589830900472,21.58103699278482,0 78.34763814897903,21.58063650847416,0 78.34842581337972,21.580521641926623,0 78.34854712007906,21.580423088748656,0 78.34873498744938,21.580270459374184,0 78.34874506115696,21.580032010425967,0 78.34892216491355,21.578668857025427,0 78.34892975837262,21.578610408860946,0 78.3491522288477,21.57824212507099,0 78.35095465983773,21.577672434891806,0 78.35097421346651,21.577666254889284,0 78.35119058348246,21.577236424123626,0 78.35135654812952,21.576906722385285,0 78.35252669721189,21.575757848645203,0 78.35406902190971,21.57440715315076,0 78.35565007657269,21.572962344442242,0 78.35634557472353,21.573337813443406,0 78.35716174985473,21.57365486388817,0 78.35917161531859,21.573952625489866,0 78.36067886978772,21.574235590211316,0 78.36329235012191,21.57486328832289,0 78.36588651038927,21.57576555161271,0 78.3684656104009,21.577140124194383,0 78.36970221505135,21.577845365423276,0 78.3710979122369,21.578640950302002,0 78.37300117103275,21.57953229876688,0 78.37370636380214,21.57986250994007,0 78.3749570270868,21.580932326921687,0 78.37719807488735,21.5826614002592,0 78.37803843176762,21.583396998840296,0 78.37858385916375,21.58433447464353,0 78.37884623819362,21.585355507001747,0 78.37955819707375,21.58717188808495,0 78.38076469738239,21.58973099049052,0 78.38185072013671,21.591686775170544,0 78.38206766507444,21.592596320000048,0 78.38180012342663,21.592722813178653,0 78.38115898592687,21.593025935619885,0 78.3807239965135,21.593227419954044,0 78.38072894892566,21.593472479220072,0 78.38077564694737,21.595783491089218,0 78.38055878285802,21.5959608569187,0 78.3796345960937,21.596716712943707,0 78.37835351675186,21.597703457181026,0 78.37836137880723,21.59790373475788,0 78.37842012683016,21.599400155291356,0 78.37850100215522,21.601425307515292,0 78.37814737495371,21.602841920172807,0 78.3779712844968,21.603106570656376,0 78.37644952942233,21.605393594545646,0 78.3748438330728,21.60749093683274,0 78.37455991693399,21.607853058541863,0 78.37404097456738,21.608514936954112,0 78.37323820230026,21.60953893400236,0 78.37314614384827,21.609825767030785,0 78.37303943926388,21.609962813452807,0 78.37253722801944,21.611538818346126,0 78.37246967201511,21.611972308841352,0 78.372401974077,21.612401287333697,0 78.37265794632225,21.613430889151598,0 78.37290909102117,21.613448973594362,0 78.3738314030015,21.613480568331497,0 78.37495174229797,21.613543839630108,0 78.37657431170352,21.61368835548175,0 78.37701376933711,21.61371987667308,0 78.37740007455369,21.61371990005736,0 78.3777864471439,21.613706393958925,0 78.37814856162822,21.61365673155967,0 78.3785542686583,21.613647665132095,0 78.37907095625354,21.61366574704229,0 78.37957318995583,21.61367474331586,0 78.37995949427409,21.613674760018938,0 78.38034586776264,21.613661155368128,0 78.38046658067557,21.613697335050844,0 78.38062109988756,21.61376958832465,0 78.38075144633363,21.613814707454694,0 78.3809108469909,21.613810163388955,0 78.38121021505091,21.613796633079474,0 78.38157243733303,21.613810191784133,0 78.3818911820537,21.613877859180352,0 78.38218571178761,21.61401788074807,0 78.38240791097147,21.61411718106208,0 78.38275074401648,21.6142029602231,0 78.38328677952629,21.614288789442245,0 78.38391460758679,21.614401647384263,0 78.38454232605282,21.614451273616282,0 78.3853005032543,21.614537085985067,0 78.38603458763988,21.614645368793344,0 78.38691833674166,21.614780838066284,0 78.38744463900535,21.614825960221417,0 78.3878069079999,21.6148440135893,0 78.38819315482597,21.61481685795581,0 78.3889079469925,21.614780701937335,0 78.38965641160912,21.614735422760408,0 78.39018274800883,21.614681230038542,0 78.39066565176284,21.614572822820048,0 78.39119688487915,21.61442379053058,0 78.39171359044067,21.614206955582688,0 78.39215297800571,21.61399463179884,0 78.3924523918798,21.613719148419467,0 78.3926744527231,21.613475326065966,0 78.39270830483626,21.613403072645088,0 78.3927951943821,21.61322692497587,0 78.39280936171247,21.613171653501812,0 78.39288559813737,21.613088592164665,0 78.39291954637025,21.613016704349466,0 78.39300652664598,21.612841378840567,0 78.39306458386444,21.61261650477944,0 78.39313254051739,21.612306232637142,0 78.39316654803909,21.611874290701486,0 78.39318124268051,21.611419869806305,0 78.39316214359926,21.61107332623883,0 78.39309950227786,21.610600777106995,0 78.39301761724647,21.610326089028696,0 78.39298393221995,21.609956931315768,0 78.39299866279396,21.60947545215721,0 78.39303748887887,21.609124556820408,0 78.39306562321522,21.60902537000369,0 78.39343200918869,21.608647912268257,0 78.39398726684897,21.608164674028053,0 78.39464883652988,21.60777625889214,0 78.39511231870745,21.607595568460905,0 78.3957835021585,21.607419390333447,0 78.39630985921943,21.607401254190165,0 78.39693283188582,21.60732892507337,0 78.39757505455043,21.607365030337828,0 78.39838625750649,21.607441678201365,0 78.39918308382477,21.607486692401245,0 78.40020200152904,21.607640087346237,0 78.4013271234561,21.60782506640846,0 78.40255855830206,21.608154554922642,0 78.40375135481106,21.60845693346413,0 78.40486205428624,21.608736713020914,0 78.40536430325987,21.60879983272144,0 78.4059727232187,21.608840421707693,0 78.40649916112801,21.608840289749036,0 78.40693853072673,21.608772509751898,0 78.40746487700788,21.608600821330196,0 78.40802009065071,21.608361330800076,0 78.40875887592014,21.607932255136458,0 78.40968106033966,21.60741722218124,0 78.41064182201079,21.60681193645344,0 78.41192610204997,21.606007859572756,0 78.4126792495842,21.605520015569528,0 78.4133599821267,21.604923816440465,0 78.41385233975078,21.604417940006208,0 78.41405025477754,21.604155979622124,0 78.41405468077693,21.604148481955782,0 78.41408546065185,21.60411709481759,0 78.41428366134286,21.60385650780952,0 78.4145400135755,21.60342515786412,0 78.41482051252297,21.602917210701747,0 78.41505258239515,21.602548834220848,0 78.41537932481681,21.60210125705881,0 78.41563827587555,21.60183899681181,0 78.41606314936054,21.601509293460474,0 78.41658933484328,21.601093682201324,0 78.41703832539868,21.600885898675234,0 78.41777223012119,21.600578675850645,0 78.41841918870396,21.600357231393104,0 78.41947660999797,21.600054411625123,0 78.42014286079979,21.599914244574318,0 78.42068852714777,21.599801155662817,0 78.42126302582311,21.599688182760502,0 78.42179906762115,21.599647328107707,0 78.42243154536155,21.599656259269576,0 78.42314138691253,21.599746344284274,0 78.42323238175923,21.59975975646948,0 78.42351739833424,21.59944287509513,0 78.42356840647273,21.599513132594705,0 78.42415299053374,21.599595369832883,0 78.42467985065127,21.599632637168,0 78.42532247037121,21.599692652934017,0 78.42572843072621,21.599684474320473,0 78.4261150826925,21.599644891728765,0 78.42668043292497,21.599524804171452,0 78.42699469145913,21.59939942028378,0 78.4271521760099,21.59929218681328,0 78.42720352460987,21.599257223808603,0 78.4272120846562,21.5992513955267,0 78.42738128233997,21.59907626715544,0 78.4274248596144,21.598995453703466,0 78.42745389046944,21.5989460568711,0 78.42746826890388,21.598838062997057,0 78.42746847551638,21.598631073051564,0 78.42744900992251,21.598464465896797,0 78.42733322516722,21.598171773665904,0 78.42706760052421,21.597743600753432,0 78.42666675427814,21.59717568201225,0 78.4261064903068,21.596260955641927,0 78.42554632335352,21.595503612147528,0 78.4245704672907,21.594376436601948,0 78.42428612355381,21.594059329612914,0 78.42424697497374,21.594015669380088,0 78.42392333982463,21.5936504826858,0 78.42342091747612,21.593127326828448,0 78.42313589910444,21.592775611700546,0 78.42293801012885,21.592388087425288,0 78.42274968910928,21.592072727659062,0 78.42240195934764,21.591608437541733,0 78.42215563500854,21.59128841937617,0 78.42201067746441,21.591058463360753,0 78.42186103251112,21.590792656528297,0 78.42176456512769,21.59049095942293,0 78.4216536636143,21.589923677118545,0 78.42156696271465,21.58931606042256,0 78.42132561234726,21.588293942534452,0 78.42113261739331,21.587613883134217,0 78.42094442573118,21.58695200435492,0 78.42079013738619,21.586195591148602,0 78.42049575587431,21.585083459059828,0 78.4203364998458,21.58461046837926,0 78.42024493367057,21.58414683846448,0 78.42013883634732,21.583467137992628,0 78.42004725310409,21.583021455668938,0 78.41990241234096,21.582553032538296,0 78.41966584370583,21.5818235526935,0 78.41950178977538,21.581381986879272,0 78.41945842091008,21.58112548636526,0 78.41938150985041,21.58030177984313,0 78.41933331433711,21.57963557394865,0 78.41930493116739,21.578564524429044,0 78.41932928269809,21.577871470428256,0 78.41934422707118,21.576814130427415,0 78.41942656305685,21.576323798052066,0 78.4196152910132,21.575527641584166,0 78.41977010577095,21.574884553689156,0 78.4198185671856,21.574511028446864,0 78.41986718131383,21.573944227387553,0 78.41987217774341,21.573593162383617,0 78.41985780110564,21.57332316160372,0 78.41976124928057,21.57307098164895,0 78.41953919742043,21.572494528696375,0 78.41926395092243,21.57184131154455,0 78.41906132962188,21.571318719329376,0 78.41895992599599,21.570913432173036,0 78.41896013530345,21.570715464746655,0 78.41899395417894,21.570603075654684,0 78.41905273723621,21.57054150985674,0 78.41909101355213,21.57053508310639,0 78.41946277324764,21.570539540813403,0 78.41994072908109,21.57055744432015,0 78.42027380642212,21.570620578996053,0 78.42058764364641,21.570688295821743,0 78.4210125350977,21.570782945944945,0 78.421471104389,21.570850615076907,0 78.42186216349005,21.570886652581805,0 78.42238360047818,21.57091356333088,0 78.42272639938723,21.57090445663303,0 78.42311251955088,21.57086819357444,0 78.42368705326051,21.570741594427385,0 78.4242952576236,21.57054724238751,0 78.4248551892183,21.570316765567384,0 78.42511246222409,21.570158411379744,0 78.4251175691465,21.570156306995674,0 78.42546945451465,21.56993947173144,0 78.42564296950168,21.569754177768402,0 78.42581614941707,21.569465064879324,0 78.42593149579452,21.569108251424886,0 78.42596965712607,21.568746950925988,0 78.42595469927828,21.568376441584597,0 78.4258914866284,21.56804242731668,0 78.42575572154456,21.567514011059284,0 78.4255958277122,21.56705344757336,0 78.42545041023062,21.56658374140239,0 78.42546443203388,21.566208934941592,0 78.42553615262784,21.56574812586993,0 78.42566553069,21.565097776432843,0 78.42586732733712,21.564488035523112,0 78.42604023596132,21.563842097409584,0 78.42640590687584,21.563078714570807,0 78.42691116700233,21.562053200939197,0 78.42729622176401,21.5614208022217,0 78.42730216950953,21.561410409997755,0 78.42743579031479,21.56117689429889,0 78.42757535976382,21.56093289490093,0 78.427787009133,21.560485606023565,0 78.42796017108209,21.56000689901732,0 78.42805149650881,21.559699718979104,0 78.42815698387601,21.559252610100717,0 78.42821420925458,21.558809966266182,0 78.42819431785921,21.558398913634125,0 78.42815047917502,21.558073754963704,0 78.42802396134874,21.55735575502341,0 78.42791230345387,21.556827320704024,0 78.4277911647395,21.556475123940707,0 78.42764100954311,21.556023412454287,0 78.42750040523485,21.55556296452747,0 78.42731167009197,21.55507974047962,0 78.42714205738653,21.55461006152454,0 78.42695819740071,21.554171986219867,0 78.42673562811099,21.553729548286288,0 78.4267023814623,21.553660658017808,0 78.42666804066563,21.55358949933407,0 78.42652770225868,21.553305024666393,0 78.42646945459735,21.553074788633698,0 78.42642077758703,21.552867017273716,0 78.42637663796725,21.552270905538805,0 78.42637092558034,21.551620436337373,0 78.42641338265562,21.550956481511445,0 78.4265333095427,21.55043700235733,0 78.42667260141233,21.549976352883256,0 78.42673011065851,21.549592433896294,0 78.42671995789915,21.549330396088234,0 78.42666658539487,21.549095702065657,0 78.4265599643538,21.548747893104427,0 78.4264583262676,21.5485265908374,0 78.42617319291159,21.548093162771004,0 78.42582970409642,21.547537822238958,0 78.42545263445926,21.546878497667016,0 78.42503173691773,21.546083792103726,0 78.42472192055264,21.545419924740113,0 78.42459138995196,21.545130859424514,0 78.4244992623297,21.54480574872013,0 78.42447000240423,21.54452124011867,0 78.42449369457157,21.544259190646013,0 78.42459936789002,21.54396118508179,0 78.42489286096804,21.543315139677787,0 78.42496519061979,21.5431977251825,0 78.42507082890396,21.543025989955936,0 78.42525066353899,21.542847545800008,0 78.42534292950184,21.54279316073835,0 78.42569042120991,21.54264853571348,0 78.42634188933543,21.5424858314482,0 78.42716721829935,21.54213784370878,0 78.42777039928336,21.541817071252254,0 78.42871142945927,21.541202567481655,0 78.4288235490882,21.54111496531958,0 78.42894246716719,21.541037206982267,0 78.42964121811767,21.540490364825434,0 78.4302048831107,21.539862407629276,0 78.43100929929479,21.538899931833548,0 78.43163064960378,21.538267326064613,0 78.43269519723292,21.537042864929496,0 78.4339088840638,21.535583513815617,0 78.43424120412509,21.535149812291223,0 78.43450108673677,21.53475226207653,0 78.4347514552913,21.5342778562887,0 78.43488097349065,21.53390747950601,0 78.4349722818494,21.53353256438651,0 78.43501023926338,21.53309432685081,0 78.4349710951749,21.532737564314512,0 78.43479664594,21.532186584642744,0 78.43459325118998,21.53171252059978,0 78.43438044119749,21.53126099692716,0 78.43422568842347,21.53103970309499,0 78.43385370414916,21.5306649359989,0 78.43335165639813,21.53031743551113,0 78.43297000894631,21.530069110780275,0 78.43220739406732,21.52978037087853,0 78.43158471604836,21.5295276898814,0 78.43115022609824,21.52930651290457,0 78.43064808312577,21.52896802156309,0 78.43038244860134,21.528733326371675,0 78.43020357696025,21.528539202169473,0 78.43012620865811,21.528353959781924,0 78.43003408912065,21.528019744734245,0 78.43002867677107,21.527491323928157,0 78.4300999706653,21.526832005244227,0 78.43025323133759,21.526045983577447,0 78.43040702471086,21.525603250992482,0 78.43068612048984,21.525119767585164,0 78.43076203262292,21.525014119574088,0 78.43083544474459,21.52491194952436,0 78.430984668388,21.52470422225385,0 78.43147602618717,21.524211723163194,0 78.43275763553504,21.523086446878057,0 78.43330214754786,21.522639039682357,0 78.43465614314134,21.521486708458628,0 78.43539811293846,21.52081789333473,0 78.43718573789596,21.519290416111907,0 78.43833700349273,21.518192271278846,0 78.43856826128791,21.517957320502877,0 78.43863559540836,21.517844358201355,0 78.43868356724116,21.517663736170963,0 78.43868339386631,21.51753718921629,0 78.43867831838494,21.51739264517341,0 78.43864928752991,21.517203032019808,0 78.43855238356525,21.516972680232247,0 78.4383251403411,21.51661139450167,0 78.43815592019946,21.516408362105327,0 78.43790480065336,21.516178065051133,0 78.437639243384,21.515979462182482,0 78.4372674827902,21.51576272898347,0 78.43690075994851,21.515677100485544,0 78.43642307810123,21.515609645474832,0 78.43557394647722,21.51551513486395,0 78.43439669621256,21.515339435673322,0 78.43334955883194,21.515172814708944,0 78.43290075961768,21.515042054382953,0 78.43271264071907,21.514965363510658,0 78.43251937357559,21.514825300564407,0 78.43241784688048,21.51470349637807,0 78.43235505643878,21.514599580771552,0 78.43231138034967,21.514459604388243,0 78.43227248868777,21.51425645114851,0 78.43227206378464,21.513944732397732,0 78.43232970148986,21.513696200835522,0 78.43260850711306,21.513027636513794,0 78.43291623399675,21.512349986323898,0 78.43303167290065,21.512078864521577,0 78.4331713043335,21.51185750804192,0 78.4333108540196,21.511667718011743,0 78.4333769556515,21.511598171786204,0 78.43353581552296,21.511487274675893,0 78.43377216496916,21.511311108450403,0 78.43401820723727,21.511130348760567,0 78.43413384377054,21.51101923734268,0 78.4342167151521,21.510958193680228,0 78.4343998672655,21.5107819248525,0 78.43452979240169,21.51057417989038,0 78.43465486394037,21.51030315757324,0 78.43469804685441,21.510095337545188,0 78.43470255280384,21.509914633174713,0 78.43466368449813,21.509684423614917,0 78.43454263741191,21.509368045757753,0 78.43435854655907,21.508853325391982,0 78.43428071652285,21.50844232771838,0 78.43420299428448,21.508022402942757,0 78.43411046870854,21.50740804537676,0 78.43407609108091,21.506965472473897,0 78.43408507692871,21.506482121794985,0 78.43412311069952,21.506012324924708,0 78.43420920703296,21.505569626586073,0 78.43437258183705,21.50509533696274,0 78.43446837009411,21.504697743793304,0 78.43456440448958,21.504345523386128,0 78.43490580562005,21.503446426668813,0 78.43510269387245,21.502940459479692,0 78.4355689608274,21.501761319322426,0 78.43580448202691,21.501165010351585,0 78.43601466893877,21.500635259927755,0 78.43645287881247,21.5003986175228,0 78.43790808489405,21.500738611317725,0 78.43826533949263,21.501040612091554,0 78.43929357362472,21.50211052959997,0 78.43956875095243,21.50229099878116,0 78.44141196186311,21.502127711061316,0 78.44283056698674,21.502045867377266,0 78.44451442844412,21.501702081277088,0 78.44585091317774,21.501295052668652,0 78.44703764516022,21.500693943433536,0 78.44705700744787,21.50068700374998,0 78.44855771769015,21.499904880152087,0 78.449412712618,21.499674414032135,0 78.45138120437484,21.49652712165902,0 78.45225613381716,21.49663432579005,0 78.45244672577773,21.496653750423604,0 78.45297127542834,21.496707209943775,0 78.45580178065032,21.496182085486595,0 78.45706778177014,21.495946133756586,0 78.45772584442814,21.49679607590479,0 78.45838377323717,21.497641502992593,0 78.45854542327592,21.497811210674275,0 78.45925776394002,21.49876431752551,0 78.45955688765828,21.49946497990646,0 78.46010100980227,21.500491642704347,0 78.46012621563084,21.500564789039817,0 78.46069118587596,21.502299849015785,0 78.46088074926553,21.503289013338637,0 78.46242972239477,21.503644912933417,0 78.46385265380484,21.503644084668153,0 78.46434867386031,21.503487497310736,0 78.46436858771352,21.503481210511154,0 78.46558351960944,21.502189038422667,0 78.46574102931304,21.502021513099102,0 78.46697016447189,21.50148323645826,0 78.46829603650876,21.501107452861113,0 78.46985824721202,21.50068657247491,0 78.47107374235159,21.50061812927423,0 78.47208884491087,21.500667491895555,0 78.47226525247308,21.50067606892094,0 78.47277174329153,21.500698239467738,0 78.47457582718168,21.500746918374208,0 78.4754151977118,21.50077797684865,0 78.47581116610588,21.501692550665993,0 78.47611246195049,21.502426242075742,0 78.47578630163714,21.503605360126272,0 78.47557956156102,21.503930713488874,0 78.47554217008563,21.504689596596744,0 78.47584180584361,21.50518093074056,0 78.47582795741519,21.505209421592685,0 78.47572280332295,21.50545259445333,0 78.47593046147732,21.505727930055723,0 78.4775952472096,21.505695371585436,0 78.47910550474674,21.50556349783824,0 78.48179805119898,21.5053676243254,0 78.48328424466628,21.505335040701112,0 78.48378619360263,21.505384459390097,0 78.48390717241689,21.505835972373607,0 78.48410036230524,21.506079677409843,0 78.48547058776094,21.505853011313103,0 78.48656092063202,21.505558729734105,0 78.48686973178228,21.50552244867707,0 78.4870246103204,21.505472287029328,0 78.4869333208263,21.506109449326203,0 78.48708910666288,21.507017253324918,0 78.48721968217932,21.50723392183684,0 78.48749047572845,21.507572560756348,0 78.48788166957681,21.50787486158523,0 78.48853407105189,21.508520396020465,0 78.48876616967016,21.508863522468133,0 78.48901243651711,21.509111813237446,0 78.48953400555756,21.50940041953971,0 78.48988657454365,21.509675638182696,0 78.49024893606466,21.509937516880278,0 78.49037441454016,21.51005022708002,0 78.49050480859691,21.510163170366635,0 78.49093068999163,21.510984872340448,0 78.49107112092506,21.511269371423538,0 78.49113910003588,21.511499580980686,0 78.49121184560761,21.511734532167097,0 78.49124588277371,21.511897034367806,0 78.49127982022684,21.512059719413706,0 78.49135884232743,21.512373605094858,0 78.49135959152238,21.512376833547613,0 78.4913621256698,21.512387443230775,0 78.49136522036594,21.512400634504907,0 78.4913698197402,21.512419823861926,0 78.49139693359042,21.512534215309945,0 78.49146024864828,21.51272526449747,0 78.49175745626003,21.51306950006727,0 78.49186842963864,21.513298668794594,0 78.49231974772896,21.513626226015262,0 78.49256122206386,21.513761632598126,0 78.49298480197483,21.514021082831626,0 78.49300543717521,21.514014019260706,0 78.49321807379286,21.514194507096345,0 78.49353661190104,21.51441130531331,0 78.49368181648187,21.514614494272738,0 78.49375979204515,21.514831182383503,0 78.49383557571916,21.51504177441613,0 78.49387444761817,21.515125821267826,0 78.49395199019348,21.5154149346119,0 78.49420949855788,21.51576585456771,0 78.49423386446165,21.51590580295005,0 78.49439361186863,21.516230987550205,0 78.49450509099876,21.51651988893179,0 78.49474188331439,21.51678178956296,0 78.49488217950051,21.5169759102543,0 78.49491595166363,21.51699851957083,0 78.4952345310943,21.51706603745089,0 78.49561555242035,21.517065707345342,0 78.49641143820251,21.517047067663363,0 78.49886958365441,21.516742788556908,0 78.50079758744306,21.516906784424133,0 78.50089896501781,21.517055874378546,0 78.5013234441424,21.51758468831632,0 78.50160331337086,21.517873973938496,0 78.50160321635279,21.518081598154303,0 78.50162738103396,21.51886310166067,0 78.50173352956118,21.51922446536303,0 78.50188803709509,21.519545357088372,0 78.50200860717591,21.519884132793727,0 78.50202794161576,21.520173307705353,0 78.50206642454424,21.520534641407306,0 78.50210502245702,21.520755996370845,0 78.50252488693599,21.52109499071067,0 78.50250556597085,21.521704882195863,0 78.50262145223577,21.52197136555478,0 78.50281427740813,21.522183763174443,0 78.50320515864276,21.522676346858006,0 78.50347541230441,21.52316441622577,0 78.5037260844895,21.5235665149723,0 78.50375031834092,21.523589211844662,0 78.50417491604311,21.524361724021738,0 78.50435822715832,21.5249537519933,0 78.5045850670389,21.52587072163552,0 78.5049179180045,21.526616274306328,0 78.5056175034899,21.526160484633905,0 78.50638925603195,21.525750137579674,0 78.50701634837223,21.525502168552933,0 78.50746502631394,21.525461801073345,0 78.50809709442255,21.5255300094554,0 78.50945262883009,21.525847247120435,0 78.51009436101457,21.52610494596286,0 78.51054781260368,21.52629515920044,0 78.51053808564578,21.526511891731026,0 78.5113535996169,21.527677737324783,0 78.51184098147262,21.528513708333197,0 78.5136452135848,21.52784212864584,0 78.51501511385034,21.52733263636507,0 78.51600414191019,21.526999022308843,0 78.51694010019798,21.526800903032882,0 78.51765396709975,21.526724650400336,0 78.51832929807249,21.52672513675133,0 78.51975256545242,21.526680893008496,0 78.52067881474862,21.52652342628879,0 78.52182204761012,21.526339002781125,0 78.52295078884944,21.526095804697206,0 78.52405547859539,21.525690015988967,0 78.52532908485237,21.525297931854634,0 78.5262503476004,21.524977851730007,0 78.5276059377035,21.524359875523533,0 78.52886485920055,21.523809691384812,0 78.53030239092891,21.52324145459003,0 78.53094386080532,21.523083811157203,0 78.53178820890042,21.523043645239134,0 78.53301841215614,21.52318891069791,0 78.53550764560508,21.52324915198953,0 78.53667994166096,21.523304092573895,0 78.53823080215062,21.52342653469127,0 78.53845736714672,21.523444420613068,0 78.53892798733757,21.523481571311,0 78.5400472244012,21.523522993960288,0 78.54084813985064,21.523541349518396,0 78.54107005426854,21.523415024957814,0 78.54181766548562,21.523085895332166,0 78.5427775369263,21.522711422764523,0 78.54321644389263,21.522440682141312,0 78.54353041227098,21.522120151974736,0 78.543693937992,21.521953208690643,0 78.54396306067476,21.52140654286539,0 78.54477868244369,21.521262616900703,0 78.54548826527989,21.52105072853937,0 78.54636679516987,21.52059953859228,0 78.5464391841104,21.52057253744912,0 78.54752545479973,21.519868522028737,0 78.54783921926048,21.51963393414771,0 78.54786534945546,21.519563958843563,0 78.54800112711571,21.519462307271347,0 78.54810008193415,21.519196588152916,0 78.54844281257125,21.519051607018707,0 78.54896414355818,21.518776410307208,0 78.54907719653669,21.518629944548415,0 78.54912491324794,21.518604736454446,0 78.54921748823124,21.51848459346857,0 78.54974627074344,21.518270987864497,0 78.55072073262092,21.519002986890033,0 78.55085459058141,21.518811673516325,0 78.55088097859289,21.51883149799468,0 78.55142617332534,21.5180508676296,0 78.55154638048677,21.517878749995777,0 78.55223310030067,21.517885821735923,0 78.55294529004783,21.51789313499461,0 78.5541079121464,21.517893731688332,0 78.55475905867505,21.517808233980386,0 78.55599222996449,21.51748103885354,0 78.55614355925893,21.517440887265156,0 78.55619618256826,21.51620098621357,0 78.55655770865604,21.515573392833385,0 78.5565875686561,21.515530965055003,0 78.55672583734463,21.515483314018567,0 78.5576089405577,21.515470158960152,0 78.55798536340784,21.515429686735548,0 78.55840541563471,21.515113731721893,0 78.55851294756745,21.514976966678596,0 78.55855946412953,21.514941925676883,0 78.55909466330782,21.514260220274426,0 78.55980860027817,21.513405746902595,0 78.56002769578272,21.513271961308398,0 78.560674313904,21.513218056582055,0 78.56138859403083,21.5131551334444,0 78.56197733729161,21.513060452419346,0 78.56268202880108,21.51283951112305,0 78.56291849862151,21.51285309013694,0 78.56348304396352,21.51304750858218,0 78.56430815643343,21.513120082810392,0 78.56487757333922,21.513237699633788,0 78.56528767313104,21.513490731554555,0 78.56627206049411,21.513721445717263,0 78.56729018318936,21.513843697005775,0 78.56812513400828,21.51381686175316,0 78.56853523559674,21.51387119665765,0 78.56922046420726,21.51410180491481,0 78.57015657251368,21.514251141778747,0 78.57016775653896,21.514244622276884,0 78.57019517222312,21.51422859387855,0 78.57008383502682,21.5140448751624,0 78.57030536137252,21.514080247328415,0 78.57031654539777,21.514073727818907,0 78.57034396198026,21.514057698565985,0 78.5699385379195,21.51338909997056,0 78.5693063296737,21.512756444102177,0 78.56863557741396,21.512232200798856,0 78.56821571473164,21.5116809845679,0 78.5677039885317,21.510650789504773,0 78.56731299500768,21.509914403343085,0 78.5671776629118,21.50952593724414,0 78.5672787494324,21.508911670442842,0 78.56752926171737,21.507886435231654,0 78.56774584193911,21.50693348845368,0 78.5679143308521,21.50598956429587,0 78.5679916165093,21.50567298031986,0 78.56868820880814,21.50505198008282,0 78.56969703394022,21.504266552703367,0 78.57113546128892,21.503065832318267,0 78.57191745552352,21.502501678349482,0 78.57306135044338,21.501644075175168,0 78.57316268040744,21.50155825448561,0 78.57314995038152,21.50150754151437,0 78.57319924543276,21.501470544837765,0 78.57330048107369,21.501384721538408,0 78.57307947664917,21.500506398849648,0 78.57304562543432,21.500463007169426,0 78.57256667696248,21.499848388655522,0 78.57191583136947,21.49879795240584,0 78.57197673355248,21.498771367628418,0 78.57229999949396,21.49864955584367,0 78.57247861960677,21.498590881542924,0 78.57282602866985,21.498527827538624,0 78.57314930000126,21.498505311468605,0 78.57347743930318,21.498496369063226,0 78.57365596419454,21.498501007011455,0 78.57395995947657,21.4984514347006,0 78.57412402778009,21.498419860030058,0 78.57435565208789,21.4983973004808,0 78.57471761475688,21.498361344441992,0 78.5748479064057,21.498352363580143,0 78.5752773244677,21.498289252636827,0 78.57563928444178,21.498217127363144,0 78.57594814410105,21.49814495859114,0 78.57611702647617,21.498077261417016,0 78.57628108759315,21.4979824619174,0 78.5763921454134,21.497887713341015,0 78.57654660982818,21.49768901695085,0 78.57655563879511,21.497675373834234,0 78.57668021536209,21.497514916043084,0 78.57686815998748,21.497230388378295,0 78.57706097078683,21.496941395175167,0 78.57729226541292,21.49650330974529,0 78.57741762171756,21.496277548136614,0 78.5775477462797,21.496056340620676,0 78.57767310707592,21.49587567397026,0 78.57779846697383,21.49569500793135,0 78.57786255727778,21.49560896557935,0 78.57809628723662,21.49530517988633,0 78.57811565671076,21.49527619060785,0 78.57822749696363,21.49513059134065,0 78.57832385026101,21.49498609439696,0 78.57842030057644,21.494841597309716,0 78.57849338481303,21.494724696965687,0 78.5785693391669,21.494659574255827,0 78.57873344250471,21.49456026401048,0 78.57899887490824,21.49445648111669,0 78.57924493604095,21.494343588320007,0 78.57951040527539,21.494145017480726,0 78.5797275523341,21.494005071557947,0 78.58012330064093,21.493743311279452,0 78.58055286692496,21.493427297442533,0 78.58080864872737,21.49323314280525,0 78.58116575240904,21.49299843922975,0 78.58167732769195,21.492736663766728,0 78.58208748317932,21.492542581762812,0 78.58250736382794,21.49229438724907,0 78.58249481166851,21.49220226121887,0 78.5826346119846,21.492119544334585,0 78.58260990651766,21.491938840197463,0 78.58255237301695,21.49151873236476,0 78.58251851731055,21.49129284683737,0 78.58250400412881,21.491234178764113,0 78.58238800287955,21.490737318439297,0 78.58233477590234,21.490511342261648,0 78.5822576034329,21.49027188909507,0 78.58219483994063,21.490073155556598,0 78.58211743031596,21.489901434441673,0 78.58206970821479,21.48982701389914,0 78.58259005824146,21.4898152357001,0 78.58378179563671,21.489878734817758,0 78.58399413131872,21.4898652731877,0 78.58427887750088,21.489793045105742,0 78.58449120150478,21.489707342805232,0 78.58457235440923,21.489658503897665,0 78.58462629105551,21.489626066374953,0 78.5847469177302,21.48949063397646,0 78.58477786559004,21.489420381703134,0 78.58487130205769,21.48931537393779,0 78.58500626404766,21.489008250844428,0 78.58507834935763,21.488750692705402,0 78.58523725683982,21.48815454522711,0 78.58531423347651,21.487743526681935,0 78.5853719960476,21.487391225939124,0 78.58543024820052,21.486719279074872,0 78.58561134946014,21.486691042889888,0 78.5859973196051,21.486659518328068,0 78.58633511310137,21.48664603801075,0 78.5869961159453,21.48672301882259,0 78.58799963832226,21.486813520019208,0 78.58912864097134,21.486994457044773,0 78.59035891878722,21.487157286132625,0 78.59114054381425,21.487338080631062,0 78.59223574016426,21.487555028383092,0 78.5927905684298,21.48767709520461,0 78.59308488077139,21.487785587257726,0 78.59363488777883,21.488101781357514,0 78.59381814230015,21.4882056440124,0 78.59424755946387,21.48832312718351,0 78.59455150444022,21.488404467032062,0 78.59487957816515,21.48843615253977,0 78.595125733621,21.488422715852487,0 78.59543451872011,21.48838207226906,0 78.59570470410982,21.488318888459276,0 78.59600382872638,21.488178949471557,0 78.59635616864207,21.48793523952204,0 78.59739849734096,21.487050286497713,0 78.59749016233084,21.486955433840134,0 78.59786173877002,21.48659429086674,0 78.59785210074537,21.486585275007315,0 78.59835884219376,21.486106677177986,0 78.59852285570003,21.485948633215532,0 78.59866398552272,21.485856682048652,0 78.59863979568874,21.485774157991884,0 78.59879891247837,21.48567035796549,0 78.5989821247789,21.4855845445715,0 78.59936802575363,21.485449174447783,0 78.59978750575364,21.485309238552222,0 78.60018782289201,21.485223604662405,0 78.6005205085676,21.48520111746173,0 78.60080993227741,21.48518770555261,0 78.60094022212957,21.48520566722907,0 78.60132125243882,21.485418119388314,0 78.60141307193894,21.48553115786706,0 78.60160123036341,21.485739054785366,0 78.60184252773018,21.48608226840662,0 78.60200689966426,21.486484310048667,0 78.60209383592249,21.48670571433875,0 78.60216620689674,21.48688188779728,0 78.60235942822612,21.487243336825628,0 78.60239316984655,21.4872975805163,0 78.60255728665904,21.48748279664697,0 78.60280336665639,21.487690678239545,0 78.60294331429621,21.48777195240715,0 78.60332924401699,21.487894071707075,0 78.60361864437061,21.487948295930032,0 78.60426509181198,21.48803887326546,0 78.60545645730473,21.48820637791159,0 78.6063730389318,21.488360281840404,0 78.60658515272999,21.488405317952726,0 78.60697117138399,21.488482333776698,0 78.60747283645273,21.488586372529394,0 78.60810486054389,21.488758154542985,0 78.60816268599704,21.48877617428994,0 78.6085486669218,21.488884845236264,0 78.60868844567834,21.488889359781822,0 78.60889103553785,21.488830679037424,0 78.60919487361473,21.488672619643605,0 78.60955151646061,21.488383632011917,0 78.61005770903837,21.48792760963084,0 78.6112337816117,21.486672053258346,0 78.61157116278126,21.486306405822834,0 78.61166282238129,21.486211449030446,0 78.61187008078532,21.486026264717538,0 78.61216416136159,21.48583203667856,0 78.61280065546961,21.485475403897553,0 78.61366847294984,21.485150535875672,0 78.61405434158519,21.484969941782484,0 78.6143484841452,21.484825404657553,0 78.61534638845832,21.48413452787335,0 78.6160116780628,21.483655932852923,0 78.6165420281352,21.483348832089966,0 78.61692777190471,21.48312304338641,0 78.61702420784708,21.48306889677694,0 78.61773771632107,21.48259478708084,0 78.61840782179378,21.482152300858893,0 78.61865370416179,21.481958077682012,0 78.61887056735284,21.481736713818027,0 78.6190440320342,21.481547162011932,0 78.61909023149096,21.48147913863293,0 78.61917894910839,21.481348512691444,0 78.6192510999954,21.481181314458336,0 78.61945332873215,21.4805263565932,0 78.61953266524311,21.480225990103033,0 78.619583352683,21.48003408905835,0 78.61971308108814,21.47941969606035,0 78.6197899265708,21.478963475904752,0 78.61984749420746,21.47837630554986,0 78.61987142083505,21.478222743829647,0 78.61989862541512,21.478123582032442,0 78.61991476185258,21.478064759019137,0 78.61994359867151,21.478015052684984,0 78.62003042803026,21.477920138968784,0 78.62024249511597,21.4777710649079,0 78.62036306519681,21.47772155491856,0 78.62076807962579,21.477549954654776,0 78.62188183337295,21.477120911731596,0 78.62307772278143,21.4766876426925,0 78.62396002559564,21.4763987424499,0 78.62471231973028,21.47615944663326,0 78.6250305470214,21.476078242889788,0 78.62545496506053,21.476006014654807,0 78.62555131027305,21.47598803010881,0 78.62612998970772,21.47590671926857,0 78.62651591583526,21.475839015094195,0 78.62747548634029,21.475654054997353,0 78.62817959214819,21.47551866393715,0 78.62835808200524,21.47549618108921,0 78.62846888829723,21.475496179417306,0 78.62857026138039,21.475505202651064,0 78.62870536799915,21.47553229491961,0 78.62881143388137,21.47559105625972,0 78.62901898333956,21.475780872455225,0 78.62937134481481,21.476142262105895,0 78.62950159334447,21.47628683042146,0 78.6297284889206,21.476526241388875,0 78.62978642127328,21.476571495163565,0 78.63019656957415,21.476869633885524,0 78.63077074216105,21.47721297875986,0 78.63100237635031,21.477384697288027,0 78.63111338476322,21.477488688800072,0 78.63150434684623,21.477845546785684,0 78.63165872951433,21.477976529470233,0 78.63204481554199,21.4783108871283,0 78.63213171227436,21.478369654870612,0 78.63275909836374,21.478826029026,0 78.63303970600732,21.479035369973175,0 78.63346837217946,21.47935069365292,0 78.63400972751239,21.479750693331333,0 78.63473746440218,21.48023097721299,0 78.63568361767008,21.480774623837107,0 78.63610778597759,21.48101259382772,0 78.63692547027844,21.48146773090453,0 78.63878316203147,21.48254050402178,0 78.63934079843064,21.48292830240673,0 78.63977242904316,21.48322578112254,0 78.64039767175227,21.48381849149976,0 78.64092270828975,21.48433648522136,0 78.64126091770603,21.484616735737582,0 78.64175615892216,21.484896836924957,0 78.64231012211009,21.485079641212643,0 78.64277910557048,21.48515032021511,0 78.6432073890603,21.485229925686674,0 78.64328533587747,21.48523653007841,0 78.64329816651468,21.48541297280065,0 78.64332164578128,21.485414933803547,0 78.64386741184225,21.48533178759224,0 78.64455020062847,21.485137787661486,0 78.64513554466423,21.48492496228396,0 78.64927160023471,21.483573688411816,0 78.65060135479021,21.48308924104541,0 78.65371856003007,21.482020145803137,0 78.65389683698643,21.481941035108136,0 78.65400802775734,21.48196135612866,0 78.65417685803016,21.481979431887215,0 78.65446636618161,21.482051593629926,0 78.65471244887392,21.482101281031927,0 78.65496335192601,21.482150826312168,0 78.6552045594613,21.482186941835792,0 78.6554457948443,21.482191399747173,0 78.65576427905359,21.482150719315584,0 78.65670981607722,21.481978983002556,0 78.65765063065746,21.481807198839952,0 78.65812346699208,21.481680650779133,0 78.658596255716,21.48155861069389,0 78.65891465368698,21.48146822827382,0 78.65916064654773,21.48132373364757,0 78.65942592983096,21.48113855147613,0 78.66014475992468,21.480673236052766,0 78.6606416181083,21.480397720960507,0 78.66113847449532,21.48012211255951,0 78.66177531535305,21.479819404647554,0 78.66213225823627,21.479611658937344,0 78.66260981791265,21.479309002627613,0 78.6627418558864,21.47925186114335,0 78.66276900656754,21.479240111346076,0 78.66337344788792,21.478951556390573,0 78.66407635085164,21.478658353087496,0 78.66446228416572,21.478441565114956,0 78.66491978805509,21.47809896879062,0 78.66547859495901,21.477597054696155,0 78.66585623592468,21.477402551255196,0 78.6662421979848,21.47723085113875,0 78.66646533231487,21.47712856643144,0 78.66671205191273,21.47702722542885,0 78.66696426021694,21.47698602610724,0 78.66721716112224,21.476973451889727,0 78.66752009729055,21.47699095314045,0 78.66760752043571,21.47701832266478,0 78.66780046867724,21.47708150552769,0 78.66802729598145,21.47721695197879,0 78.66824926160331,21.477356863886758,0 78.66840364606804,21.477451636696614,0 78.66856289491002,21.477541943031852,0 78.66869315332119,21.47765030554456,0 78.66882828329611,21.47776312853139,0 78.66898758963026,21.47792567536707,0 78.66914679804809,21.478088221185388,0 78.66933507864343,21.4782732935494,0 78.66952331432299,21.478462874695577,0 78.66980323745035,21.47878348269389,0 78.67007824858977,21.47910395540181,0 78.67027621661715,21.479352333741552,0 78.67054643434618,21.479699910065474,0 78.67061887718565,21.479799293981003,0 78.67068161013518,21.479867027243266,0 78.67078299130321,21.479943752503605,0 78.67096627996052,21.48002948312253,0 78.67115446353782,21.480088110572165,0 78.67133787436599,21.480142277516425,0 78.6716852672594,21.480237004209535,0 78.67195548768339,21.480282091318543,0 78.67222079252616,21.48032722606111,0 78.6725247833166,21.480367732294713,0 78.67282877320875,21.48040833046833,0 78.67324853258484,21.480444335246773,0 78.67367310872746,21.48048038264825,0 78.6742520810129,21.480493678798144,0 78.67483100478934,21.48051166529541,0 78.67512531713092,21.480488124107225,0 78.6756755271576,21.480418522014997,0 78.67625572115183,21.48033933605272,0 78.67706857521142,21.480256673448988,0 78.67777346075697,21.48022422296413,0 78.67908628745928,21.48025748011343,0 78.67970803751855,21.4803384934441,0 78.68052578200654,21.480464476753315,0 78.6809123809722,21.480542685456967,0 78.68143193329486,21.4806479177259,0 78.68177241814377,21.480736210857806,0 78.68203956543115,21.480813829257023,0 78.68241887277166,21.480923351260675,0 78.68273509951462,21.48099918989188,0 78.68302353777257,21.481041931181178,0 78.68342432472981,21.481107650141748,0 78.68361375157546,21.481140873652574,0 78.68388928104281,21.481186537263998,0 78.68404294505866,21.481207391704444,0 78.68429283121789,21.481241419343778,0 78.68454615522967,21.48127584487115,0 78.68484739448044,21.48131676211132,0 78.68495836246916,21.481330248773553,0 78.68584132824,21.481483460311892,0 78.68638177268123,21.481614257494673,0 78.68691740035595,21.481745011092467,0 78.68722617916684,21.48179914899928,0 78.68722616120054,21.48180098967939,0 78.68739025825012,21.481830673777772,0 78.68761214482025,21.48186270344059,0 78.68761215021013,21.481862150902405,0 78.68779554486866,21.481889242824156,0 78.68792578172022,21.48190298689434,0 78.68809471709595,21.481920749193062,0 78.68831181115402,21.481920618790763,0 78.68838417584004,21.481920605416164,0 78.68885209210185,21.481821065797064,0 78.68926699428721,21.481703578214056,0 78.68947441977788,21.481617685577664,0 78.68947441618464,21.481618054215684,0 78.68977827132949,21.48129695676082,0 78.68981138502748,21.481193048216582,0 78.68986139064609,21.48114021244252,0 78.68998633282737,21.480747140497925,0 78.69009198458625,21.480336047538508,0 78.69011719670301,21.48017346828478,0 78.69012206377522,21.47981211371621,0 78.69012039290878,21.479812099505516,0 78.69012022941541,21.479640463252803,0 78.69003809285573,21.479446211647375,0 78.68983517241618,21.479206824706942,0 78.68939579563096,21.47871901490826,0 78.68895648532106,21.47824473472789,0 78.68864266606307,21.477902816719876,0 78.68851712380715,21.47776603424504,0 78.68877262982677,21.47773973318765,0 78.68877263791163,21.477738905610835,0 78.68917763617097,21.47769826322425,0 78.68949122186697,21.477684615725785,0 78.68979993420255,21.477716203254417,0 78.690079621073,21.477779470244062,0 78.69035950557283,21.477842647761122,0 78.69037897296333,21.477842633550225,0 78.69037889840315,21.477850178704564,0 78.69076479219133,21.478000785788645,0 78.69112193000895,21.47813614110384,0 78.69241494885925,21.47857412884559,0 78.69262726208338,21.4786599054112,0 78.6930856391352,21.47885862276645,0 78.69325936612464,21.47889924560281,0 78.69335569426917,21.478921893439395,0 78.6935390664698,21.478921830744696,0 78.69378978985885,21.478822500565695,0 78.69403557161554,21.47869588805185,0 78.69427663182708,21.478569508652768,0 78.69467669025066,21.478352574259716,0 78.69497005127639,21.478196830727935,0 78.69507670196185,21.478140146063065,0 78.69537082835217,21.477986525578352,0 78.69590585954553,21.477701921281906,0 78.69592650822064,21.47769188419335,0 78.69638129290962,21.477468240928697,0 78.69640243655647,21.477457933816105,0 78.69666267400271,21.477340552220465,0 78.69687959738089,21.477268165783194,0 78.6968795057527,21.477267519602428,0 78.69709170309419,21.477195919747714,0 78.69780056188826,21.47701054925562,0 78.6986539398486,21.476766515490574,0 78.69958945975854,21.47656763728713,0 78.70106976746408,21.476269284781043,0 78.70166655244331,21.476167567841088,0 78.70179334425578,21.476145957820222,0 78.70156204962967,21.47553605668936,0 78.70150776264045,21.475392906235086,0 78.70144952486055,21.475266416131912,0 78.70131916583811,21.474995370676044,0 78.70099077141462,21.474656721978075,0 78.70059010123838,21.474259284724308,0 78.6999899583566,21.47367120928504,0 78.69988030909471,21.473563763367732,0 78.70027569088893,21.473459692980654,0 78.7007723640196,21.473333212901952,0 78.70123541680249,21.473306016565097,0 78.70187186599476,21.473242675739346,0 78.70251804753481,21.47317932401854,0 78.70277370447143,21.473156406108956,0 78.70292308262506,21.47314315443113,0 78.70293695351138,21.47314226162315,0 78.70358373512605,21.47309786866057,0 78.70395042652672,21.47311142881275,0 78.70445583128196,21.47320661651468,0 78.7050840204652,21.473323474786522,0 78.70590885805066,21.473409170012715,0 78.70717270770538,21.473573647760105,0 78.70722562925538,21.473580534399083,0 78.70727353730781,21.47319654400592,0 78.70731652888067,21.472812694714335,0 78.70732794736624,21.472640883854996,0 78.70734971354557,21.47231584341077,0 78.70735213270864,21.472279697016056,0 78.7073829988218,21.471818808170944,0 78.70756841289307,21.47051958688295,0 78.70758864025832,21.470377848481853,0 78.70825877357882,21.47020617686711,0 78.70962798842982,21.4697675486778,0 78.70998964207838,21.469722429890215,0 78.71037556551094,21.469708807559833,0 78.71065517692288,21.469708720617678,0 78.71106991651317,21.469704177889987,0 78.71145566118102,21.46961830994362,0 78.71281018678047,21.469030809317793,0 78.7141646503962,21.46839811021393,0 78.71534562417773,21.467851252321076,0 78.71694566653089,21.466933869253964,0 78.71783745914772,21.466500018988526,0 78.71906151253701,21.465745425267446,0 78.72001579735493,21.465252829384813,0 78.72018901140632,21.465183166507455,0 78.7207340327639,21.464972551637267,0 78.72162101220748,21.464647139615096,0 78.72245506291448,21.464416521533305,0 78.72301426417884,21.46425368959017,0 78.72357837743117,21.464090990391384,0 78.72407480801675,21.463892099062416,0 78.72425800594422,21.463806134892895,0 78.72464360508498,21.463620841831453,0 78.72551119708807,21.463173490015404,0 78.7263739139341,21.4628028443626,0 78.72750670477875,21.46236886224602,0 78.72783462040015,21.462251358136267,0 78.72816716953182,21.462183494622888,0 78.72857973160582,21.46214741259639,0 78.72888101217909,21.46219229295438,0 78.72937773381881,21.46227802816904,0 78.72968170035476,21.462350262374443,0 78.72984575069195,21.462404379901358,0 78.72998082137806,21.46247656639082,0 78.73024165081405,21.46272043431766,0 78.73052180840175,21.463050142771447,0 78.73108674630751,21.463668829210604,0 78.7313379718548,21.464012096517813,0 78.73139114313646,21.464115891917096,0 78.73156528424923,21.46449080959674,0 78.73168617592692,21.464852118575454,0 78.73178316972309,21.465285743009463,0 78.73214150140171,21.46643294831079,0 78.73232066140197,21.466961409539625,0 78.73264960739104,21.46780154584534,0 78.73301713602156,21.468555776130263,0 78.73337980835963,21.469314565314193,0 78.73365980604716,21.46954027594574,0 78.73421939718035,21.469675668383108,0 78.73473078920698,21.46979298342573,0 78.73511669826652,21.469883196699783,0 78.73556058189955,21.469986965345186,0 78.73626003712921,21.470126839891506,0 78.73664593720561,21.470207938275735,0 78.7371043070709,21.470298112001828,0 78.73842112678464,21.470537121512315,0 78.73978512691544,21.470743161399906,0 78.73985054672598,21.470753042639775,0 78.73990688995893,21.47076253431405,0 78.74029280620496,21.470780492754056,0 78.740881139834,21.470748701414905,0 78.74258803589187,21.470508714157727,0 78.74375502200613,21.470377298408053,0 78.74437221581027,21.470277633861674,0 78.74475792274889,21.470214226512635,0 78.74555352017184,21.470087519573227,0 78.74571779598614,21.47022297420044,0 78.74552637577891,21.471442590184047,0 78.74537319326002,21.47222870382494,0 78.74516726526093,21.473339973322144,0 78.74504759798698,21.474085322981722,0 78.74490450265041,21.47535025357024,0 78.74484747490125,21.475887683925176,0 78.74471882357612,21.477111875222914,0 78.74464727905196,21.477748759626163,0 78.74458077946643,21.478516733785654,0 78.74459122148329,21.4790723965958,0 78.74466901828185,21.479627886756724,0 78.74487745527553,21.48041380324204,0 78.74503581388706,21.480893396975773,0 78.74564728452457,21.482672168763177,0 78.74564872272732,21.48267604570374,0 78.74600341263579,21.483644754332325,0 78.74618481572932,21.48426626556803,0 78.74667866096352,21.485761249341383,0 78.74712407173253,21.48699428485285,0 78.74722088766227,21.487215592240812,0 78.74730302152702,21.487378156942945,0 78.74761225668212,21.487689673512943,0 78.74805148614365,21.488073502811016,0 78.74815497206438,21.48813114737384,0 78.74872579932516,21.48844962516843,0 78.74914870999122,21.488895804355973,0 78.74980893219917,21.49011607890778,0 78.75036315679688,21.491575760372363,0 78.75093192062745,21.492841103193236,0 78.75086344384997,21.492975469274004,0 78.75016446113412,21.496571732314766,0 78.74899072777382,21.500640102579972,0 78.74839590112188,21.50270187593558,0 78.74746692274388,21.50963808613698,0 78.74633725084988,21.514895273135973,0 78.74589881010917,21.51586912834533,0 78.74466546903815,21.518274272178413,0 78.74539485703143,21.519086608587404,0 78.74640463168271,21.52056249496141,0 78.74669083852551,21.52223766039681,0 78.74672382106947,21.522565000249152,0 78.74680595852747,21.52338095537255,0 78.74685134321227,21.523831623579976,0 78.74691174862693,21.526789431171192,0 78.74653699394827,21.52879913742983,0 78.74534135157647,21.530394132485803,0 78.74306901275963,21.531456855596325,0 78.74067507978256,21.531282408236283,0 78.74057598752188,21.53125636253105,0 78.7393564670315,21.530935920338845,0 78.73865242500399,21.53075093086206,0 78.73770539677697,21.529451007490664,0 78.73566501554288,21.530874841590574,0 78.73312234850424,21.53221923327463,0 78.73119267384918,21.53323947864127,0 78.72657088662814,21.53582533899339,0 78.72460229695494,21.536932785235276,0 78.71899056898577,21.539360938167015,0 78.71738857639014,21.540052684732963,0 78.71528927106334,21.540962785880783,0 78.71348668196983,21.541744255677244,0 78.7131229612978,21.541901918125102,0 78.71066572494098,21.54119425020421,0 78.70757636747491,21.540662869273994,0 78.70602700537515,21.54074489007479,0 78.70495676512208,21.542931025092027,0 78.70377905491996,21.544498438731765,0 78.70294060785794,21.545614332181476,0 78.70268788931064,21.54592514324346,0 78.70250865205527,21.546146031706655,0 78.70243407032713,21.5462377851486,0 78.70066864813018,21.548482872602094,0 78.69855037038454,21.55002371855133,0 78.69747978068682,21.551916237971454,0 78.69583998069582,21.554811540796784,0 78.69432967644629,21.55616682773274,0 78.68941092236203,21.556466866858045,0 78.68730169334628,21.556914699496673,0 78.68433766523539,21.556680911710473,0 78.68080387346903,21.55603180240447,0 78.67777694262702,21.555088981850105,0 78.67601005258288,21.554674032790352,0 78.67461980637448,21.554674491476423,0 78.67301266373731,21.55547423393445,0 78.66961046527858,21.558608998008467,0 78.66771887919155,21.560912518085818,0 78.6648812620075,21.564218760486572,0 78.66295554353292,21.565962290690592,0 78.65972286974474,21.568659284363008,0 78.65948531745435,21.568857518588185,0 78.65885194050037,21.569289387544945,0 78.65345643073188,21.572967977466025,0 78.65340818850618,21.5733562838316,0 78.65342286428296,21.573961426246115,0 78.65353876312427,21.574462650778933,0 78.65360162183798,21.575022577167985,0 78.65366936918345,21.575537360320286,0 78.65371775783453,21.576088322374044,0 78.65418128852116,21.576386231847515,0 78.65456274193687,21.576657177567537,0 78.65478000038665,21.57681060267599,0 78.65513737266454,21.577185418475064,0 78.65564444379469,21.57775879367482,0 78.65602587744746,21.5780613025416,0 78.65636866108517,21.57824640126826,0 78.65685156483917,21.578440480679692,0 78.65725706795169,21.57861196429349,0 78.65802975025005,21.579230496338347,0 78.65825671499647,21.579533002131992,0 78.65888930053472,21.58009285295754,0 78.65889308693366,21.580097856687626,0 78.65911626977274,21.580395357785726,0 78.65982132779482,21.581153902168175,0 78.66012557370682,21.581433809683052,0 78.66062786759628,21.58208397220226,0 78.66083551856406,21.582332280565765,0 78.66134745586807,21.583041151087436,0 78.66163240506947,21.583361654428312,0 78.66214435135662,21.584070522417957,0 78.66232313855605,21.584400203674807,0 78.66250182963574,21.58472979229588,0 78.66278677344722,21.585099990011845,0 78.66282065610311,21.585145110563378,0 78.66360784709163,21.58619261159041,0 78.66396034151754,21.586490610544462,0 78.66463164534287,21.58710001997107,0 78.66494563438243,21.587479306425514,0 78.66616711948832,21.587280307479933,0 78.66736438331921,21.58713105662948,0 78.6687211250625,21.586886850338477,0 78.66982678588724,21.586999428107365,0 78.67078769847531,21.58722953090077,0 78.6719319841623,21.58727883984758,0 78.67193225455519,21.58815038112735,0 78.67182640516697,21.589270298829277,0 78.67150338446552,21.590819284594215,0 78.67055699134741,21.59062990021038,0 78.6705237060712,21.59242716916534,0 78.67052402317645,21.59342967412704,0 78.67053398818793,21.594802417723606,0 78.67053409418912,21.59481143772223,0 78.67036045703124,21.59517729470743,0 78.6700949904917,21.59576892254005,0 78.66997926682185,21.596139249058925,0 78.66975257965487,21.59686632309299,0 78.66972368354715,21.5973404923622,0 78.66972101105914,21.597380962617088,0 78.66967084643872,21.598148802811654,0 78.66965656861562,21.598753971931824,0 78.6694733751797,21.599607423105237,0 78.66936241797079,21.60009973465344,0 78.66907779306122,21.600871944531832,0 78.66898565825241,21.601088602355983,0 78.66888959151761,21.601314519993895,0 78.66826668622488,21.601233450542473,0 78.66775961060318,21.601025846790762,0 78.66621452178923,21.601410016229806,0 78.66495446931324,21.60217798872742,0 78.66381995639821,21.603180736014256,0 78.6624295422048,21.604300934985343,0 78.66158465691716,21.60488362808851,0 78.66079289170723,21.605177346570493,0 78.66036790413617,21.605326430147574,0 78.658648863754,21.605186781853316,0 78.65782334165227,21.60625270593741,0 78.6568772683344,21.607905638571072,0 78.65631265112717,21.60944104283073,0 78.65621643706868,21.61118411380357,0 78.65621681615772,21.613134939187372,0 78.65608686676704,21.614846422152407,0 78.65554364024338,21.6159213947845,0 78.6554592632854,21.616088325912436,0 78.65486062777667,21.6166799960109,0 78.6540397921858,21.617623913047208,0 78.65303060682932,21.61797629850909,0 78.65170734978827,21.6177417298935,0 78.64936983729923,21.61679823035894,0 78.64703713708519,21.61508257890063,0 78.64495558426502,21.61419772884072,0 78.64495027701835,21.614196944634454,0 78.6424927046916,21.613845780141595,0 78.63984145738621,21.61331317569272,0 78.63889498880962,21.61319583628803,0 78.63813685293063,21.613787377081007,0 78.63813698767794,21.614555119345454,0 78.63864415941934,21.61579240059517,0 78.63977920773029,21.617684375659888,0 78.64003046561696,21.619278363412224,0 78.63996780183768,21.620104809429826,0 78.63902135392233,21.621667266910194,0 78.63785285774009,21.62433165473899,0 78.6376647334516,21.626219220718983,0 78.6380416117476,21.628048031553373,0 78.63753943643579,21.629226675234097,0 78.63653009926402,21.630351119113303,0 78.63476247799125,21.630766736472072,0 78.6326181491024,21.631001562857627,0 78.63069038965551,21.631574989532282,0 78.63061386666803,21.6315977621807,0 78.63051724387607,21.631575163222678,0 78.63042541359614,21.63071270341045,0 78.63028535995512,21.630351392177015,0 78.62980240679377,21.62976893030222,0 78.62958021030488,21.629497983813472,0 78.6283680353386,21.629317323868197,0 78.62785609264468,21.629317352260347,0 78.62724750380262,21.629240568187086,0 78.62691428812104,21.629186358356268,0 78.6259822114536,21.629019277846314,0 78.62591452249862,21.628770904300012,0 78.62564889605898,21.62790842190386,0 78.62547024809845,21.62749300592718,0 78.62522871896633,21.62657625832959,0 78.62508865634217,21.626264732626968,0 78.62497757786065,21.62551511460282,0 78.62488584729374,21.625099664188582,0 78.62475065443672,21.62413327016663,0 78.62467339033914,21.62370884017396,0 78.6240938781662,21.6229049674779,0 78.62373645198939,21.622710821591756,0 78.62266431539273,21.622322479766023,0 78.62235040989648,21.622155327017648,0 78.62164535906092,21.621649589357542,0 78.62140876796789,21.621365062970817,0 78.62063118086806,21.62096320626328,0 78.62034150383334,21.62093607015155,0 78.61927900975296,21.62083217722842,0 78.61884921889009,21.620791512272326,0 78.6198440581515,21.621622406608655,0 78.61984404108352,21.622046866110765,0 78.6200226926373,21.62299525513877,0 78.61997435608852,21.623437770420207,0 78.61998881087976,21.62433182760303,0 78.61998879920166,21.624652473315507,0 78.6198293527303,21.625600800987364,0 78.61982935183198,21.625948504737995,0 78.61973273892148,21.62675227198789,0 78.61961682211385,21.627998637963252,0 78.61961676013011,21.62843662688678,0 78.61942838880493,21.629317230341126,0 78.61933176152138,21.62974614316953,0 78.61905643956491,21.630789309669826,0 78.61893083263028,21.63100600283633,0 78.61846235492142,21.63187299187015,0 78.61801802572403,21.63235163243457,0 78.61835609320647,21.633182584728885,0 78.61849610283001,21.63350773838301,0 78.61868926217565,21.634293459409424,0 78.61884860444243,21.63470889257549,0 78.61907079643979,21.635589492036658,0 78.6191239057377,21.63595075426397,0 78.61940883427782,21.636781678340505,0 78.61951982652107,21.63714291921572,0 78.61966960532334,21.637973799693583,0 78.61988205329477,21.639296904412344,0 78.61988203712508,21.6396085339451,0 78.62015242553403,21.64036265965183,0 78.62019113573625,21.640764562606975,0 78.62059198198232,21.641563876243133,0 78.6207802814423,21.64197929768253,0 78.62095905876026,21.642796640276103,0 78.62101212044745,21.643144373613566,0 78.6209783042669,21.644051988289167,0 78.62089620094488,21.64450358790021,0 78.62079956916975,21.645280305734623,0 78.62070774248312,21.645786024968174,0 78.62036478008066,21.646630432215726,0 78.62029720431343,21.646991695212026,0 78.62013774346903,21.647732312004134,0 78.61994454010593,21.648301251174804,0 78.61962566333288,21.649091486437843,0 78.61948071656852,21.64947983395316,0 78.6194804147346,21.649480476027023,0 78.61868855160829,21.651222802711416,0 78.61279534373134,21.652766809039015,0 78.61195488354478,21.652897668005085,0 78.61151534057119,21.652987951112685,0 78.61070375762777,21.653218191024575,0 78.61016755503128,21.653362615428374,0 78.6093802122275,21.6533851642211,0 78.60868442302251,21.655570653773616,0 78.60807555929597,21.65721430506737,0 78.60823008299955,21.657516873993757,0 78.60853436484416,21.658433601343503,0 78.60865986038768,21.658921354372044,0 78.60891576705595,21.65972065680249,0 78.60909453179747,21.660068363561663,0 78.60938423218838,21.66092181916989,0 78.60952914930834,21.66132379011491,0 78.6098188991066,21.662303703143618,0 78.6099105991308,21.6626920209476,0 78.61022936810599,21.66358163824103,0 78.61044665620018,21.663983632664284,0 78.61132591731881,21.663672104177788,0 78.61175099921294,21.663518642658204,0 78.61265925435569,21.66322062632587,0 78.61310371650376,21.663030986154972,0 78.61387659014329,21.662873082450066,0 78.61434037505313,21.662755680612854,0 78.61518098076674,21.662588638112325,0 78.61549980184422,21.66251186755764,0 78.61637898930103,21.662317746530523,0 78.61682341282155,21.66217779432157,0 78.61758180831362,21.661906903638005,0 78.61794893809216,21.66163600660163,0 78.61866865212811,21.660931543020812,0 78.61938378206116,21.66023172797557,0 78.61946584765393,21.660123325718597,0 78.61982330886507,21.659825278160277,0 78.62034505936525,21.659116323209012,0 78.62083781314634,21.658985453184368,0 78.62167830028238,21.658845433456005,0 78.62210345044848,21.65879575985723,0 78.62316619066725,21.658651323358352,0 78.62362021268656,21.658768770280346,0 78.62440273243563,21.659116454286874,0 78.62487136914629,21.659324226727392,0 78.6257118733503,21.659748638882114,0 78.62605488695672,21.65985254889626,0 78.62685669982311,21.66026795026253,0 78.62736393085336,21.660457659186587,0 78.62737404768008,21.660459960124154,0 78.6275039979691,21.66048921609158,0 78.6287020810635,21.660764736349176,0 78.62964890267803,21.66082342431435,0 78.63007873935494,21.660787300682816,0 78.63073088840345,21.660656284399817,0 78.63103041816022,21.660520770485043,0 78.63157623093356,21.660096293810962,0 78.63248919414671,21.65961311910541,0 78.63314129648282,21.65912536173637,0 78.63371127932724,21.65881825854231,0 78.63403011747272,21.658718899620396,0 78.63484164022903,21.658664689167395,0 78.63527155146612,21.65878206678238,0 78.63605415116523,21.659220069205215,0 78.63652275823151,21.659337425496158,0 78.63754196429498,21.659269619094243,0 78.6379526560766,21.659256124768184,0 78.63876418152785,21.65911602264834,0 78.63916504484192,21.65895794016588,0 78.6400586448691,21.658506297279523,0 78.64043064082152,21.658321168530446,0 78.64093780717303,21.65854690903795,0 78.64181221738913,21.65887646389672,0 78.64269627371476,21.65911121284245,0 78.64396180860892,21.65864145491715,0 78.64599058091459,21.65831154469102,0 78.64645431372212,21.658185116418988,0 78.64716985957514,21.658051929545582,0 78.64732857302124,21.65802243179866,0 78.64774406270477,21.65789593397679,0 78.64841544109025,21.657633956153266,0 78.64874392534526,21.65755260019692,0 78.64913514524474,21.657123544535043,0 78.64925583390315,21.656721604467737,0 78.64933787164816,21.656382914148914,0 78.64941506657546,21.656093971053124,0 78.6530042044448,21.65629657643153,0 78.65307674789557,21.65671202894609,0 78.65325083151616,21.657615165072123,0 78.65364210082299,21.65764222583123,0 78.65452126851685,21.657691685258094,0 78.65498977946336,21.657655468168606,0 78.65587857979199,21.65754247202668,0 78.65649689738858,21.65745199807162,0 78.65732772134712,21.65728932848781,0 78.65772374453842,21.657149285406042,0 78.65855459724301,21.657099445077694,0 78.65905221360477,21.65708583867176,0 78.65994098788225,21.65701340584941,0 78.66030313290925,21.656661096411025,0 78.66092127263941,21.655802936764232,0 78.66115787181728,21.655364928142955,0 78.66164075940162,21.65474614311271,0 78.66201749486544,21.654633159721083,0 78.66281929425715,21.654330401066023,0 78.6631090153093,21.653914950043916,0 78.66344213936274,21.653549123152477,0 78.66359221460907,21.653632642980362,0 78.66387220061851,21.65378836679894,0 78.66461133353596,21.654266789448226,0 78.66494953396906,21.65455574204704,0 78.66561144321314,21.655038813460408,0 78.6656116246728,21.655079218301132,0 78.66561660672939,21.656181292413073,0 78.66569404599844,21.65670050559103,0 78.66641397832502,21.657337050606536,0 78.66748169161721,21.65808646922801,0 78.66843841985269,21.658908067066633,0 78.66902816114177,21.660086457194225,0 78.669303861289,21.661292073930717,0 78.66833307980922,21.66202391627989,0 78.66741549656057,21.66280988034507,0 78.6662224835576,21.663550695638357,0 78.66509718825567,21.66428252986818,0 78.66397178425764,21.664887897913868,0 78.66283670720061,21.665737066425415,0 78.66191910598565,21.666577208574505,0 78.66090968796551,21.667363147828652,0 78.65972144681334,21.668140125817132,0 78.65992941668307,21.669318657581435,0 78.66022922312094,21.670519726663393,0 78.66064991494827,21.671878885123835,0 78.66099313516719,21.672985176074995,0 78.66136542846196,21.67411850702245,0 78.66157350792618,21.675279001712802,0 78.66144328544765,21.67647569692937,0 78.66158857626677,21.677875482355944,0 78.66164686075899,21.679126315390345,0 78.66195152618425,21.680124214422303,0 78.66223666852343,21.68055315407427,0 78.66241152918676,21.680981848698522,0 78.66243007221084,21.68102729575836,0 78.66234812339904,21.681591764527212,0 78.66230963687734,21.682336827394607,0 78.66230011204038,21.682770420057025,0 78.66239194771019,21.683113520169343,0 78.66246938967419,21.683632835052197,0 78.6625805561906,21.683885727833978,0 78.66274993713068,21.68481588299473,0 78.66285630394853,21.685231269206547,0 78.66313193312885,21.686084689398328,0 78.663267300259,21.686563378865138,0 78.66355746148565,21.687353514678748,0 78.66356709322213,21.68739418842929,0 78.66410377551897,21.688811993722585,0 78.6644712879798,21.689715008088637,0 78.66516241852175,21.69057735730909,0 78.6653943994607,21.69092050310277,0 78.66540420008046,21.691177833740323,0 78.6655886439712,21.691800258650485,0 78.66738224182707,21.697851581457137,0 78.66802945463306,21.699576291646295,0 78.67072877078927,21.706769146152958,0 78.67317581845414,21.712625293306335,0 78.67490217561435,21.71625989927143,0 78.67627046789556,21.718142612732386,0 78.67788965514403,21.718860100898358,0 78.67824248374325,21.719094767140632,0 78.6786870923167,21.719135299231468,0 78.67976959187845,21.719134943716128,0 78.68030601546049,21.719134767627555,0 78.68100676426417,21.719111913665216,0 78.68145616534969,21.71905758823408,0 78.68226805102536,21.71907086081273,0 78.68279967670546,21.71904817541802,0 78.68358244798277,21.718998231317865,0 78.68412377187468,21.718970932552725,0 78.68493069346009,21.718781018594754,0 78.68539457808293,21.718627313670755,0 78.68640928807841,21.7183424728375,0 78.68673785857166,21.718215840195896,0 78.6873853022447,21.717917573141353,0 78.68748658100479,21.71747050563824,0 78.68759254447909,21.716662135618666,0 78.68771797354725,21.71618343271896,0 78.68791572148737,21.715415715459677,0 78.68824422370867,21.715018210960128,0 78.68876577657949,21.714363298952062,0 78.68903143535844,21.713965797386763,0 78.68935973545882,21.71331085805454,0 78.68959149810716,21.712904409396995,0 78.69000683328046,21.71227203986609,0 78.69003088118065,21.712082374116623,0 78.69258582369763,21.709132668897368,0 78.69474450317314,21.706304940195974,0 78.70110410556583,21.697997951829006,0 78.7053444663206,21.69436089730745,0 78.70772079860629,21.69274314274396,0 78.71009270129935,21.691933582957844,0 78.71081257613372,21.691933305002493,0 78.71189505772918,21.692203677675298,0 78.71405128480397,21.6943565360695,0 78.71513443474599,21.695701608210065,0 78.71801080884474,21.697921761029292,0 78.71927174975455,21.698774906549122,0 78.72089197904876,21.69987094426743,0 78.72333812570338,21.70161703306079,0 78.7256428353115,21.701417045394837,0 78.72684096781325,21.70114536209621,0 78.7272466200461,21.700860622705804,0 78.72794235355555,21.70065251451218,0 78.72844465103825,21.700435406805845,0 78.72923192557009,21.69991559995829,0 78.72958450803092,21.69964899771632,0 78.7302798085524,21.699066008499848,0 78.7306323200463,21.69878587399545,0 78.73125526037332,21.698230065466728,0 78.73162713864645,21.697963345754598,0 78.73214372024044,21.69741667033771,0 78.7324913844251,21.697086791256844,0 78.73302245764128,21.696517501190513,0 78.73336530595768,21.696237279929846,0 78.73299788602331,21.695980167001252,0 78.73283351229263,21.69585830740389,0 78.73315705401693,21.695537519425162,0 78.73363520388648,21.695288807984095,0 78.73404566929263,21.694981451292225,0 78.73465423927004,21.69464694999017,0 78.73519036011982,21.69445237810343,0 78.73564930490689,21.694285044301076,0 78.73612748082758,21.69406347560102,0 78.73655739206465,21.693986367065968,0 78.73695837395636,21.693814492844176,0 78.7374075055473,21.693601973141124,0 78.73800180937968,21.693624165905725,0 78.73925826589961,21.69381296703112,0 78.74001698029362,21.69394338308801,0 78.74010890489663,21.69419624107673,0 78.73983890276327,21.694882785875613,0 78.73932280446287,21.69602110374318,0 78.73984991071877,21.696562643701615,0 78.74065273149492,21.69747877720734,0 78.74186171654362,21.69869263565112,0 78.74277074962741,21.699513835960193,0 78.74382954534377,21.700267252815433,0 78.74494634258308,21.70104314279898,0 78.74564262945475,21.701611566973103,0 78.74552774570972,21.70282642218636,0 78.74543254854412,21.70464180177947,0 78.74522645345834,21.706673927429296,0 78.74513576763209,21.708015170493315,0 78.74509333211641,21.709243518060536,0 78.74523952484405,21.710697458880638,0 78.74548197385104,21.711776503789146,0 78.74568115999392,21.71301358566304,0 78.74620892201997,21.714209870558527,0 78.74683808587531,21.71532931796879,0 78.74736574908667,21.716475898180732,0 78.74865680332141,21.713898341338748,0 78.74941609443387,21.71359742640606,0 78.74993320064401,21.713575212517817,0 78.75192505937802,21.712980603115874,0 78.75365584792749,21.712453387089234,0 78.75496120244327,21.71197113822386,0 78.7552945744317,21.712057188040614,0 78.75653121681138,21.712852945898415,0 78.7576279995862,21.71333700534342,0 78.75804840125768,21.71342763282803,0 78.75878783241583,21.71355917615311,0 78.75942588599919,21.713537006491475,0 78.76060532276327,21.71336172216339,0 78.76224394416462,21.71316406426577,0 78.76315268260097,21.71309698006368,0 78.76421101029507,21.713210591127886,0 78.76471832307199,21.71345478742886,0 78.76531993380092,21.71393666077109,0 78.76651971650787,21.71538458285872,0 78.7664859039206,21.715429680228347,0 78.76635519725012,21.715619312355575,0 78.76623908281313,21.715817899086154,0 78.7661374591,21.71602562398645,0 78.76605031443256,21.716233283491135,0 78.76596312574775,21.716445544452398,0 78.76588076460924,21.716657753357882,0 78.76580332713677,21.716870002009042,0 78.76572584744352,21.717086761116317,0 78.76563377731344,21.717294379865233,0 78.76551283173681,21.717493111164746,0 78.76533384600974,21.717642033650534,0 78.76513556986022,21.717768340487872,0 78.76492288473356,21.717876581704708,0 78.76470042144504,21.71796679573115,0 78.76446840457345,21.71802526928511,0 78.76422667871029,21.718047767902103,0 78.76398502561062,21.71805204329822,0 78.76374342910488,21.718029351900974,0 78.76350653258464,21.71798856662997,0 78.76326973667577,21.717947690381475,0 78.76303298119107,21.717902396012807,0 78.76279612778997,21.717857100795335,0 78.76255941632274,21.717807203851013,0 78.76232256381996,21.717761907769056,0 78.76208580923358,21.7177166116728,0 78.76184898368028,21.71768935439199,0 78.7616072757834,21.717689115710304,0 78.7613703612969,21.717734107204,0 78.76114799412808,21.717824316312516,0 78.76093526318735,21.71793706071892,0 78.76073698164794,21.718063454090334,0 78.76055320610374,21.718207821855145,0 78.76039833026056,21.71837930308812,0 78.76027737659913,21.71857793775049,0 78.76021919181987,21.71879476021319,0 78.76020455736555,21.7190205011177,0 78.7602333582519,21.719246415252716,0 78.76027185555341,21.719467715689866,0 78.76031517950294,21.719689055844434,0 78.76039715616248,21.71990592753911,0 78.76050816457541,21.7201047236626,0 78.76062886760687,21.720298997159418,0 78.76074470266782,21.720497831962753,0 78.76084611437855,21.720701150442103,0 78.76093778924995,21.720913408148594,0 78.76103427639629,21.72111677778141,0 78.76114041683866,21.72132004281037,0 78.76124665609576,21.72152340018482,0 78.76135279833477,21.721726665473618,0 78.76145416962133,21.721934492833093,0 78.76153619209498,21.722146855538597,0 78.76151184954739,21.722368190735622,0 78.76140050516456,21.722571323810335,0 78.76128427664155,21.722769998582066,0 78.76115853675628,21.722964085718544,0 78.76103264236077,21.72315366117971,0 78.76089719258562,21.72334325057776,0 78.76074240837056,21.723514824161025,0 78.76056336694795,21.723668251809322,0 78.7603602928965,21.723790003573452,0 78.76013307482516,21.72387115188688,0 78.75989617830497,21.72390261145004,0 78.75965449825586,21.723929521229554,0 78.75941274813817,21.72394290017654,0 78.75917113905597,21.72395177023744,0 78.75892943115912,21.7239606394633,0 78.75868772416057,21.723969507854093,0 78.75844605938283,21.723973866525693,0 78.75820433801123,21.723973714643954,0 78.75796265975876,21.723969052208922,0 78.75772582342569,21.723941788602385,0 78.75748419098731,21.723900954937065,0 78.75725222801464,21.72383755929463,0 78.7570154653434,21.72379216330085,0 78.75677853917881,21.72383714787838,0 78.75654649445943,21.72388668138562,0 78.75630957997292,21.723940776335567,0 78.75607754962664,21.723999237446584,0 78.75585512496565,21.724093948168044,0 78.75565682995152,21.72422024349785,0 78.75546337416179,21.724355598187163,0 78.75527479981737,21.724495502508045,0 78.75508608353914,21.724639915556235,0 78.75490229272357,21.724784276719767,0 78.75471850100969,21.72492873036888,0 78.75454443176213,21.72508660944595,0 78.75438959454652,21.725262686454986,0 78.75425407739769,21.72544775922752,0 78.75411373360086,21.725632792540107,0 78.753983096999,21.725822415387825,0 78.75385236248074,21.726012037150955,0 78.75374104594567,21.726210655429902,0 78.7536490476808,21.72641836114797,0 78.75358607847433,21.72663956042301,0 78.75352787932201,21.726856381580223,0 78.75347929124493,21.72707760855427,0 78.75343080018588,21.72729892781701,0 78.75338231002516,21.727520154944653,0 78.7533385476978,21.72774142178755,0 78.75327075004665,21.727962673269108,0 78.75318357663319,21.728170419015193,0 78.75312054993452,21.7283871076835,0 78.75307684330268,21.728612885268955,0 78.75304283128942,21.72883423220982,0 78.75301360370331,21.72906003663113,0 78.75299412822795,21.729285830683956,0 78.75296011621468,21.729507085630132,0 78.75289226196969,21.729723827359567,0 78.75279055022163,21.729927034325474,0 78.7526840127239,21.730130201783627,0 78.75256786415092,21.73032878015987,0 78.75241784549848,21.730504804018402,0 78.75223888312755,21.730658222538935,0 78.75204537164231,21.730798082341224,0 78.7518519023779,21.730933432507076,0 78.75166325886319,21.731068823434686,0 78.75146500517155,21.73119962379891,0 78.75126191045885,21.731321455970672,0 78.75104425405539,21.731420617113358,0 78.75081222011585,21.731488182603396,0 78.75057527778152,21.73153315642836,0 78.75033840821081,21.731560091482798,0 78.75009666797457,21.731591587749232,0 78.74985501487494,21.73161397242467,0 78.74961808871033,21.73163639631671,0 78.74937633679603,21.731658779316213,0 78.74913462710252,21.731676652835166,0 78.74865658862407,21.731685198644552,0 78.74796745234208,21.73074040089141,0 78.74754187996781,21.730442707231077,0 78.74665708971858,21.72994662124776,0 78.74544881344062,21.729915853122336,0 78.74456407259878,21.729519157258167,0 78.74395988370497,21.72948347143324,0 78.7432352037821,21.72983168322699,0 78.74235115374474,21.73022964162944,0 78.74185380238599,21.73085770225328,0 78.74110986797332,21.73129170786486,0 78.74107623504909,21.73155364519491,0 78.74125553338993,21.732149622273077,0 78.74178769895748,21.73271366444193,0 78.74260003468913,21.73324598987162,0 78.74283250790486,21.733855387190584,0 78.74272672948355,21.734451560835275,0 78.74247563149702,21.734781356752052,0 78.74240859471894,21.7355807080058,0 78.74205137695124,21.7360776807513,0 78.74106126821816,21.736940834410436,0 78.74088296790559,21.737568614543797,0 78.7410621404823,21.738065190734485,0 78.74138129303812,21.738263717260725,0 78.74198577747764,21.738561267888763,0 78.74201978679598,21.7387960671927,0 78.74177342742257,21.738958851661284,0 78.7414882796935,21.73899512590852,0 78.74085017400786,21.73889618944639,0 78.7398930478187,21.738698216186247,0 78.73907634268151,21.738897457777398,0 78.73843401760897,21.739516564696967,0 78.73826540832174,21.740221093619695,0 78.7378114923036,21.740772287459443,0 78.73689348684677,21.74118834073225,0 78.73595148469374,21.741753383765417,0 78.73527992844184,21.74215124741085,0 78.73427010258656,21.742617044026776,0 78.73312013954697,21.74312804379639,0 78.73196063550071,21.74385128894943,0 78.73109077614986,21.744082162108985,0 78.73066548225331,21.744163623547205,0 78.7301532152676,21.744182039538128,0 78.7295486553696,21.74366768755836,0 78.72887645682228,21.74322105558514,0 78.72835421853691,21.74286459642883,0 78.72821388012996,21.74266598697805,0 78.7281074423452,21.74243572650115,0 78.7280539099408,21.74197065940654,0 78.72815970004022,21.74120744132477,0 78.7278836926692,21.740521258600936,0 78.72740486636822,21.740088034342957,0 78.72691162659856,21.739627720038456,0 78.72632657810853,21.73933008901059,0 78.72589139645564,21.739172334886852,0 78.72525360158708,21.73943909835483,0 78.72479487329399,21.740085105523846,0 78.72458273434302,21.740780599091114,0 78.72426432828719,21.741625217233636,0 78.72438071042214,21.742180648657794,0 78.724255412508,21.742677428358437,0 78.72393669204182,21.74310657792425,0 78.72347769335582,21.74334162345874,0 78.72299924075402,21.743540607456072,0 78.72247734113353,21.743617729482427,0 78.7213799969117,21.743482876884574,0 78.72079518018698,21.743465117478234,0 78.72019114670175,21.74365060070181,0 78.71969365430749,21.74416566031202,0 78.71948144798289,21.744874769786424,0 78.71960765858536,21.74567391887203,0 78.72009610943626,21.74621107160683,0 78.72046874858243,21.74682492043973,0 78.72078813739515,21.74735308761283,0 78.72122826068039,21.74783598292555,0 78.72167825824724,21.748458953686793,0 78.72185737333177,21.748955555648028,0 78.72187730784623,21.749763834181238,0 78.72157157612074,21.750577633300484,0 78.7215399706941,21.75131607795646,0 78.72134706377503,21.751975471461922,0 78.72096071004945,21.75255820948723,0 78.72043413379957,21.75304173391626,0 78.71996085459551,21.753565746559076,0 78.71955034068031,21.754139533174218,0 78.71913986808768,21.75470871696528,0 78.7188792353827,21.755350044937973,0 78.71846387325994,21.755914768610996,0 78.71844979126958,21.7565920639797,0 78.71803440399397,21.757098064825247,0 78.71782213748223,21.757739435521074,0 78.71763889194405,21.758385286960795,0 78.71783267831377,21.759044472795235,0 78.71747052699854,21.75962713457345,0 78.71713248916052,21.76023245953482,0 78.71675100879531,21.76080611938884,0 78.71621466336673,21.761276018646562,0 78.71605554657708,21.76188120900706,0 78.71665526994563,21.762278319420417,0 78.71728387055725,21.76263462359771,0 78.71777215252487,21.762729255457124,0 78.71780491947318,21.762824796629513,0 78.7180433988249,21.763519339111646,0 78.71836322062563,21.76468416428396,0 78.7187939529229,21.765519322998188,0 78.71897343990992,21.766404255992057,0 78.71875614732417,21.766801772691284,0 78.71829239205874,21.7673033159487,0 78.71704566878493,21.76813938711451,0 78.71647565629614,21.768704081324554,0 78.71547531575195,21.769341405760112,0 78.71507917667793,21.76970738804549,0 78.71501179943837,21.770240190364635,0 78.7142976504656,21.77239457572216,0 78.71247545653932,21.7730322299684,0 78.71183264188493,21.77329899309583,0 78.7090145172442,21.773833285349617,0 78.70837146363795,21.773801910133468,0 78.70637001898153,21.773703559089025,0 78.70401529926328,21.77303636524616,0 78.70215854535137,21.772535970747278,0 78.70144317646647,21.772604083338432,0 78.7019804947705,21.773953986851694,0 78.70259023615105,21.775055541971817,0 78.70326780482715,21.77645506375886,0 78.70416301373703,21.777990007004608,0 78.70541167198195,21.780441403610435,0 78.70601657323975,21.781339678212696,0 78.7063021898894,21.782007866973842,0 78.70673298686535,21.78287463924458,0 78.70719733052731,21.783276336206544,0 78.70780657064793,21.783343782199964,0 78.70862346173638,21.78310853189872,0 78.70916013055847,21.783139915088814,0 78.70990945576116,21.78294080330416,0 78.71140812143786,21.78287235527974,0 78.71258758155814,21.7825736377254,0 78.71263905143067,21.782590829225317,0 78.71297930181925,21.782704462076694,0 78.71373388486128,21.783236923320562,0 78.71498187565793,21.784306417769823,0 78.71609051439783,21.786590771165933,0 78.71666170278137,21.78769222253807,0 78.71691366135394,21.788595181280076,0 78.71691414195261,21.789263500548678,0 78.71688066623354,21.789927389964436,0 78.71655726644306,21.790731291257572,0 78.7159872395812,21.79149931076914,0 78.714417062618,21.793450836329736,0 78.71377454710259,21.79428210824311,0 78.71334964756649,21.795253114785634,0 78.71313248523643,21.795953174581125,0 78.71306511248845,21.796553818773628,0 78.71338458933609,21.7971226073977,0 78.71531560607421,21.799939285821036,0 78.7163124440871,21.80113991438205,0 78.71734782880887,21.802037952497816,0 78.71913778848779,21.8033736192908,0 78.72095663618964,21.80443826110071,0 78.72499582911797,21.80685630188744,0 78.72713879975412,21.80795683934011,0 78.73031677692128,21.809390797570774,0 78.73253237814475,21.81049122713822,0 78.73467548532483,21.811754208337547,0 78.73703579256417,21.812389313905808,0 78.7383952391348,21.81308835253206,0 78.74000109628277,21.8136562540073,0 78.74407427966484,21.81541900428186,0 78.74865591668424,21.81729429496449,0 78.74884907692822,21.81810707453023,0 78.74897975844586,21.817985281859027,0 78.74905245461022,21.817845335246716,0 78.74948748085454,21.818008272693852,0 78.7503528558155,21.818370184375237,0 78.75109262653682,21.818537760572372,0 78.75165337470008,21.818727872782112,0 78.75217576929235,21.81866960954882,0 78.75228685316372,21.8188367592401,0 78.75255244007748,21.819238793194923,0 78.7529483617592,21.819930000873196,0 78.75300149710823,21.820002325768503,0 78.75302567346749,21.82002038259338,0 78.75303536898433,21.82007909394512,0 78.75304495670338,21.820097121571862,0 78.75310772828047,21.820255218682288,0 78.75311721448988,21.820408825609135,0 78.75309777674374,21.82056679478034,0 78.75307352582433,21.820702266244634,0 78.7530443719001,21.820855736757515,0 78.75302490720453,21.8209957579834,0 78.75296184367497,21.82114922401175,0 78.75289887896007,21.821302691543412,0 78.75282621064348,21.82146068057658,0 78.75276324503025,21.821614147774206,0 78.75269055066254,21.821754096538594,0 78.75254520863945,21.822101737466795,0 78.75248212714358,21.822277754637664,0 78.75237560042561,21.822471819768086,0 78.7523222045651,21.822665958022174,0 78.75226407637972,21.822860147717073,0 78.75220099488384,21.8230361647889,0 78.7521766783874,21.823230358985022,0 78.75215719213227,21.823424501213506,0 78.75211828609731,21.823618666528752,0 78.75209407111049,21.823677282169434,0 78.75201173153157,21.823794691840735,0 78.75184714130688,21.823988736567237,0 78.75174065411478,21.82407446738263,0 78.75165364688964,21.824133022793454,0 78.75157129742922,21.824209749559152,0 78.75151804979077,21.824336144402867,0 78.75145982189234,21.824530241766535,0 78.75142574430205,21.824724446443717,0 78.75142547570579,21.825054052321118,0 78.7514348918466,21.825401777797165,0 78.75182651688628,21.825560115054078,0 78.75436447675284,21.82668637015288,0 78.75756976000969,21.828115661812863,0 78.75994390849094,21.82863215755697,0 78.76254611856157,21.828286291209228,0 78.76462171824633,21.82723552214329,0 78.76606365710948,21.826202457828554,0 78.76644075369609,21.826387882401722,0 78.76716610016888,21.826460549275165,0 78.77064775012288,21.82702284047293,0 78.77212239035731,21.82756107359047,0 78.77394992297134,21.828388602537053,0 78.7750107695415,21.832959000360265,0 78.77611068743661,21.836983069000894,0 78.77700874400594,21.839322751441365,0 78.77881114804649,21.84166736772206,0 78.78061339757684,21.84456745053237,0 78.78214077879991,21.846207509285318,0 78.78113484534475,21.84594054927336,0 78.77777325972005,21.845884335779857,0 78.77508378460777,21.846262068385847,0 78.77318750751834,21.846446015297865,0 78.77224907976183,21.846585369442607,0 78.77170743786633,21.846476670036232,0 78.77114165464586,21.846250508535384,0 78.77012158530141,21.845662861837763,0 78.76944937148274,21.84552694875157,0 78.76853029882734,21.845557917198693,0 78.76738870179797,21.845746849511666,0 78.76698240547304,21.845683330127372,0 78.76621356347252,21.84541185906708,0 78.76475349121706,21.844521338150088,0 78.76418311580886,21.844082950007802,0 78.76243284819077,21.84327341985521,0 78.76044062563909,21.842603720092825,0 78.7580230768515,21.84164469254235,0 78.75485113905803,21.840427747876287,0 78.75398100661931,21.83988522888005,0 78.7533382252026,21.839342836236916,0 78.75304841072563,21.838850396461353,0 78.75319467891178,21.83749137929152,0 78.75326281073617,21.836949527078964,0 78.75289076537642,21.836583519783918,0 78.7520206976164,21.836027460108003,0 78.75165317347748,21.83592326054029,0 78.7507539895225,21.835475564265703,0 78.75022679074013,21.835461621186763,0 78.7499364678167,21.835605839971112,0 78.7496799098699,21.835890152812826,0 78.74983437069142,21.836224449283357,0 78.75000287846905,21.83711416301399,0 78.7497121027947,21.837813863831382,0 78.74913592247317,21.83848164900221,0 78.74865575768241,21.838838845183794,0 78.74831205057664,21.85105893707606,0 78.74810439601556,21.851464050452975,0 78.74752417597018,21.851730854236095,0 78.74684727204739,21.851993262719727,0 78.74639308114479,21.85259873098918,0 78.74621432358978,21.852919401356033,0 78.74614690143446,21.853289780757923,0 78.7459558594179,21.856098598511796,0 78.74602411700646,21.85675784076659,0 78.74483968021953,21.85755797917724,0 78.74454953875579,21.85769814121347,0 78.74184631313146,21.85865284734613,0 78.74175384774263,21.85872258226287,0 78.74140620871084,21.85884274447722,0 78.7404632759032,21.859254318846105,0 78.7322711211107,21.862203999797387,0 78.7318650718225,21.862520349999613,0 78.73088816293414,21.862931856244124,0 78.7301822560041,21.863451583503018,0 78.7293409235534,21.86398498571834,0 78.72903629765405,21.864079985794437,0 78.72856211564311,21.864017078993776,0 78.7280250713252,21.863796150056878,0 78.727516828792,21.863421654394067,0 78.72700856469919,21.86294783922257,0 78.72650498981216,21.862315928700742,0 78.7255612215713,21.86162562125248,0 78.72457852304098,21.860619263562533,0 78.72262357428536,21.859545663809072,0 78.72242028733321,21.85945097503133,0 78.72120581627306,21.858982016497418,0 78.71978832595867,21.858635125557495,0 78.717935410548,21.85836975201484,0 78.71678931565397,21.85880844565639,0 78.71422590202386,21.859347160215176,0 78.7131132864422,21.859284464763828,0 78.71118800993872,21.859380313365985,0 78.70815502085846,21.859255405193093,0 78.69999433225372,21.859056023279443,0 78.69810287732071,21.858772400995957,0 78.69705782133663,21.85852000474503,0 78.69091915868975,21.858129663469693,0 78.69014524929271,21.858256315129907,0 78.689976678633,21.859737518172473,0 78.6899440167876,21.862541677928547,0 78.69048170789247,21.864018066927965,0 78.69253868100985,21.86636541262836,0 78.69345334473381,21.8671823325688,0 78.69439681293738,21.86740322375248,0 78.69648689615947,21.867844903385908,0 78.697062563543,21.867876296338512,0 78.69824316093043,21.86825053605018,0 78.69945765714341,21.86878733505683,0 78.69996096433248,21.869166486863023,0 78.70053704404273,21.870015145901096,0 78.70198930904004,21.871761985434404,0 78.7033734413147,21.87283150348814,0 78.70610304057745,21.87462748402016,0 78.70728398920613,21.87569706479699,0 78.70954399684906,21.876879059385345,0 78.71055535702686,21.87731655492365,0 78.71136834403708,21.877568992970254,0 78.71217134357798,21.87759288203375,0 78.7124132787486,21.877600102853986,0 78.71436774241396,21.877440972963882,0 78.71403022919202,21.879301570333652,0 78.71413306293586,21.881220600434276,0 78.71362742012704,21.885144921721434,0 78.71339598177052,21.88634166973582,0 78.71474107326289,21.886435798855008,0 78.71697157574032,21.886624251961845,0 78.71842298464315,21.8865466659613,0 78.71936616987739,21.886166887643697,0 78.72071564963993,21.885597160337863,0 78.72176045858735,21.885221727423907,0 78.72294080175153,21.884873392308858,0 78.72364721443309,21.884936165713732,0 78.72817036034772,21.884269678892714,0 78.72914787470053,21.88459870227945,0 78.73178093471465,21.88601491518282,0 78.73484954469093,21.887557252051245,0 78.73727891890087,21.888341326039328,0 78.73956316129355,21.888990036636926,0 78.74105850679697,21.889413424686612,0 78.74665996073425,21.892888273849252,0 78.74672752482341,21.893301848861203,0 78.7453449223797,21.894752329706346,0 78.74500644526549,21.895019025905334,0 78.74632484960739,21.897727427223572,0 78.74703752713972,21.899397651982177,0 78.74720291057679,21.90040445547284,0 78.74676733725848,21.901460850644117,0 78.74582010511386,21.901651797666702,0 78.74315390085901,21.90162205160202,0 78.73978119319281,21.901497989716674,0 78.73829590073574,21.901688626635128,0 78.73485743998394,21.904206121234147,0 78.73478010042787,21.904237781227874,0 78.7347766347275,21.90423913310763,0 78.73350781649098,21.904726274053342,0 78.73286857713144,21.904099032624206,0 78.73225810721716,21.903056344280373,0 78.73144932791574,21.902081481708247,0 78.73047121348829,21.901075090969805,0 78.72989523259274,21.900917442536066,0 78.72837615000624,21.901266109355234,0 78.72760220377828,21.901578156370945,0 78.72691037973692,21.90170044787598,0 78.7264895289078,21.901922041576036,0 78.72593319596413,21.902139084147322,0 78.72534300641574,21.902297480524663,0 78.72503825744718,21.902487282898733,0 78.72483519058224,21.902708688677244,0 78.7247191965195,21.902911961086115,0 78.72470009653995,21.903182878550687,0 78.72455037073826,21.90367065987685,0 78.72443466233979,21.904190025359288,0 78.72453344647832,21.9071747622229,0 78.72443744621886,21.908245015672545,0 78.72474354445696,21.909992367072007,0 78.7247778358463,21.910687708560427,0</coordinates>
          </LinearRing>
        </outerBoundaryIs>
      </Polygon>
    </Placemark>
  </Document>
</kml>
